State,Date,Category,Total,week_start,lag_1,lag_7,lag_30,rolling_mean_7,rolling_std_7,month,week_of_year,quarter,is_holiday
Alabama,2020-05-03,Beverages,128066131,2020-05-03,118114595.0,132632134.0,129106730.0,121865237.0,5643463.298381996,5,18,2,False
Alabama,2020-05-10,Beverages,127906087,2020-05-10,128066131.0,127145065.0,123782286.0,121212950.85714285,4511689.909981068,5,19,2,False
Alabama,2020-05-17,Beverages,130340051,2020-05-17,127906087.0,116657084.0,116218909.0,121321668.28571428,4660054.839879393,5,20,2,False
Alabama,2020-05-24,Beverages,134708619,2020-05-24,130340051.0,123259529.0,109968011.0,123276377.85714285,5138641.168874144,5,21,2,False
Alabama,2020-05-31,Beverages,129887877,2020-05-31,134708619.0,117506179.0,112189104.0,124911962.14285715,6511630.621015843,5,22,2,False
Alabama,2020-06-07,Beverages,132304541,2020-06-07,129887877.0,117742073.0,110932913.0,126680776.14285715,5913936.534663507,6,23,2,False
Alabama,2020-06-14,Beverages,131401893,2020-06-14,132304541.0,118114595.0,109056410.0,128761128.71428572,4873452.382835572,6,24,2,False
Alabama,2020-06-21,Beverages,133712552,2020-06-21,131401893.0,128066131.0,113040422.0,130659314.14285715,2225083.2192769824,6,25,2,False
Alabama,2020-06-28,Beverages,132320128,2020-06-28,133712552.0,127906087.0,109574036.0,131465945.71428572,2161350.38756101,6,26,2,False
Alabama,2020-07-05,Beverages,138414683,2020-07-05,132320128.0,130340051.0,108083724.0,132096523.0,1602394.9844534763,7,27,3,False
Alabama,2020-07-12,Beverages,129799793,2020-07-12,138414683.0,134708619.0,108528456.0,133250041.85714285,2549324.824501543,7,28,3,False
Alabama,2020-07-19,Beverages,133548791,2020-07-19,129799793.0,129887877.0,116541575.0,132548781.0,2721024.0139635378,7,29,3,False
Alabama,2020-07-26,Beverages,132657649,2020-07-26,133548791.0,132304541.0,106949922.0,133071768.71428572,2502364.557481904,7,30,3,False
Alabama,2020-08-02,Beverages,131945461,2020-08-02,132657649.0,131401893.0,104239954.0,133122212.71428572,2489918.0491973525,8,31,3,False
Alabama,2020-08-09,Beverages,137744835,2020-08-09,131945461.0,133712552.0,108717628.0,133199865.28571428,2443091.673234647,8,32,3,False
Alabama,2020-08-16,Beverages,137880677,2020-08-16,137744835.0,132320128.0,105904866.0,133775905.71428572,2924087.7081854157,8,33,3,False
Alabama,2020-08-23,Beverages,131642695,2020-08-23,137880677.0,138414683.0,106265737.0,134570269.85714287,3165997.479706167,8,34,3,False
Alabama,2020-08-30,Beverages,128713002,2020-08-30,131642695.0,129799793.0,108358280.0,133602843.0,2863677.9386529652,8,35,3,False
Alabama,2020-09-06,Beverages,137905687,2020-09-06,128713002.0,133548791.0,109022482.0,133447587.14285715,3086449.2865435146,9,36,3,False
Alabama,2020-09-13,Beverages,134469488,2020-09-13,137905687.0,132657649.0,107397612.0,134070000.85714285,3460714.3086419646,9,37,3,False
Alabama,2020-09-20,Beverages,129079260,2020-09-20,134469488.0,131945461.0,107801054.0,134328835.0,3412826.459458235,9,38,3,False
Alabama,2020-09-27,Beverages,127614100,2020-09-27,129079260.0,137744835.0,116651493.0,133919377.71428572,3821661.3865031684,9,39,3,False
Alabama,2020-10-04,Beverages,133713630,2020-10-04,127614100.0,137880677.0,119441834.0,132472129.85714285,4012416.253884171,10,40,4,False
Alabama,2020-10-11,Beverages,128170886,2020-10-11,133713630.0,131642695.0,132632134.0,131876837.42857143,3433130.979163444,10,41,4,False
Alabama,2020-10-18,Beverages,122464550,2020-10-18,128170886.0,128713002.0,127145065.0,131380864.71428572,3673496.7580826087,10,42,4,False
Alabama,2020-10-25,Beverages,121301025,2020-10-25,122464550.0,137905687.0,116657084.0,130488228.71428572,4799815.955458892,10,43,4,False
Alabama,2020-11-01,Beverages,120522114,2020-11-01,121301025.0,134469488.0,123259529.0,128116134.14285715,4648591.622674738,11,44,4,False
Alabama,2020-11-08,Beverages,120902500,2020-11-08,120522114.0,129079260.0,117506179.0,126123652.14285715,4484576.322950743,11,45,4,False
Alabama,2020-11-15,Beverages,117987142,2020-11-15,120902500.0,127614100.0,117742073.0,124955543.57142857,4625294.462066112,11,46,4,False
Alabama,2020-11-22,Beverages,124645965,2020-11-22,117987142.0,133713630.0,118114595.0,123580263.85714285,5042737.070775944,11,47,4,False
Alabama,2020-11-29,Beverages,118491656,2020-11-29,124645965.0,128170886.0,128066131.0,122284883.14285715,3040416.1212130655,11,48,4,False
Alabama,2020-12-06,Beverages,116104621,2020-12-06,118491656.0,122464550.0,127906087.0,120902136.0,2106741.7709542317,12,49,4,False
Alabama,2020-12-13,Beverages,116502691,2020-12-13,116104621.0,121301025.0,130340051.0,119993574.71428572,2559719.6728470437,12,50,4,False
Alabama,2020-12-20,Beverages,122244236,2020-12-20,116502691.0,120522114.0,134708619.0,119308098.42857143,2752994.533595209,12,51,4,False
Alabama,2020-12-27,Beverages,115522663,2020-12-27,122244236.0,120902500.0,129887877.0,119554115.85714285,2922236.186763065,12,52,4,False
Alabama,2021-01-03,Beverages,115331048,2021-01-03,115522663.0,117987142.0,132304541.0,118785567.71428572,3163995.189765748,1,53,1,False
Alabama,2021-01-10,Beverages,117780959,2021-01-10,115331048.0,124645965.0,131401893.0,118406125.71428572,3388308.6413142476,1,1,1,False
Alabama,2021-01-17,Beverages,115816664,2021-01-17,117780959.0,118491656.0,133712552.0,117425410.57142857,2238847.6599337603,1,2,1,False
Alabama,2021-01-24,Beverages,113870548,2021-01-24,115816664.0,116104621.0,132320128.0,117043268.85714285,2252491.7028320096,1,3,1,False
Alabama,2021-01-31,Beverages,115802738,2021-01-31,113870548.0,116502691.0,138414683.0,116724115.57142857,2506794.1450171033,1,4,1,False
Alabama,2021-02-07,Beverages,117468184,2021-02-07,115802738.0,122244236.0,129799793.0,116624122.28571428,2527506.8287721216,2,5,1,False
Alabama,2021-02-14,Beverages,115644582,2021-02-14,117468184.0,115522663.0,133548791.0,115941829.14285715,1229757.8084972377,2,6,1,False
Alabama,2021-02-21,Beverages,112186375,2021-02-21,115644582.0,115331048.0,132657649.0,115959246.14285715,1224550.1808719977,2,7,1,False
Alabama,2021-02-28,Beverages,124158003,2021-02-28,112186375.0,117780959.0,131945461.0,115510007.14285715,1809651.7430703791,2,8,1,False
Alabama,2021-03-07,Beverages,126283023,2021-03-07,124158003.0,115816664.0,137744835.0,116421013.42857143,3520246.7214226066,3,9,1,False
Alabama,2021-03-14,Beverages,143739698,2021-03-14,126283023.0,113870548.0,137880677.0,117916207.57142857,4898829.52112178,3,10,1,False
Alabama,2021-03-21,Beverages,138119750,2021-03-21,143739698.0,115802738.0,131642695.0,122183229.0,9935669.56678607,3,11,1,False
Alabama,2021-03-28,Beverages,124801756,2021-03-28,138119750.0,117468184.0,128713002.0,125371373.57142857,10909595.27667905,3,12,1,False
Alabama,2021-04-04,Beverages,131843895,2021-04-04,124801756.0,115644582.0,137905687.0,126419026.71428572,10442467.570510458,4,13,2,False
Alabama,2021-04-11,Beverages,126097509,2021-04-11,131843895.0,112186375.0,134469488.0,128733214.28571428,9555613.091895299,4,14,2,False
Alabama,2021-04-18,Beverages,126192682,2021-04-18,126097509.0,124158003.0,129079260.0,130720519.14285715,7017036.19540457,4,15,2,False
Alabama,2021-04-25,Beverages,127348328,2021-04-25,126192682.0,126283023.0,127614100.0,131011187.57142857,6777218.697252518,4,16,2,False
Alabama,2021-05-02,Beverages,134697460,2021-05-02,127348328.0,143739698.0,133713630.0,131163374.0,6680608.697191426,5,17,2,False
Alabama,2021-05-09,Beverages,136554064,2021-05-09,134697460.0,138119750.0,128170886.0,129871625.71428572,4706519.354224485,5,18,2,False
Alabama,2021-05-16,Beverages,135462842,2021-05-16,136554064.0,124801756.0,122464550.0,129647956.28571428,4331487.737465132,5,19,2,False
Alabama,2021-05-23,Beverages,140446890,2021-05-23,135462842.0,131843895.0,121301025.0,131170968.57142857,4232911.457387308,5,20,2,False
Alabama,2021-05-30,Beverages,139935911,2021-05-30,140446890.0,126097509.0,120522114.0,132399967.85714285,5351095.875790592,5,21,2,False
Alabama,2021-06-06,Beverages,140893518,2021-06-06,139935911.0,126192682.0,120902500.0,134376882.42857143,5211960.178976146,6,22,2,False
Alabama,2021-06-13,Beverages,137083192,2021-06-13,140893518.0,127348328.0,117987142.0,136477001.85714287,4387703.492498219,6,23,2,False
Alabama,2021-06-20,Beverages,144489981,2021-06-20,137083192.0,134697460.0,124645965.0,137867696.7142857,2337891.2465845067,6,24,2,False
Alabama,2021-06-27,Beverages,140720826,2021-06-27,144489981.0,136554064.0,118491656.0,139266628.2857143,2887542.9473968814,6,25,2,False
Alabama,2021-07-04,Beverages,150209239,2021-07-04,140720826.0,135462842.0,116104621.0,139861880.0,2689709.0569165,7,26,3,False
Alabama,2021-07-11,Beverages,137692247,2021-07-11,150209239.0,140446890.0,116502691.0,141968508.14285713,3915041.9027041015,7,27,3,False
Alabama,2021-07-18,Beverages,143840884,2021-07-18,137692247.0,139935911.0,122244236.0,141574987.7142857,4177831.819681785,7,28,3,False
Alabama,2021-07-25,Beverages,143718288,2021-07-25,143840884.0,140893518.0,115522663.0,142132841.0,4182433.715270909,7,29,3,False
Alabama,2021-08-01,Beverages,146096098,2021-08-01,143718288.0,137083192.0,115331048.0,142536379.57142857,4179662.99939377,8,30,3,False
Alabama,2021-08-08,Beverages,151796623,2021-08-08,146096098.0,144489981.0,117780959.0,143823937.57142857,3657024.178549878,8,31,3,False
Alabama,2021-08-15,Beverages,149096388,2021-08-15,151796623.0,140720826.0,115816664.0,144867743.57142857,4615349.595677581,8,32,3,False
Alabama,2021-08-22,Beverages,142623393,2021-08-22,149096388.0,150209239.0,113870548.0,146064252.42857143,4468512.655631369,8,33,3,False
Alabama,2021-08-29,Beverages,140962323,2021-08-29,142623393.0,137692247.0,115802738.0,144980560.14285713,4246193.498952303,8,34,3,False
Alabama,2021-09-05,Beverages,148892734,2021-09-05,140962323.0,143840884.0,117468184.0,145447713.85714287,3539778.195882366,9,35,3,False
Alabama,2021-09-12,Beverages,142022733,2021-09-12,148892734.0,143718288.0,115644582.0,146169406.7142857,3651821.1751484396,9,36,3,False
Alabama,2021-09-19,Beverages,133797917,2021-09-19,142022733.0,146096098.0,112186375.0,145927184.57142857,3856845.5697561265,9,37,3,False
Alabama,2021-09-26,Beverages,133378009,2021-09-26,133797917.0,151796623.0,124158003.0,144170301.57142857,5727264.856877491,9,38,3,False
Alabama,2021-10-03,Beverages,203436378,2021-10-03,133378009.0,149096388.0,126283023.0,141539071.0,5848810.860350185,10,39,4,False
Alabama,2021-10-10,Beverages,198855812,2021-10-10,203436378.0,142623393.0,143739698.0,149301926.7142857,22651995.15365692,10,40,4,False
Alabama,2021-10-17,Beverages,195850755,2021-10-17,198855812.0,140962323.0,138119750.0,157335129.42857143,28160378.712155882,10,41,4,False
Alabama,2021-10-24,Beverages,189687422,2021-10-24,195850755.0,148892734.0,124801756.0,165176334.0,30085691.196453117,10,42,4,False
Alabama,2021-10-31,Beverages,189048085,2021-10-31,189687422.0,142022733.0,131843895.0,171004146.57142857,30317217.441551473,10,43,4,False
Alabama,2021-11-07,Beverages,184678477,2021-11-07,189048085.0,133797917.0,126097509.0,177722054.0,28293576.084818993,11,44,4,False
Alabama,2021-11-14,Beverages,184911321,2021-11-14,184678477.0,133378009.0,126192682.0,184990705.42857143,21885788.240322694,11,45,4,False
Alabama,2021-11-21,Beverages,190608741,2021-11-21,184911321.0,203436378.0,127348328.0,192352607.14285713,6651173.683813071,11,46,4,False
Alabama,2021-11-28,Beverages,177133617,2021-11-28,190608741.0,198855812.0,134697460.0,190520087.57142857,4874876.942895319,11,47,4,False
Alabama,2021-12-05,Beverages,180600248,2021-12-05,177133617.0,195850755.0,136554064.0,187416916.85714287,5459678.034662679,12,48,4,False
Alabama,2021-12-12,Beverages,182041354,2021-12-12,180600248.0,189687422.0,135462842.0,185238273.0,4640943.789320291,12,49,4,False
Alabama,2021-12-19,Beverages,189045387,2021-12-19,182041354.0,189048085.0,140446890.0,184145977.57142857,4356310.9218503535,12,50,4,False
Alabama,2021-12-26,Beverages,183210806,2021-12-26,189045387.0,184678477.0,139935911.0,184145592.14285713,4355877.284157279,12,51,4,False
Alabama,2022-01-02,Beverages,179002839,2022-01-02,183210806.0,184911321.0,140893518.0,183935924.85714287,4360501.358288909,1,52,1,False
Alabama,2022-01-09,Beverages,178676924,2022-01-09,179002839.0,190608741.0,137083192.0,183091856.0,4652105.167996985,1,1,1,False
Alabama,2022-01-16,Beverages,180918293,2022-01-16,178676924.0,177133617.0,144489981.0,181387310.7142857,3667313.5263290997,1,2,1,False
Alabama,2022-01-23,Beverages,177754219,2022-01-23,180918293.0,180600248.0,140720826.0,181927978.7142857,3256293.548117164,1,3,1,False
Alabama,2022-01-30,Beverages,179630073,2022-01-30,177754219.0,182041354.0,150209239.0,181521403.14285713,3560184.769212447,1,4,1,False
Alabama,2022-02-06,Beverages,184970125,2022-02-06,179630073.0,189045387.0,137692247.0,181176934.42857143,3609522.7046188144,2,5,1,False
Alabama,2022-02-13,Beverages,181195482,2022-02-13,184970125.0,183210806.0,143840884.0,180594754.14285713,2429103.0306015788,2,6,1,False
Alabama,2022-02-20,Beverages,178404182,2022-02-20,181195482.0,179002839.0,143718288.0,180306850.7142857,2211680.6370705385,2,7,1,False
Alabama,2022-02-27,Beverages,192108735,2022-02-27,178404182.0,178676924.0,146096098.0,180221328.2857143,2271224.3950142604,2,8,1,False
Alabama,2022-03-06,Beverages,197917628,2022-03-06,192108735.0,180918293.0,151796623.0,182140158.42857143,4617685.130339444,3,9,1,False
Alabama,2022-03-13,Beverages,194057784,2022-03-13,197917628.0,177754219.0,149096388.0,184568634.85714287,7125549.786744587,3,10,1,False
Alabama,2022-03-20,Beverages,194303303,2022-03-20,194057784.0,179630073.0,142623393.0,186897715.57142857,7181818.189103168,3,11,1,False
Alabama,2022-03-27,Beverages,195635389,2022-03-27,194303303.0,184970125.0,140962323.0,188993891.2857143,6890117.309278928,3,12,1,False
Alabama,2022-04-03,Beverages,200427370,2022-04-03,195635389.0,181195482.0,148892734.0,190517500.42857143,7010045.025072443,4,13,2,False
Alabama,2022-04-10,Beverages,202888791,2022-04-10,200427370.0,178404182.0,142022733.0,193264913.0,6573243.114012532,4,14,2,False
Alabama,2022-04-17,Beverages,199965775,2022-04-17,202888791.0,192108735.0,133797917.0,196762714.2857143,3557448.530206948,4,15,2,False
Alabama,2022-04-24,Beverages,197876829,2022-04-24,199965775.0,197917628.0,133378009.0,197885148.57142857,3125223.2830589092,4,16,2,False
Alabama,2022-05-01,Beverages,207976103,2022-05-01,197876829.0,194057784.0,203436378.0,197879320.14285713,3125195.319398812,5,17,2,False
Alabama,2022-05-08,Beverages,207537233,2022-05-08,207976103.0,194303303.0,198855812.0,199867651.42857143,4276757.399038651,5,18,2,False
Alabama,2022-05-15,Beverages,208193477,2022-05-15,207537233.0,195635389.0,195850755.0,201758212.85714287,4323945.410509421,5,19,2,False
Alabama,2022-05-22,Beverages,219547509,2022-05-22,208193477.0,200427370.0,189687422.0,203552225.42857143,4004815.1776347477,5,20,2,False
Alabama,2022-05-29,Beverages,212449962,2022-05-29,219547509.0,202888791.0,189048085.0,206283673.85714287,6613066.218851628,5,21,2,False
Alabama,2022-06-05,Beverages,209711182,2022-06-05,212449962.0,199965775.0,184678477.0,207649555.42857143,6756657.735483209,6,22,2,False
Alabama,2022-06-12,Beverages,209838488,2022-06-12,209711182.0,197876829.0,184911321.0,209041756.42857143,5990578.595427638,6,23,2,False
Alabama,2022-06-19,Beverages,220358695,2022-06-19,209838488.0,207976103.0,190608741.0,210750564.85714287,3905092.2130820057,6,24,2,False
Alabama,2022-06-26,Beverages,220100179,2022-06-26,220358695.0,207537233.0,177133617.0,212519506.57142857,4920259.271250322,6,25,2,False
Alabama,2022-07-03,Beverages,226966251,2022-07-03,220100179.0,208193477.0,180600248.0,214314213.14285713,5064715.502661768,7,26,3,False
Alabama,2022-07-10,Beverages,212433149,2022-07-10,226966251.0,219547509.0,182041354.0,216996038.0,5997913.457643751,7,27,3,False
Alabama,2022-07-17,Beverages,212769923,2022-07-17,212433149.0,212449962.0,189045387.0,215979700.85714287,6081636.579132672,7,28,3,False
Alabama,2022-07-24,Beverages,215436686,2022-07-24,212769923.0,209711182.0,183210806.0,216025409.57142857,6056084.506524476,7,29,3,False
Alabama,2022-07-31,Beverages,221654891,2022-07-31,215436686.0,209838488.0,179002839.0,216843338.7142857,5510084.07884751,7,30,3,False
Alabama,2022-08-07,Beverages,226809535,2022-08-07,221654891.0,220358695.0,178676924.0,218531396.2857143,4879454.29046722,8,31,3,False
Alabama,2022-08-14,Beverages,224323610,2022-08-14,226809535.0,220100179.0,180918293.0,219452944.85714287,5680886.711528198,8,32,3,False
Alabama,2022-08-21,Beverages,215153556,2022-08-21,224323610.0,226966251.0,177754219.0,220056292.14285713,5936131.352903111,8,33,3,False
Alabama,2022-08-28,Beverages,215670829,2022-08-28,215153556.0,212433149.0,179630073.0,218368764.2857143,5385411.86209925,8,34,3,False
Alabama,2022-09-04,Beverages,227759611,2022-09-04,215670829.0,212769923.0,184970125.0,218831290.0,4979507.178746899,9,35,3,False
Alabama,2022-09-11,Beverages,215165395,2022-09-11,227759611.0,215436686.0,181195482.0,220972674.0,5133148.715171958,9,36,3,False
Alabama,2022-09-18,Beverages,213270228,2022-09-18,215165395.0,221654891.0,178404182.0,220933918.14285713,5175647.954700352,9,37,3,False
Alabama,2022-09-25,Beverages,215556916,2022-09-25,213270228.0,226809535.0,192108735.0,219736109.14285713,5802467.974904926,9,38,3,False
Alabama,2022-10-02,Beverages,218622107,2022-10-02,215556916.0,224323610.0,197917628.0,218128592.14285713,5141205.637235113,10,39,4,False
Alabama,2022-10-09,Beverages,211016006,2022-10-09,218622107.0,215153556.0,194057784.0,217314091.7142857,4507856.662971379,10,40,4,False
Alabama,2022-10-16,Beverages,204418181,2022-10-16,211016006.0,215670829.0,194303303.0,216723013.14285713,4997109.93340637,10,41,4,False
Alabama,2022-10-23,Beverages,198480435,2022-10-23,204418181.0,227759611.0,195635389.0,215115492.0,6622587.828529643,10,42,4,False
Alabama,2022-10-30,Beverages,194245502,2022-10-30,198480435.0,215165395.0,200427370.0,210932752.57142857,6561738.652891277,10,43,4,False
Alabama,2022-11-06,Beverages,197814663,2022-11-06,194245502.0,213270228.0,202888791.0,207944196.42857143,8446670.468418486,11,44,4,False
Alabama,2022-11-13,Beverages,194267617,2022-11-13,197814663.0,215556916.0,199965775.0,205736258.57142857,8779355.672160136,11,45,4,False
Alabama,2022-11-20,Beverages,197053090,2022-11-20,194267617.0,218622107.0,197876829.0,202694930.14285713,8534604.175435454,11,46,4,False
Alabama,2022-11-27,Beverages,192420637,2022-11-27,197053090.0,211016006.0,207976103.0,199613642.0,5626103.958249147,11,47,4,False
Alabama,2022-12-04,Beverages,191867741,2022-12-04,192420637.0,204418181.0,207537233.0,196957160.7142857,3662522.2892596354,12,48,4,False
Alabama,2022-12-11,Beverages,194239369,2022-12-11,191867741.0,198480435.0,208193477.0,195164240.7142857,2438732.723444283,12,49,4,False
Alabama,2022-12-18,Beverages,200415284,2022-12-18,194239369.0,194245502.0,219547509.0,194558374.14285713,2032614.2247096952,12,50,4,False
Alabama,2022-12-25,Beverages,200741724,2022-12-25,200415284.0,197814663.0,212449962.0,195439771.57142857,2870742.0198747,12,51,4,False
Alabama,2023-01-01,Beverages,184497797,2023-01-01,200741724.0,194267617.0,209711182.0,195857923.14285713,3358034.1467087744,1,52,1,False
Alabama,2023-01-08,Beverages,186490148,2023-01-08,184497797.0,197053090.0,209838488.0,194462234.57142857,5234808.217907976,1,1,1,False
Alabama,2023-01-15,Beverages,185544784,2023-01-15,186490148.0,192420637.0,220358695.0,192953242.85714287,5765968.63429916,1,2,1,False
Alabama,2023-01-22,Beverages,182246125,2023-01-22,185544784.0,191867741.0,220100179.0,191970978.14285713,6331017.136724024,1,3,1,False
Alabama,2023-01-29,Beverages,183105938,2023-01-29,182246125.0,194239369.0,226966251.0,190596461.57142857,7190365.438805743,1,4,1,False
Alabama,2023-02-05,Beverages,192305584,2023-02-05,183105938.0,200415284.0,212433149.0,189005971.42857143,7435811.441783531,2,5,1,False
Alabama,2023-02-12,Beverages,191999971,2023-02-12,192305584.0,200741724.0,212769923.0,187847442.85714287,6075227.840496075,2,6,1,False
Alabama,2023-02-19,Beverages,191443698,2023-02-19,191999971.0,184497797.0,215436686.0,186598621.0,3749721.223306503,2,7,1,False
Alabama,2023-02-26,Beverages,199003416,2023-02-26,191443698.0,186490148.0,221654891.0,187590892.57142857,3974776.800998679,2,8,1,False
Alabama,2023-03-05,Beverages,209478343,2023-03-05,199003416.0,185544784.0,226809535.0,189378502.2857143,5571062.572233683,3,9,1,False
Alabama,2023-03-12,Beverages,218905536,2023-03-12,209478343.0,182246125.0,224323610.0,192797582.14285713,8658048.43273417,3,10,1,False
Alabama,2023-03-19,Beverages,210866567,2023-03-19,218905536.0,183105938.0,215153556.0,198034640.85714287,11358050.245002478,3,11,1,False
Alabama,2023-03-26,Beverages,202214026,2023-03-26,210866567.0,192305584.0,215670829.0,202000445.0,10245110.887068842,3,12,1,False
Alabama,2023-04-02,Beverages,205535419,2023-04-02,202214026.0,191999971.0,227759611.0,203415936.7142857,9462452.484123863,4,13,2,False
Alabama,2023-04-09,Beverages,202345732,2023-04-09,205535419.0,191443698.0,215165395.0,205349572.14285713,8235475.172997726,4,14,2,False
Alabama,2023-04-16,Beverages,203132041,2023-04-16,202345732.0,199003416.0,213270228.0,206907005.57142857,6249935.851228121,4,15,2,False
Alabama,2023-04-23,Beverages,206852539,2023-04-23,203132041.0,209478343.0,215556916.0,207496809.14285713,5641433.944399018,4,16,2,False
Alabama,2023-04-30,Beverages,211451723,2023-04-30,206852539.0,218905536.0,218622107.0,207121694.2857143,5584213.311275064,4,17,2,False
Alabama,2023-05-07,Beverages,219573277,2023-05-07,211451723.0,210866567.0,211016006.0,206056863.85714287,3590408.73854357,5,18,2,False
Arizona,2020-05-03,Beverages,134864797,2020-05-03,127294783.0,139557887.0,119877789.0,128314247.85714285,6447231.58814173,5,18,2,False
Arizona,2020-05-10,Beverages,136028525,2020-05-10,134864797.0,135979843.0,117122712.0,127643806.42857143,5402531.113047336,5,19,2,False
Arizona,2020-05-17,Beverages,130942705,2020-05-17,136028525.0,119847336.0,116127754.0,127650761.0,5413278.096251973,5,20,2,False
Arizona,2020-05-24,Beverages,131535235,2020-05-24,130942705.0,125962618.0,115216831.0,129235813.71428572,4431732.441810789,5,21,2,False
Arizona,2020-05-31,Beverages,131413795,2020-05-31,131535235.0,123654446.0,115424159.0,130031901.85714285,4269810.982724781,5,22,2,False
Arizona,2020-06-07,Beverages,138359363,2020-06-07,131413795.0,125902822.0,120785283.0,131140380.28571428,3386013.5697051445,6,23,2,False
Arizona,2020-06-14,Beverages,139014231,2020-06-14,138359363.0,127294783.0,116490977.0,132919886.14285715,3438662.992319863,6,24,2,False
Arizona,2020-06-21,Beverages,134529099,2020-06-21,139014231.0,134864797.0,114640798.0,134594093.0,3131619.7518154145,6,25,2,False
Arizona,2020-06-28,Beverages,135096231,2020-06-28,134529099.0,136028525.0,109101595.0,134546136.14285713,3129676.8530841274,6,26,2,False
Arizona,2020-07-05,Beverages,144153475,2020-07-05,135096231.0,130942705.0,110405117.0,134412951.2857143,3083252.008095689,7,27,3,False
Arizona,2020-07-12,Beverages,136606142,2020-07-12,144153475.0,131535235.0,110395321.0,136300204.14285713,4216434.345603135,7,28,3,False
Arizona,2020-07-19,Beverages,135991553,2020-07-19,136606142.0,131413795.0,117291974.0,137024619.42857143,3744776.450171021,7,29,3,False
Arizona,2020-07-26,Beverages,132190421,2020-07-26,135991553.0,138359363.0,108536780.0,137678584.85714287,3041513.594941761,7,30,3,False
Arizona,2020-08-02,Beverages,135907144,2020-08-02,132190421.0,139014231.0,109641291.0,136797307.42857143,3565220.2684466676,8,31,3,False
Arizona,2020-08-09,Beverages,139932969,2020-08-09,135907144.0,134529099.0,110420623.0,136353437.85714287,3453240.059727139,8,32,3,False
Arizona,2020-08-16,Beverages,139367250,2020-08-16,139932969.0,135096231.0,110294022.0,137125419.2857143,3561444.57098356,8,33,3,False
Arizona,2020-08-23,Beverages,135396922,2020-08-23,139367250.0,144153475.0,109185129.0,137735564.85714287,3527230.1668511718,8,34,3,False
Arizona,2020-08-30,Beverages,135895403,2020-08-30,135396922.0,136606142.0,115328264.0,136484628.7142857,2402833.4383315304,8,35,3,False
Arizona,2020-09-06,Beverages,140717021,2020-09-06,135895403.0,135991553.0,111821590.0,136383094.57142857,2410557.6389576425,9,36,3,False
Arizona,2020-09-13,Beverages,132210326,2020-09-13,140717021.0,132190421.0,110562942.0,137058161.42857143,2831332.9412633893,9,37,3,False
Arizona,2020-09-20,Beverages,130208125,2020-09-20,132210326.0,135907144.0,110993229.0,137061005.0,2826448.514384303,9,38,3,False
Arizona,2020-09-27,Beverages,127220754,2020-09-27,130208125.0,139932969.0,118349206.0,136246859.42857143,3720837.3949575117,9,39,3,False
Arizona,2020-10-04,Beverages,132505937,2020-10-04,127220754.0,139367250.0,127985444.0,134430828.7142857,4499362.160930738,10,40,4,False
Arizona,2020-10-11,Beverages,133872032,2020-10-11,132505937.0,135396922.0,139557887.0,133450641.14285715,4041240.9385148673,10,41,4,False
Arizona,2020-10-18,Beverages,130530706,2020-10-18,133872032.0,135895403.0,135979843.0,133232799.71428572,3970944.024598981,10,42,4,False
Arizona,2020-10-25,Beverages,125675792,2020-10-25,130530706.0,140717021.0,119847336.0,132466414.42857143,3900168.5763211283,10,43,4,False
Arizona,2020-11-01,Beverages,123994824,2020-11-01,125675792.0,132210326.0,125962618.0,130317667.42857143,2730762.660265843,11,44,4,False
Arizona,2020-11-08,Beverages,130904551,2020-11-08,123994824.0,130208125.0,123654446.0,129144024.28571428,3358434.5399459545,11,45,4,False
Arizona,2020-11-15,Beverages,123016313,2020-11-15,130904551.0,127220754.0,125902822.0,129243513.71428572,3398559.2508444325,11,46,4,False
Arizona,2020-11-22,Beverages,126324975,2020-11-22,123016313.0,132505937.0,127294783.0,128642879.28571428,4018041.0068174903,11,47,4,False
Arizona,2020-11-29,Beverages,119295868,2020-11-29,126324975.0,133872032.0,134864797.0,127759884.71428572,3741739.171807927,11,48,4,False
Arizona,2020-12-06,Beverages,118392564,2020-12-06,119295868.0,130530706.0,136028525.0,125677575.57142857,3816008.3696627533,12,49,4,False
Arizona,2020-12-13,Beverages,120157853,2020-12-13,118392564.0,125675792.0,130942705.0,123943555.28571428,3971400.856149894,12,50,4,False
Arizona,2020-12-20,Beverages,123308776,2020-12-20,120157853.0,123994824.0,131535235.0,123155278.28571428,4095038.9267683676,12,51,4,False
Arizona,2020-12-27,Beverages,117662825,2020-12-27,123308776.0,130904551.0,131413795.0,123057271.42857143,4081961.955023658,12,52,4,False
Arizona,2021-01-03,Beverages,119728725,2021-01-03,117662825.0,123016313.0,138359363.0,121165596.28571428,2905858.749188997,1,53,1,False
Arizona,2021-01-10,Beverages,121976001,2021-01-10,119728725.0,126324975.0,139014231.0,120695940.85714285,2833562.086232391,1,1,1,False
Arizona,2021-01-17,Beverages,123411183,2021-01-17,121976001.0,119295868.0,134529099.0,120074658.85714285,1830460.8318651936,1,2,1,False
Arizona,2021-01-24,Beverages,118460351,2021-01-24,123411183.0,118392564.0,135096231.0,120662561.0,2123359.321204248,1,3,1,False
Arizona,2021-01-31,Beverages,119030151,2021-01-31,118460351.0,120157853.0,144153475.0,120672244.85714285,2113114.4825007734,1,4,1,False
Arizona,2021-02-07,Beverages,126877371,2021-02-07,119030151.0,123308776.0,136606142.0,120511144.57142857,2187855.10918971,2,5,1,False
Arizona,2021-02-14,Beverages,123255297,2021-02-14,126877371.0,117662825.0,135991553.0,121020943.85714285,3032909.965206899,2,6,1,False
Arizona,2021-02-21,Beverages,122351717,2021-02-21,123255297.0,119728725.0,132190421.0,121819868.42857143,2768114.5829873113,2,7,1,False
Arizona,2021-02-28,Beverages,124760494,2021-02-28,122351717.0,121976001.0,135907144.0,122194581.57142857,2633962.8183700885,2,8,1,False
Arizona,2021-03-07,Beverages,136194918,2021-03-07,124760494.0,123411183.0,139932969.0,122592366.28571428,2777275.6762273335,3,9,1,False
Arizona,2021-03-14,Beverages,150363246,2021-03-14,136194918.0,118460351.0,139367250.0,124418614.14285715,5542118.01893383,3,10,1,False
Arizona,2021-03-21,Beverages,144705321,2021-03-21,150363246.0,119030151.0,135396922.0,128976170.57142857,10051505.09892769,3,11,1,False
Arizona,2021-03-28,Beverages,125617568,2021-03-28,144705321.0,126877371.0,135895403.0,132644052.0,10430303.87139427,3,12,1,False
Arizona,2021-04-04,Beverages,140912772,2021-04-04,125617568.0,123255297.0,140717021.0,132464080.14285715,10538560.558446484,4,13,2,False
Arizona,2021-04-11,Beverages,138011956,2021-04-11,140912772.0,122351717.0,132210326.0,134986576.57142857,10138093.650104307,4,14,2,False
Arizona,2021-04-18,Beverages,134735709,2021-04-18,138011956.0,124760494.0,130208125.0,137223753.57142857,8733720.511408595,4,15,2,False
Arizona,2021-04-25,Beverages,139157806,2021-04-25,134735709.0,136194918.0,127220754.0,138648784.2857143,7276063.070956892,4,16,2,False
Arizona,2021-05-02,Beverages,144090339,2021-05-02,139157806.0,150363246.0,132505937.0,139072054.0,7206853.873600628,5,17,2,False
Arizona,2021-05-09,Beverages,152933491,2021-05-09,144090339.0,144705321.0,133872032.0,138175924.42857143,6043201.958598574,5,18,2,False
Arizona,2021-05-16,Beverages,147870671,2021-05-16,152933491.0,125617568.0,130530706.0,139351377.2857143,7756314.984527783,5,19,2,False
Arizona,2021-05-23,Beverages,146832911,2021-05-23,147870671.0,140912772.0,125675792.0,142530392.0,5785954.187177867,5,20,2,False
Arizona,2021-05-30,Beverages,149964412,2021-05-30,146832911.0,138011956.0,123994824.0,143376126.14285713,5918843.668331648,5,21,2,False
Arizona,2021-06-06,Beverages,153270396,2021-06-06,149964412.0,134735709.0,130904551.0,145083619.85714287,5848704.59790246,6,22,2,False
Arizona,2021-06-13,Beverages,152816611,2021-06-13,153270396.0,139157806.0,123016313.0,147731432.2857143,4634021.521348904,6,23,2,False
Arizona,2021-06-20,Beverages,154949376,2021-06-20,152816611.0,144090339.0,126324975.0,149682690.14285713,3295434.341977073,6,24,2,False
Arizona,2021-06-27,Beverages,147305127,2021-06-27,154949376.0,152933491.0,119295868.0,151233981.14285713,2819252.0477707614,6,25,2,False
Arizona,2021-07-04,Beverages,155493045,2021-07-04,147305127.0,147870671.0,118392564.0,150429929.14285713,3015657.676489973,7,26,3,False
Arizona,2021-07-11,Beverages,150801486,2021-07-11,155493045.0,146832911.0,120157853.0,151518839.7142857,3261125.898158876,7,27,3,False
Arizona,2021-07-18,Beverages,146199274,2021-07-18,150801486.0,149964412.0,123308776.0,152085779.0,2692617.479217831,7,28,3,False
Arizona,2021-07-25,Beverages,140495761,2021-07-25,146199274.0,153270396.0,117662825.0,151547902.14285713,3356803.002814119,7,29,3,False
Arizona,2021-08-01,Beverages,144662532,2021-08-01,140495761.0,152816611.0,119728725.0,149722954.2857143,4996379.843484163,8,30,3,False
Arizona,2021-08-08,Beverages,154347015,2021-08-08,144662532.0,154949376.0,121976001.0,148558085.85714287,5088999.528890816,8,31,3,False
Arizona,2021-08-15,Beverages,149953473,2021-08-15,154347015.0,147305127.0,123411183.0,148472034.2857143,4984213.510898721,8,32,3,False
Arizona,2021-08-22,Beverages,146415000,2021-08-22,149953473.0,155493045.0,118460351.0,148850369.42857143,4981791.358022352,8,33,3,False
Arizona,2021-08-29,Beverages,147911738,2021-08-29,146415000.0,150801486.0,119030151.0,147553505.85714287,4204769.665683112,8,34,3,False
Arizona,2021-09-05,Beverages,155366160,2021-09-05,147911738.0,146199274.0,126877371.0,147140684.7142857,4002617.3896945277,9,35,3,False
Arizona,2021-09-12,Beverages,149966653,2021-09-12,155366160.0,140495761.0,123255297.0,148450239.85714287,4883123.540984709,9,36,3,False
Arizona,2021-09-19,Beverages,148517047,2021-09-19,149966653.0,144662532.0,122351717.0,149803224.42857143,3647427.1322019966,9,37,3,False
Arizona,2021-09-26,Beverages,143876042,2021-09-26,148517047.0,154347015.0,124760494.0,150353869.42857143,3075969.930966782,9,38,3,False
Arizona,2021-10-03,Beverages,200820085,2021-10-03,143876042.0,149953473.0,136194918.0,148858016.14285713,3307677.959504461,10,39,4,False
Arizona,2021-10-10,Beverages,201963815,2021-10-10,200820085.0,146415000.0,150363246.0,156124675.0,18538806.37224244,10,40,4,False
Arizona,2021-10-17,Beverages,197141587,2021-10-17,201963815.0,147911738.0,144705321.0,164060220.0,23820610.038239896,10,41,4,False
Arizona,2021-10-24,Beverages,195856140,2021-10-24,197141587.0,155366160.0,125617568.0,171093055.57142857,25239787.68480536,10,42,4,False
Arizona,2021-10-31,Beverages,194283831,2021-10-31,195856140.0,149966653.0,140912772.0,176877338.42857143,25609701.80425558,10,43,4,False
Arizona,2021-11-07,Beverages,201120667,2021-11-07,194283831.0,148517047.0,138011956.0,183208363.85714287,23571246.400414508,11,44,4,False
Arizona,2021-11-14,Beverages,196009266,2021-11-14,201120667.0,143876042.0,134735709.0,190723166.7142857,19314254.18407805,11,45,4,False
Arizona,2021-11-21,Beverages,199577574,2021-11-21,196009266.0,200820085.0,139157806.0,198170770.14285713,2836121.009606785,11,46,4,False
Arizona,2021-11-28,Beverages,184063174,2021-11-28,199577574.0,201963815.0,144090339.0,197993268.57142857,2700390.3657780457,11,47,4,False
Arizona,2021-12-05,Beverages,186262764,2021-12-05,184063174.0,197141587.0,152933491.0,195436034.14285713,5120699.132818227,12,48,4,False
Arizona,2021-12-12,Beverages,187993597,2021-12-12,186262764.0,195856140.0,147870671.0,193881916.57142857,5950797.327687449,12,49,4,False
Arizona,2021-12-19,Beverages,191792532,2021-12-19,187993597.0,194283831.0,146832911.0,192758696.14285713,6208603.502487651,12,50,4,False
Arizona,2021-12-26,Beverages,187019454,2021-12-26,191792532.0,201120667.0,149964412.0,192402796.2857143,6182326.030340552,12,51,4,False
Arizona,2022-01-02,Beverages,182124831,2022-01-02,187019454.0,196009266.0,153270396.0,190388337.2857143,5238877.673610467,1,52,1,False
Arizona,2022-01-09,Beverages,187226998,2022-01-09,182124831.0,199577574.0,152816611.0,188404846.57142857,5362194.694349066,1,1,1,False
Arizona,2022-01-16,Beverages,190506028,2022-01-16,187226998.0,184063174.0,154949376.0,186640478.57142857,2829398.0068668746,1,2,1,False
Arizona,2022-01-23,Beverages,184460687,2022-01-23,190506028.0,186262764.0,147305127.0,187560886.2857143,2888607.488937978,1,3,1,False
Arizona,2022-01-30,Beverages,184840307,2022-01-30,184460687.0,187993597.0,155493045.0,187303446.7142857,3067585.3879826902,1,4,1,False
Arizona,2022-02-06,Beverages,191822690,2022-02-06,184840307.0,191792532.0,150801486.0,186852976.7142857,3163200.189610766,2,5,1,False
Arizona,2022-02-13,Beverages,193758115,2022-02-13,191822690.0,187019454.0,146199274.0,186857285.0,3169938.3019947107,2,6,1,False
Arizona,2022-02-20,Beverages,186140486,2022-02-20,193758115.0,182124831.0,140495761.0,187819950.85714287,3990124.217650183,2,7,1,False
Arizona,2022-02-27,Beverages,191804856,2022-02-27,186140486.0,187226998.0,144662532.0,188393615.85714287,3370676.2822811473,2,8,1,False
Arizona,2022-03-06,Beverages,204336119,2022-03-06,191804856.0,190506028.0,154347015.0,189047595.57142857,3521605.6812661593,3,9,1,False
Arizona,2022-03-13,Beverages,199341790,2022-03-13,204336119.0,184460687.0,149953473.0,191023322.85714287,6448691.798064138,3,10,1,False
Arizona,2022-03-20,Beverages,203135958,2022-03-20,199341790.0,184840307.0,146415000.0,193149194.7142857,6387406.912794761,3,11,1,False
Arizona,2022-03-27,Beverages,204330837,2022-03-27,203135958.0,191822690.0,147911738.0,195762859.14285713,6192990.3133341065,3,12,1,False
Arizona,2022-04-03,Beverages,216587578,2022-04-03,204330837.0,193758115.0,155366160.0,197549737.2857143,6590108.175478622,4,13,2,False
Arizona,2022-04-10,Beverages,219518921,2022-04-10,216587578.0,186140486.0,149966653.0,200811089.14285713,9083853.401219526,4,14,2,False
Arizona,2022-04-17,Beverages,217866947,2022-04-17,219518921.0,191804856.0,148517047.0,205579437.0,8889891.012643963,4,15,2,False
Arizona,2022-04-24,Beverages,207194456,2022-04-24,217866947.0,204336119.0,143876042.0,209302592.85714287,7722154.853178812,4,16,2,False
Arizona,2022-05-01,Beverages,210346537,2022-05-01,207194456.0,199341790.0,200820085.0,209710926.7142857,7521710.97269999,5,17,2,False
Arizona,2022-05-08,Beverages,219329549,2022-05-08,210346537.0,203135958.0,201963815.0,211283033.42857143,6229163.200920206,5,18,2,False
Arizona,2022-05-15,Beverages,215137302,2022-05-15,219329549.0,204330837.0,197141587.0,213596403.57142857,5763519.809521884,5,19,2,False
Arizona,2022-05-22,Beverages,215304100,2022-05-22,215137302.0,216587578.0,195856140.0,215140184.2857143,4348529.4063338805,5,20,2,False
Arizona,2022-05-29,Beverages,219462134,2022-05-29,215304100.0,219518921.0,194283831.0,214956830.2857143,4310527.726330989,5,21,2,False
Arizona,2022-06-05,Beverages,221466462,2022-06-05,219462134.0,217866947.0,201120667.0,214948717.85714287,4301979.181532627,6,22,2,False
Arizona,2022-06-12,Beverages,228960137,2022-06-12,221466462.0,207194456.0,196009266.0,215462934.2857143,4805698.578354948,6,23,2,False
Arizona,2022-06-19,Beverages,224705587,2022-06-19,228960137.0,210346537.0,199577574.0,218572317.2857143,5448355.993802024,6,24,2,False
Arizona,2022-06-26,Beverages,215666630,2022-06-26,224705587.0,219329549.0,184063174.0,220623610.14285713,4602654.523290416,6,25,2,False
Arizona,2022-07-03,Beverages,230278334,2022-07-03,215666630.0,215137302.0,186262764.0,220100336.0,4917481.174639069,7,26,3,False
Arizona,2022-07-10,Beverages,220195810,2022-07-10,230278334.0,215304100.0,187993597.0,222263340.57142857,5548245.064769943,7,27,3,False
Arizona,2022-07-17,Beverages,218623208,2022-07-17,220195810.0,219462134.0,191792532.0,222962156.2857143,4897614.7635682775,7,28,3,False
Arizona,2022-07-24,Beverages,213178650,2022-07-24,218623208.0,221466462.0,187019454.0,222842309.7142857,4991166.288369278,7,29,3,False
Arizona,2022-07-31,Beverages,211959851,2022-07-31,213178650.0,228960137.0,182124831.0,221658336.57142857,6048175.660556453,7,30,3,False
Arizona,2022-08-07,Beverages,225961035,2022-08-07,211959851.0,224705587.0,187226998.0,219229724.2857143,6041762.174196948,8,31,3,False
Arizona,2022-08-14,Beverages,220700930,2022-08-14,225961035.0,215666630.0,190506028.0,219409074.0,6217722.807925187,8,32,3,False
Arizona,2022-08-21,Beverages,215522849,2022-08-21,220700930.0,230278334.0,184460687.0,220128259.7142857,6031618.434828279,8,33,3,False
Arizona,2022-08-28,Beverages,222686060,2022-08-28,215522849.0,220195810.0,184840307.0,218020333.2857143,4499924.914411263,8,34,3,False
Arizona,2022-09-04,Beverages,232958487,2022-09-04,222686060.0,218623208.0,191822690.0,218376083.2857143,4749370.936508691,9,35,3,False
Arizona,2022-09-11,Beverages,226231108,2022-09-11,232958487.0,213178650.0,193758115.0,220423980.2857143,6980830.104667371,9,36,3,False
Arizona,2022-09-18,Beverages,218387231,2022-09-18,226231108.0,211959851.0,186140486.0,222288617.14285713,6524828.94936649,9,37,3,False
Arizona,2022-09-25,Beverages,211204050,2022-09-25,218387231.0,225961035.0,191804856.0,223206814.2857143,5353897.80012422,9,38,3,False
Arizona,2022-10-02,Beverages,214133475,2022-10-02,211204050.0,220700930.0,204336119.0,221098673.57142857,6611898.035641519,10,39,4,False
Arizona,2022-10-09,Beverages,218976019,2022-10-09,214133475.0,215522849.0,199341790.0,220160465.7142857,7053008.706972693,10,40,4,False
Arizona,2022-10-16,Beverages,211117837,2022-10-16,218976019.0,222686060.0,203135958.0,220653775.7142857,6828579.277901366,10,41,4,False
Arizona,2022-10-23,Beverages,206019098,2022-10-23,211117837.0,232958487.0,204330837.0,219001172.42857143,7503263.376568384,10,42,4,False
Arizona,2022-10-30,Beverages,203716151,2022-10-30,206019098.0,226231108.0,216587578.0,215152688.2857143,6142876.758902711,10,43,4,False
Arizona,2022-11-06,Beverages,212352076,2022-11-06,203716151.0,218387231.0,219518921.0,211936265.85714287,5342416.964713533,11,44,4,False
Arizona,2022-11-13,Beverages,209536787,2022-11-13,212352076.0,211204050.0,217866947.0,211074100.85714287,4677370.7596711125,11,45,4,False
Arizona,2022-11-20,Beverages,206468807,2022-11-20,209536787.0,214133475.0,207194456.0,210835920.42857143,4707045.14931361,11,46,4,False
Arizona,2022-11-27,Beverages,200179530,2022-11-27,206468807.0,218976019.0,210346537.0,209740967.85714287,4704090.679921232,11,47,4,False
Arizona,2022-12-04,Beverages,195652307,2022-12-04,200179530.0,211117837.0,219329549.0,207055755.14285713,3974231.945789618,12,48,4,False
Arizona,2022-12-11,Beverages,200138362,2022-12-11,195652307.0,206019098.0,215137302.0,204846393.7142857,5208932.0538425,12,49,4,False
Arizona,2022-12-18,Beverages,204225387,2022-12-18,200138362.0,203716151.0,215304100.0,204006288.57142857,5421922.467623433,12,50,4,False
Arizona,2022-12-25,Beverages,206642210,2022-12-25,204225387.0,212352076.0,219462134.0,204079036.57142857,5420957.758353333,12,51,4,False
Arizona,2023-01-01,Beverages,188408490,2023-01-01,206642210.0,209536787.0,221466462.0,203263341.42857143,4458966.052487179,1,52,1,False
Arizona,2023-01-08,Beverages,194629091,2023-01-08,188408490.0,206468807.0,228960137.0,200245013.2857143,6055870.893865208,1,1,1,False
Arizona,2023-01-15,Beverages,199308521,2023-01-15,194629091.0,200179530.0,224705587.0,198553625.2857143,5725786.625153935,1,2,1,False
Arizona,2023-01-22,Beverages,191351464,2023-01-22,199308521.0,195652307.0,215666630.0,198429195.42857143,5698500.41942881,1,3,1,False
Arizona,2023-01-29,Beverages,193432652,2023-01-29,191351464.0,200138362.0,230278334.0,197814789.2857143,6176580.858177155,1,4,1,False
Arizona,2023-02-05,Beverages,203668153,2023-02-05,193432652.0,204225387.0,220195810.0,196856830.7142857,6261348.580702594,2,5,1,False
Arizona,2023-02-12,Beverages,210784001,2023-02-12,203668153.0,206642210.0,218623208.0,196777225.85714287,6170037.431637189,2,6,1,False
Arizona,2023-02-19,Beverages,200168687,2023-02-19,210784001.0,188408490.0,213178650.0,197368910.2857143,7200265.251832924,2,7,1,False
Arizona,2023-02-26,Beverages,201565059,2023-02-26,200168687.0,194629091.0,211959851.0,199048938.42857143,6218622.882748917,2,8,1,False
Arizona,2023-03-05,Beverages,216243765,2023-03-05,201565059.0,199308521.0,225961035.0,200039791.0,5983574.942109781,3,9,1,False
Arizona,2023-03-12,Beverages,235892871,2023-03-12,216243765.0,191351464.0,220700930.0,202459111.57142857,8208744.614332417,3,10,1,False
Arizona,2023-03-19,Beverages,227766017,2023-03-19,235892871.0,193432652.0,215522849.0,208822169.7142857,12998358.6296456,3,11,1,False
Arizona,2023-03-26,Beverages,207113292,2023-03-26,227766017.0,203668153.0,222686060.0,213726936.14285713,12741026.242185581,3,12,1,False
Arizona,2023-04-02,Beverages,215603138,2023-04-02,207113292.0,210784001.0,232958487.0,214219098.85714287,12405078.738164466,4,13,2,False
Arizona,2023-04-09,Beverages,229352435,2023-04-09,215603138.0,200168687.0,226231108.0,214907547.0,12328826.793004904,4,14,2,False
Arizona,2023-04-16,Beverages,223021337,2023-04-16,229352435.0,201565059.0,218387231.0,219076653.85714287,11549585.162447674,4,15,2,False
Arizona,2023-04-23,Beverages,220557323,2023-04-23,223021337.0,216243765.0,211204050.0,222141836.42857143,9078133.723056898,4,16,2,False
Arizona,2023-04-30,Beverages,231156458,2023-04-30,220557323.0,235892871.0,214133475.0,222758059.0,8798968.346037148,4,17,2,False
Arizona,2023-05-07,Beverages,240505460,2023-05-07,231156458.0,227766017.0,218976019.0,222081428.57142857,7898986.607802676,5,18,2,False
Arkansas,2020-05-03,Beverages,65718902,2020-05-03,63303777.0,69299262.0,67349815.0,64122233.571428575,2796808.7398971096,5,18,2,False
Arkansas,2020-05-10,Beverages,66725736,2020-05-10,65718902.0,66672578.0,63679443.0,63610753.571428575,2023837.1645647518,5,19,2,False
Arkansas,2020-05-17,Beverages,67059259,2020-05-17,66725736.0,59930918.0,59248421.0,63618347.571428575,2035378.557200266,5,20,2,False
Arkansas,2020-05-24,Beverages,69534675,2020-05-24,67059259.0,63610285.0,57654430.0,64636682.0,1689592.5398029238,5,21,2,False
Arkansas,2020-05-31,Beverages,67420353,2020-05-31,69534675.0,63528109.0,58551067.0,65483023.428571425,2327041.303099859,5,22,2,False
Arkansas,2020-06-07,Beverages,70882885,2020-06-07,67420353.0,62510706.0,59494648.0,66039058.28571428,2257469.528132204,6,23,2,False
Arkansas,2020-06-14,Beverages,70697390,2020-06-14,70882885.0,63303777.0,58265259.0,67235083.85714285,2288893.304211897,6,24,2,False
Arkansas,2020-06-21,Beverages,70943346,2020-06-21,70697390.0,65718902.0,59690104.0,68291314.28571428,1904740.6685361185,6,25,2,False
Arkansas,2020-06-28,Beverages,69082980,2020-06-28,70943346.0,66725736.0,58049432.0,69037663.42857143,1769300.3881762945,6,26,2,False
Arkansas,2020-07-05,Beverages,76591713,2020-07-05,69082980.0,67059259.0,59101265.0,69374412.57142857,1501247.6861105135,7,27,3,False
Arkansas,2020-07-12,Beverages,71426615,2020-07-12,76591713.0,69534675.0,58035927.0,70736191.71428572,2659876.5998465167,7,28,3,False
Arkansas,2020-07-19,Beverages,71755452,2020-07-19,71426615.0,67420353.0,61147230.0,71006468.85714285,2619877.2720974274,7,29,3,False
Arkansas,2020-07-26,Beverages,70313071,2020-07-26,71755452.0,70882885.0,58290655.0,71625768.71428572,2173289.838733647,7,30,3,False
Arkansas,2020-08-02,Beverages,70280652,2020-08-02,70313071.0,70697390.0,56942259.0,71544366.71428572,2209952.686594785,8,31,3,False
Arkansas,2020-08-09,Beverages,71170812,2020-08-09,70280652.0,70943346.0,57854514.0,71484832.71428572,2237410.217939502,8,32,3,False
Arkansas,2020-08-16,Beverages,72517548,2020-08-16,71170812.0,69082980.0,56718756.0,71517327.85714285,2230952.4228284215,8,33,3,False
Arkansas,2020-08-23,Beverages,70270227,2020-08-23,72517548.0,76591713.0,55036034.0,72007980.42857143,2008170.8882222127,8,34,3,False
Arkansas,2020-08-30,Beverages,69321237,2020-08-30,70270227.0,71426615.0,58093735.0,71104911.0,804424.7417980128,8,35,3,False
Arkansas,2020-09-06,Beverages,70544925,2020-09-06,69321237.0,71755452.0,58021180.0,70804142.71428572,998174.2403964567,9,36,3,False
Arkansas,2020-09-13,Beverages,71051325,2020-09-13,70544925.0,70313071.0,56891696.0,70631210.28571428,920196.236190137,9,37,3,False
Arkansas,2020-09-20,Beverages,68622672,2020-09-20,71051325.0,70280652.0,55979416.0,70736675.14285715,919996.2505427304,9,38,3,False
Arkansas,2020-09-27,Beverages,64905092,2020-09-27,68622672.0,71170812.0,61187920.0,70499820.85714285,1182799.5977853949,9,39,3,False
Arkansas,2020-10-04,Beverages,67850338,2020-10-04,64905092.0,72517548.0,63599450.0,69604718.0,2237198.5740061845,10,40,4,False
Arkansas,2020-10-11,Beverages,67105075,2020-10-11,67850338.0,70270227.0,69299262.0,68937973.71428572,1946309.2249735233,10,41,4,False
Arkansas,2020-10-18,Beverages,64996749,2020-10-18,67105075.0,69321237.0,66672578.0,68485809.14285715,1951932.6128761712,10,42,4,False
Arkansas,2020-10-25,Beverages,62410736,2020-10-25,64996749.0,70544925.0,59930918.0,67868025.14285715,2251167.5687410324,10,43,4,False
Arkansas,2020-11-01,Beverages,61173665,2020-11-01,62410736.0,71051325.0,63610285.0,66705998.14285714,2635969.668705107,11,44,4,False
Arkansas,2020-11-08,Beverages,63896293,2020-11-08,61173665.0,68622672.0,63528109.0,65294903.85714286,2575291.5947590093,11,45,4,False
Arkansas,2020-11-15,Beverages,63680879,2020-11-15,63896293.0,64905092.0,62510706.0,64619706.85714286,2207640.0515901786,11,46,4,False
Arkansas,2020-11-22,Beverages,64469135,2020-11-22,63680879.0,67850338.0,63303777.0,64444819.28571428,2226514.7527276915,11,47,4,False
Arkansas,2020-11-29,Beverages,62518778,2020-11-29,64469135.0,67105075.0,65718902.0,63961790.28571428,1751382.7209021738,11,48,4,False
Arkansas,2020-12-06,Beverages,60541396,2020-12-06,62518778.0,64996749.0,66725736.0,63306605.0,1234536.4310349852,12,49,4,False
Arkansas,2020-12-13,Beverages,62551318,2020-12-13,60541396.0,62410736.0,67059259.0,62670126.0,1342844.361140446,12,50,4,False
Arkansas,2020-12-20,Beverages,63362785,2020-12-20,62551318.0,61173665.0,69534675.0,62690209.14285714,1339862.7695243207,12,51,4,False
Arkansas,2020-12-27,Beverages,63040188,2020-12-27,63362785.0,63896293.0,67420353.0,63002940.571428575,1197286.8858718036,12,52,4,False
Arkansas,2021-01-03,Beverages,61067745,2021-01-03,63040188.0,63680879.0,70882885.0,62880639.85714286,1142245.7682666501,1,53,1,False
Arkansas,2021-01-10,Beverages,62054714,2021-01-10,61067745.0,64469135.0,70697390.0,62507335.0,1242335.7740615066,1,1,1,False
Arkansas,2021-01-17,Beverages,61751789,2021-01-17,62054714.0,62518778.0,70943346.0,62162417.71428572,950730.4124679841,1,2,1,False
Arkansas,2021-01-24,Beverages,59692624,2021-01-24,61751789.0,60541396.0,69082980.0,62052847.85714286,947538.3620535856,1,3,1,False
Arkansas,2021-01-31,Beverages,60629838,2021-01-31,59692624.0,62551318.0,76591713.0,61931594.71428572,1163004.5018792027,1,4,1,False
Arkansas,2021-02-07,Beverages,62729412,2021-02-07,60629838.0,63362785.0,71426615.0,61657097.571428575,1210143.387136631,2,5,1,False
Arkansas,2021-02-14,Beverages,63052100,2021-02-14,62729412.0,63040188.0,71755452.0,61566615.71428572,1097679.9550770344,2,6,1,False
Arkansas,2021-02-21,Beverages,56331936,2021-02-21,63052100.0,61067745.0,70313071.0,61568317.428571425,1099969.9344919596,2,7,1,False
Arkansas,2021-02-28,Beverages,65438140,2021-02-28,56331936.0,62054714.0,70280652.0,60891773.28571428,2152562.289329566,2,8,1,False
Arkansas,2021-03-07,Beverages,67470845,2021-03-07,65438140.0,61751789.0,71170812.0,61375119.85714286,2675719.4681362966,3,9,1,False
Arkansas,2021-03-14,Beverages,73830082,2021-03-14,67470845.0,59692624.0,72517548.0,62192127.85714286,3432196.1643650737,3,10,1,False
Arkansas,2021-03-21,Beverages,71996987,2021-03-21,73830082.0,60629838.0,70270227.0,64211764.71428572,5114429.439355714,3,11,1,False
Arkansas,2021-03-28,Beverages,64565241,2021-03-28,71996987.0,62729412.0,69321237.0,65835643.14285714,5508724.747772504,3,12,1,False
Arkansas,2021-04-04,Beverages,68515097,2021-04-04,64565241.0,63052100.0,70544925.0,66097904.428571425,5397170.174464144,4,13,2,False
Arkansas,2021-04-11,Beverages,68454423,2021-04-11,68515097.0,56331936.0,71051325.0,66878332.571428575,5294316.898497272,4,14,2,False
Arkansas,2021-04-18,Beverages,67525813,2021-04-18,68454423.0,65438140.0,68622672.0,68610116.42857143,3081571.7940725517,4,15,2,False
Arkansas,2021-04-25,Beverages,67632914,2021-04-25,67525813.0,67470845.0,64905092.0,68908355.42857143,2852674.109075211,4,16,2,False
Arkansas,2021-05-02,Beverages,70271403,2021-05-02,67632914.0,73830082.0,67850338.0,68931508.14285715,2841549.106594838,5,17,2,False
Arkansas,2021-05-09,Beverages,71602056,2021-05-09,70271403.0,71996987.0,67105075.0,68423125.42857143,2155091.339839315,5,18,2,False
Arkansas,2021-05-16,Beverages,69891687,2021-05-16,71602056.0,64565241.0,64996749.0,68366706.71428572,2064037.732501538,5,19,2,False
Arkansas,2021-05-23,Beverages,71888898,2021-05-23,69891687.0,68515097.0,62410736.0,69127627.57142857,1396075.2009734793,5,20,2,False
Arkansas,2021-05-30,Beverages,72688736,2021-05-30,71888898.0,68454423.0,61173665.0,69609599.14285715,1659024.0795859694,5,21,2,False
Arkansas,2021-06-06,Beverages,73746656,2021-06-06,72688736.0,67525813.0,63896293.0,70214501.0,1884213.9074458608,6,22,2,False
Arkansas,2021-06-13,Beverages,75043823,2021-06-13,73746656.0,67632914.0,63680879.0,71103192.85714285,1873518.3710678958,6,23,2,False
Arkansas,2021-06-20,Beverages,78781472,2021-06-20,75043823.0,70271403.0,64469135.0,72161894.14285715,1699171.617370844,6,24,2,False
Arkansas,2021-06-27,Beverages,74788922,2021-06-27,78781472.0,71602056.0,62518778.0,73377618.28571428,2675530.580272762,6,25,2,False
Arkansas,2021-07-04,Beverages,80327966,2021-07-04,74788922.0,69891687.0,60541396.0,73832884.85714285,2604872.642565563,7,26,3,False
Arkansas,2021-07-11,Beverages,76636654,2021-07-11,80327966.0,71888898.0,62551318.0,75323781.85714285,2893123.666281592,7,27,3,False
Arkansas,2021-07-18,Beverages,77954786,2021-07-18,76636654.0,72688736.0,63362785.0,76002032.71428572,2543793.242207778,7,28,3,False
Arkansas,2021-07-25,Beverages,76727707,2021-07-25,77954786.0,73746656.0,63040188.0,76754325.57142857,2209391.8649815507,7,29,3,False
Arkansas,2021-08-01,Beverages,76563570,2021-08-01,76727707.0,75043823.0,61067745.0,77180190.0,1846038.0590456831,8,30,3,False
Arkansas,2021-08-08,Beverages,76788500,2021-08-08,76563570.0,78781472.0,62054714.0,77397296.71428572,1662236.2130623527,8,31,3,False
Arkansas,2021-08-15,Beverages,78200292,2021-08-15,76788500.0,74788922.0,61751789.0,77112586.42857143,1568824.7278189731,8,32,3,False
Arkansas,2021-08-22,Beverages,75360902,2021-08-22,78200292.0,80327966.0,59692624.0,77599925.0,1273334.8811799712,8,33,3,False
Arkansas,2021-08-29,Beverages,76041639,2021-08-29,75360902.0,76636654.0,60629838.0,76890344.42857143,877997.4148037334,8,34,3,False
Arkansas,2021-09-05,Beverages,77173311,2021-09-05,76041639.0,77954786.0,62729412.0,76805342.28571428,925937.4202643137,9,35,3,False
Arkansas,2021-09-12,Beverages,76970529,2021-09-12,77173311.0,76727707.0,63052100.0,76693703.0,821884.3814498903,9,36,3,False
Arkansas,2021-09-19,Beverages,74662068,2021-09-19,76970529.0,76563570.0,56331936.0,76728391.85714285,827691.341701179,9,37,3,False
Arkansas,2021-09-26,Beverages,70631842,2021-09-26,74662068.0,76788500.0,65438140.0,76456748.71428572,1103339.6548962942,9,38,3,False
Arkansas,2021-10-03,Beverages,105087223,2021-10-03,70631842.0,78200292.0,67470845.0,75577226.14285715,2296770.042518085,10,39,4,False
Arkansas,2021-10-10,Beverages,104309748,2021-10-10,105087223.0,75360902.0,73830082.0,79418216.28571428,10674489.425544607,10,40,4,False
Arkansas,2021-10-17,Beverages,101130188,2021-10-17,104309748.0,76041639.0,71996987.0,83553765.71428572,13527856.127316201,10,41,4,False
Arkansas,2021-10-24,Beverages,98315876,2021-10-24,101130188.0,77173311.0,64565241.0,87137844.14285715,14360657.988948088,10,42,4,False
Arkansas,2021-10-31,Beverages,96518730,2021-10-31,98315876.0,76970529.0,68515097.0,90158210.57142857,14169371.732382476,10,43,4,False
Arkansas,2021-11-07,Beverages,98227444,2021-11-07,96518730.0,74662068.0,68454423.0,92950810.71428572,13187378.274588976,11,44,4,False
Arkansas,2021-11-14,Beverages,99626519,2021-11-14,98227444.0,70631842.0,67525813.0,96317293.0,10898105.655847294,11,45,4,False
Arkansas,2021-11-21,Beverages,100440189,2021-11-21,99626519.0,105087223.0,67632914.0,100459389.71428572,2987851.007814029,11,46,4,False
Arkansas,2021-11-28,Beverages,95547889,2021-11-28,100440189.0,104309748.0,70271403.0,99795527.71428572,2329601.8659242517,11,47,4,False
Arkansas,2021-12-05,Beverages,95357790,2021-12-05,95547889.0,101130188.0,71602056.0,98543833.57142857,1877931.850441964,12,48,4,False
Arkansas,2021-12-12,Beverages,96826619,2021-12-12,95357790.0,98315876.0,69891687.0,97719205.28571428,1827877.6915155575,12,49,4,False
Arkansas,2021-12-19,Beverages,99984094,2021-12-19,96826619.0,96518730.0,71888898.0,97506454.28571428,1832711.1613334748,12,50,4,False
Arkansas,2021-12-26,Beverages,99759952,2021-12-26,99984094.0,98227444.0,72688736.0,98001506.28571428,1962482.9504781237,12,51,4,False
Arkansas,2022-01-02,Beverages,93380357,2022-01-02,99759952.0,99626519.0,73746656.0,98220436.0,2058603.8006791144,1,52,1,False
Arkansas,2022-01-09,Beverages,94532467,2022-01-09,93380357.0,100440189.0,75043823.0,97328127.14285715,2550650.8106419165,1,1,1,False
Arkansas,2022-01-16,Beverages,98948580,2022-01-16,94532467.0,95547889.0,78781472.0,96484166.85714285,2350855.187538456,1,2,1,False
Arkansas,2022-01-23,Beverages,92112220,2022-01-23,98948580.0,95357790.0,74788922.0,96969979.85714285,2456194.990094653,1,3,1,False
Arkansas,2022-01-30,Beverages,94644193,2022-01-30,92112220.0,96826619.0,80327966.0,96506327.0,2969466.370920646,1,4,1,False
Arkansas,2022-02-06,Beverages,96618081,2022-02-06,94644193.0,99984094.0,76636654.0,96194551.85714285,3033353.721236324,2,5,1,False
Arkansas,2022-02-13,Beverages,97702066,2022-02-13,96618081.0,99759952.0,77954786.0,95713692.85714285,2635169.0979669746,2,6,1,False
Arkansas,2022-02-20,Beverages,90819494,2022-02-20,97702066.0,93380357.0,76727707.0,95419709.14285715,2254685.3742622593,2,7,1,False
Arkansas,2022-02-27,Beverages,99037115,2022-02-27,90819494.0,94532467.0,76563570.0,95053871.57142857,2716389.5485341875,2,8,1,False
Arkansas,2022-03-06,Beverages,103093646,2022-03-06,99037115.0,98948580.0,76788500.0,95697392.71428572,3031900.2648202856,3,9,1,False
Arkansas,2022-03-13,Beverages,102169602,2022-03-13,103093646.0,92112220.0,78200292.0,96289545.0,3891873.733527208,3,10,1,False
Arkansas,2022-03-20,Beverages,102381503,2022-03-20,102169602.0,94644193.0,75360902.0,97726313.85714285,3940660.949450453,3,11,1,False
Arkansas,2022-03-27,Beverages,99464637,2022-03-27,102381503.0,96618081.0,76041639.0,98831643.85714285,4005722.6411562916,3,12,1,False
Arkansas,2022-04-03,Beverages,103811548,2022-04-03,99464637.0,97702066.0,77173311.0,99238294.71428572,3903550.8103736425,4,13,2,False
Arkansas,2022-04-10,Beverages,105314661,2022-04-10,103811548.0,90819494.0,76970529.0,100111077.85714285,4138432.3559892583,4,14,2,False
Arkansas,2022-04-17,Beverages,104085976,2022-04-17,105314661.0,99037115.0,74662068.0,102181816.0,2091288.3353847684,4,15,2,False
Arkansas,2022-04-24,Beverages,100996169,2022-04-24,104085976.0,103093646.0,70631842.0,102903081.85714285,1720029.8245525898,4,16,2,False
Arkansas,2022-05-01,Beverages,103805094,2022-05-01,100996169.0,102169602.0,105087223.0,102603442.28571428,1839294.6250546996,5,17,2,False
Arkansas,2022-05-08,Beverages,105764203,2022-05-08,103805094.0,102381503.0,104309748.0,102837084.0,1872914.5857513892,5,18,2,False
Arkansas,2022-05-15,Beverages,110749148,2022-05-15,105764203.0,99464637.0,101130188.0,103320326.85714285,2113915.4361510733,5,19,2,False
Arkansas,2022-05-22,Beverages,110460402,2022-05-22,110749148.0,103811548.0,98315876.0,104932399.85714285,2762246.836367786,5,20,2,False
Arkansas,2022-05-29,Beverages,109863859,2022-05-29,110460402.0,105314661.0,96518730.0,105882236.14285715,3303617.694790322,5,21,2,False
Arkansas,2022-06-05,Beverages,109057664,2022-06-05,109863859.0,104085976.0,98227444.0,106532121.57142857,3565147.776042957,6,22,2,False
Arkansas,2022-06-12,Beverages,110363535,2022-06-12,109057664.0,100996169.0,99626519.0,107242362.71428572,3501746.2927192943,6,23,2,False
Arkansas,2022-06-19,Beverages,117770997,2022-06-19,110363535.0,103805094.0,100440189.0,108580557.85714285,2507901.9839634662,6,24,2,False
Arkansas,2022-06-26,Beverages,114411032,2022-06-26,117770997.0,105764203.0,95547889.0,110575686.85714285,3334288.209099272,6,25,2,False
Arkansas,2022-07-03,Beverages,119976406,2022-07-03,114411032.0,110749148.0,95357790.0,111810948.14285715,2895828.2155731632,7,26,3,False
Arkansas,2022-07-10,Beverages,117172559,2022-07-10,119976406.0,110460402.0,96826619.0,113129127.85714285,4001514.8120625163,7,27,3,False
Arkansas,2022-07-17,Beverages,114762339,2022-07-17,117172559.0,109863859.0,99984094.0,114088007.42857143,4051030.433588327,7,28,3,False
Arkansas,2022-07-24,Beverages,114581651,2022-07-24,114762339.0,109057664.0,99759952.0,114787790.28571428,3665658.268862823,7,29,3,False
Arkansas,2022-07-31,Beverages,114979802,2022-07-31,114581651.0,110363535.0,93380357.0,115576931.28571428,2851272.7819166193,7,30,3,False
Arkansas,2022-08-07,Beverages,116148959,2022-08-07,114979802.0,117770997.0,94532467.0,116236398.0,1965454.6351377587,8,31,3,False
Arkansas,2022-08-14,Beverages,118150219,2022-08-14,116148959.0,114411032.0,98948580.0,116004678.28571428,1863862.2253455792,8,32,3,False
Arkansas,2022-08-21,Beverages,112180743,2022-08-21,118150219.0,119976406.0,92112220.0,116538847.85714285,1866400.4057044443,8,33,3,False
Arkansas,2022-08-28,Beverages,113832344,2022-08-28,112180743.0,117172559.0,94644193.0,115425181.71428572,1807866.119292568,8,34,3,False
Arkansas,2022-09-04,Beverages,118942575,2022-09-04,113832344.0,114762339.0,96618081.0,114948008.14285715,1722481.6657342208,9,35,3,False
Arkansas,2022-09-11,Beverages,116255198,2022-09-11,118942575.0,114581651.0,97702066.0,115545184.71428572,2210182.7320985305,9,36,3,False
Arkansas,2022-09-18,Beverages,113416519,2022-09-18,116255198.0,114979802.0,90819494.0,115784262.85714285,2183377.6946820864,9,37,3,False
Arkansas,2022-09-25,Beverages,110869552,2022-09-25,113416519.0,116148959.0,99037115.0,115560936.71428572,2329313.168027546,9,38,3,False
Arkansas,2022-10-02,Beverages,112136004,2022-10-02,110869552.0,118150219.0,103093646.0,114806735.71428572,2819865.375037723,10,39,4,False
Arkansas,2022-10-09,Beverages,112645109,2022-10-09,112136004.0,112180743.0,102169602.0,113947562.14285715,2575936.943558009,10,40,4,False
Arkansas,2022-10-16,Beverages,109648626,2022-10-16,112645109.0,113832344.0,102381503.0,114013900.14285715,2535239.8352134754,10,41,4,False
Arkansas,2022-10-23,Beverages,105598575,2022-10-23,109648626.0,118942575.0,99464637.0,113416226.14285715,2964413.779478389,10,42,4,False
Arkansas,2022-10-30,Beverages,102518258,2022-10-30,105598575.0,116255198.0,103811548.0,111509940.42857143,3085725.3030428994,10,43,4,False
Arkansas,2022-11-06,Beverages,104366457,2022-11-06,102518258.0,113416519.0,105314661.0,109547520.42857143,3742175.497968233,11,44,4,False
Arkansas,2022-11-13,Beverages,104922414,2022-11-13,104366457.0,110869552.0,104085976.0,108254654.42857143,3745490.4895397695,11,45,4,False
Arkansas,2022-11-20,Beverages,104002357,2022-11-20,104922414.0,112136004.0,100996169.0,107405063.28571428,3730461.3702640194,11,46,4,False
Arkansas,2022-11-27,Beverages,103751416,2022-11-27,104002357.0,112645109.0,103805094.0,106243113.71428572,3320071.3551750705,11,47,4,False
Arkansas,2022-12-04,Beverages,99768472,2022-12-04,103751416.0,109648626.0,105764203.0,104972586.14285715,2107247.640099258,12,48,4,False
Arkansas,2022-12-11,Beverages,102920616,2022-12-11,99768472.0,105598575.0,110749148.0,103561135.57142857,1787078.804486888,12,49,4,False
Arkansas,2022-12-18,Beverages,104855820,2022-12-18,102920616.0,102518258.0,110460402.0,103178570.0,1585206.861458818,12,50,4,False
Arkansas,2022-12-25,Beverages,110014384,2022-12-25,104855820.0,104366457.0,109863859.0,103512507.42857143,1655584.5638781847,12,51,4,False
Arkansas,2023-01-01,Beverages,96531612,2023-01-01,110014384.0,104922414.0,109057664.0,104319354.14285715,2832840.055848398,1,52,1,False
Arkansas,2023-01-08,Beverages,99012694,2023-01-08,96531612.0,104002357.0,110363535.0,103120668.14285715,3898757.8439494153,1,1,1,False
Arkansas,2023-01-15,Beverages,101487862,2023-01-15,99012694.0,103751416.0,117770997.0,102407859.14285715,4122128.2420008415,1,2,1,False
Arkansas,2023-01-22,Beverages,96226248,2023-01-22,101487862.0,99768472.0,114411032.0,102084494.28571428,4092726.729964331,1,3,1,False
Arkansas,2023-01-29,Beverages,98786791,2023-01-29,96226248.0,102920616.0,119976406.0,101578462.28571428,4542112.413280606,1,4,1,False
Arkansas,2023-02-05,Beverages,100758299,2023-02-05,98786791.0,104855820.0,117172559.0,100987915.85714285,4597613.241187007,2,5,1,False
Arkansas,2023-02-12,Beverages,103288441,2023-02-12,100758299.0,110014384.0,114762339.0,100402555.71428572,4320381.0773323495,2,6,1,False
Arkansas,2023-02-19,Beverages,100840048,2023-02-19,103288441.0,96531612.0,114581651.0,99441706.71428572,2394586.8673274373,2,7,1,False
Arkansas,2023-02-26,Beverages,102483063,2023-02-26,100840048.0,99012694.0,114979802.0,100057197.57142857,2103508.2258955846,2,8,1,False
Arkansas,2023-03-05,Beverages,111201474,2023-03-05,102483063.0,101487862.0,116148959.0,100552964.57142857,2205401.451425895,3,9,1,False
Arkansas,2023-03-12,Beverages,116121676,2023-03-12,111201474.0,96226248.0,118150219.0,101940623.42857143,4360277.007180598,3,10,1,False
Arkansas,2023-03-19,Beverages,111784587,2023-03-19,116121676.0,98786791.0,112180743.0,104782827.42857143,5915903.620231525,3,11,1,False
Arkansas,2023-03-26,Beverages,102395451,2023-03-26,111784587.0,100758299.0,113832344.0,106639655.42857143,5780792.3604112705,3,12,1,False
Arkansas,2023-04-02,Beverages,109455465,2023-04-02,102395451.0,103288441.0,118942575.0,106873534.28571428,5567288.962607546,4,13,2,False
Arkansas,2023-04-09,Beverages,112740581,2023-04-09,109455465.0,100840048.0,116255198.0,107754537.71428572,5416156.357341797,4,14,2,False
Arkansas,2023-04-16,Beverages,111327538,2023-04-16,112740581.0,102483063.0,113416519.0,109454613.85714285,4813105.549400441,4,15,2,False
Arkansas,2023-04-23,Beverages,110406153,2023-04-23,111327538.0,111201474.0,110869552.0,110718110.28571428,3889404.2166554877,4,16,2,False
Arkansas,2023-04-30,Beverages,111996706,2023-04-30,110406153.0,116121676.0,112136004.0,110604493.0,3885238.929558407,4,17,2,False
Arkansas,2023-05-07,Beverages,116455073,2023-05-07,111996706.0,111784587.0,112645109.0,110015211.57142857,3267453.1660379395,5,18,2,False
California,2020-05-03,Beverages,523453599,2020-05-03,511961313.0,594467897.0,506587724.0,508513195.28571427,38414651.91500821,5,18,2,False
California,2020-05-10,Beverages,532766128,2020-05-10,523453599.0,514100499.0,504318966.0,498368295.5714286,18686780.49593316,5,19,2,False
California,2020-05-17,Beverages,506672448,2020-05-17,532766128.0,465090389.0,491957817.0,501034814.0,21811880.00176269,5,20,2,False
California,2020-05-24,Beverages,528426454,2020-05-24,506672448.0,489779220.0,505768872.0,506975108.14285713,16138146.164957652,5,21,2,False
California,2020-05-31,Beverages,525499509,2020-05-31,528426454.0,484255477.0,492597099.0,512496141.5714286,15920190.82224137,5,22,2,False
California,2020-06-07,Beverages,556528877,2020-06-07,525499509.0,499937572.0,497063952.0,518388146.14285713,11355991.085101902,6,23,2,False
California,2020-06-14,Beverages,572134465,2020-06-14,556528877.0,511961313.0,486794359.0,526472618.28571427,14925962.854751322,6,24,2,False
California,2020-06-21,Beverages,539820647,2020-06-21,572134465.0,523453599.0,477240955.0,535068782.85714287,20412386.00486082,6,25,2,False
California,2020-06-28,Beverages,550818407,2020-06-28,539820647.0,532766128.0,444766891.0,537406932.5714285,19878407.614696283,6,26,2,False
California,2020-07-05,Beverages,585581852,2020-07-05,550818407.0,506672448.0,449865324.0,539985829.5714285,20276070.47092662,7,27,3,False
California,2020-07-12,Beverages,572401489,2020-07-12,585581852.0,528426454.0,461461506.0,551258601.5714285,20554879.107366588,7,28,3,False
California,2020-07-19,Beverages,566344439,2020-07-19,572401489.0,525499509.0,491464690.0,557540749.4285715,19298328.72123501,7,29,3,False
California,2020-07-26,Beverages,563610657,2020-07-26,566344439.0,556528877.0,446846319.0,563375739.4285715,14240347.827803345,7,30,3,False
California,2020-08-02,Beverages,571725103,2020-08-02,563610657.0,572134465.0,450124199.0,564387422.2857143,13966918.514441233,8,31,3,False
California,2020-08-09,Beverages,572375905,2020-08-09,571725103.0,539820647.0,449525601.0,564328942.0,13935179.722888408,8,32,3,False
California,2020-08-16,Beverages,590385374,2020-08-16,572375905.0,550818407.0,439475032.0,568979693.1428572,9798070.68276511,8,33,3,False
California,2020-08-23,Beverages,586280792,2020-08-23,590385374.0,585581852.0,450336277.0,574632117.0,9076948.150599869,8,34,3,False
California,2020-08-30,Beverages,577902644,2020-08-30,586280792.0,572401489.0,467920813.0,574731965.5714285,9199860.702560624,8,35,3,False
California,2020-09-06,Beverages,590828387,2020-09-06,577902644.0,566344439.0,446322189.0,575517844.8571428,9202180.60734256,9,36,3,False
California,2020-09-13,Beverages,555189447,2020-09-13,590828387.0,563610657.0,446287373.0,579015551.7142857,9690824.440748546,9,37,3,False
California,2020-09-20,Beverages,546802449,2020-09-20,555189447.0,571725103.0,454404243.0,577812521.7142857,11817819.866754783,9,38,3,False
California,2020-09-27,Beverages,536372040,2020-09-27,546802449.0,572375905.0,488089630.0,574252142.5714285,16095518.056178864,9,39,3,False
California,2020-10-04,Beverages,554931497,2020-10-04,536372040.0,590385374.0,504525418.0,569108733.2857143,20906797.255275525,10,40,4,False
California,2020-10-11,Beverages,543419228,2020-10-11,554931497.0,586280792.0,594467897.0,564043893.7142857,19377415.3876487,10,41,4,False
California,2020-10-18,Beverages,535362222,2020-10-18,543419228.0,577902644.0,514100499.0,557920813.1428572,18114090.688923396,10,42,4,False
California,2020-10-25,Beverages,529163244,2020-10-25,535362222.0,590828387.0,465090389.0,551843610.0,17517059.660620015,10,43,4,False
California,2020-11-01,Beverages,517917263,2020-11-01,529163244.0,555189447.0,489779220.0,543034303.8571428,9252726.974096471,11,44,4,False
California,2020-11-08,Beverages,513811149,2020-11-08,517917263.0,546802449.0,484255477.0,537709706.1428572,11237370.981705917,11,45,4,False
California,2020-11-15,Beverages,497866038,2020-11-15,513811149.0,536372040.0,499937572.0,532996663.28571427,13185073.790870104,11,46,4,False
California,2020-11-22,Beverages,521507022,2020-11-22,497866038.0,554931497.0,511961313.0,527495805.85714287,17840062.59578408,11,47,4,False
California,2020-11-29,Beverages,471884849,2020-11-29,521507022.0,543419228.0,523453599.0,522720880.85714287,13894623.092931623,11,48,4,False
California,2020-12-06,Beverages,479476192,2020-12-06,471884849.0,535362222.0,532766128.0,512501683.85714287,19915107.35067707,12,49,4,False
California,2020-12-13,Beverages,487555072,2020-12-13,479476192.0,529163244.0,506672448.0,504517965.28571427,20347625.618427105,12,50,4,False
California,2020-12-20,Beverages,505770196,2020-12-20,487555072.0,517917263.0,528426454.0,498573940.71428573,18249113.74416055,12,51,4,False
California,2020-12-27,Beverages,474551686,2020-12-27,505770196.0,513811149.0,525499509.0,496838645.4285714,16851258.079862714,12,52,4,False
California,2021-01-03,Beverages,479823371,2021-01-03,474551686.0,497866038.0,556528877.0,491230150.71428573,16802255.309870083,1,53,1,False
California,2021-01-10,Beverages,478632113,2021-01-10,479823371.0,521507022.0,572134465.0,488652626.85714287,16969656.546860974,1,1,1,False
California,2021-01-17,Beverages,488099008,2021-01-17,478632113.0,471884849.0,539820647.0,482527639.85714287,10516489.506185444,1,2,1,False
California,2021-01-24,Beverages,475172743,2021-01-24,488099008.0,479476192.0,550818407.0,484843948.28571427,9668727.30091656,1,3,1,False
California,2021-01-31,Beverages,476419790,2021-01-31,475172743.0,487555072.0,585581852.0,484229169.85714287,10116914.76021625,1,4,1,False
California,2021-02-07,Beverages,494320647,2021-02-07,476419790.0,505770196.0,572401489.0,482638415.28571427,10341836.240671111,2,5,1,False
California,2021-02-14,Beverages,485051221,2021-02-14,494320647.0,474551686.0,566344439.0,481002765.4285714,6880021.214961779,2,6,1,False
California,2021-02-21,Beverages,482836202,2021-02-21,485051221.0,479823371.0,563610657.0,482502699.0,6440583.437607352,2,7,1,False
California,2021-02-28,Beverages,514375629,2021-02-28,482836202.0,478632113.0,571725103.0,482933103.4285714,6347142.158168091,2,8,1,False
California,2021-03-07,Beverages,538794933,2021-03-07,514375629.0,488099008.0,572375905.0,488039320.0,12361364.100378707,3,9,1,False
California,2021-03-14,Beverages,612121418,2021-03-14,538794933.0,475172743.0,590385374.0,495281595.0,21641884.37489403,3,10,1,False
California,2021-03-21,Beverages,535505288,2021-03-21,612121418.0,476419790.0,586280792.0,514845691.4285714,44475513.875650615,3,11,1,False
California,2021-03-28,Beverages,488584342,2021-03-28,535505288.0,494320647.0,577902644.0,523286476.85714287,41914948.511172935,3,12,1,False
California,2021-04-04,Beverages,536621575,2021-04-04,488584342.0,485051221.0,590828387.0,522467004.71428573,42524880.92372662,4,13,2,False
California,2021-04-11,Beverages,508801549,2021-04-11,536621575.0,482836202.0,555189447.0,529834198.14285713,39783414.88424007,4,14,2,False
California,2021-04-18,Beverages,515453323,2021-04-18,508801549.0,514375629.0,546802449.0,533543533.4285714,36285154.79533629,4,15,2,False
California,2021-04-25,Beverages,532877586,2021-04-25,515453323.0,538794933.0,536372040.0,533697489.71428573,36205698.92996796,4,16,2,False
California,2021-05-02,Beverages,552679135,2021-05-02,532877586.0,612121418.0,554931497.0,532852154.4285714,36145844.68685774,5,17,2,False
California,2021-05-09,Beverages,576813823,2021-05-09,552679135.0,535505288.0,543419228.0,524360399.71428573,19821987.580228455,5,18,2,False
California,2021-05-16,Beverages,551703983,2021-05-16,576813823.0,488584342.0,535362222.0,530261619.0,27081255.239682425,5,19,2,False
California,2021-05-23,Beverages,564105034,2021-05-23,551703983.0,536621575.0,529163244.0,539278710.5714285,21670864.807118557,5,20,2,False
California,2021-05-30,Beverages,580968751,2021-05-30,564105034.0,508801549.0,517917263.0,543204919.0,23264825.833930545,5,21,2,False
California,2021-06-06,Beverages,578471229,2021-06-06,580968751.0,515453323.0,513811149.0,553514519.2857143,21670470.30009395,6,22,2,False
California,2021-06-13,Beverages,589885974,2021-06-13,578471229.0,532877586.0,497866038.0,562517077.2857143,16449599.753926637,6,23,2,False
California,2021-06-20,Beverages,602011587,2021-06-20,589885974.0,552679135.0,521507022.0,570661132.7142857,13629814.569362707,6,24,2,False
California,2021-06-27,Beverages,585311316,2021-06-27,602011587.0,576813823.0,471884849.0,577708625.8571428,15176257.496969378,6,25,2,False
California,2021-07-04,Beverages,622923228,2021-07-04,585311316.0,551703983.0,479476192.0,578922553.4285715,15394416.5458717,7,26,3,False
California,2021-07-11,Beverages,612497091,2021-07-11,622923228.0,564105034.0,487555072.0,589096731.2857143,17441854.20434291,7,27,3,False
California,2021-07-18,Beverages,608751471,2021-07-18,612497091.0,580968751.0,505770196.0,596009882.2857143,15666060.909287145,7,28,3,False
California,2021-07-25,Beverages,598589158,2021-07-25,608751471.0,578471229.0,474551686.0,599978842.2857143,14850792.182493085,7,29,3,False
California,2021-08-01,Beverages,602999392,2021-08-01,598589158.0,589885974.0,479823371.0,602852832.1428572,12102876.095059814,8,30,3,False
California,2021-08-08,Beverages,611364709,2021-08-08,602999392.0,602011587.0,478632113.0,604726177.5714285,10906573.22403126,8,31,3,False
California,2021-08-15,Beverages,638156864,2021-08-15,611364709.0,585311316.0,488099008.0,606062337.8571428,11063951.7858151,8,32,3,False
California,2021-08-22,Beverages,617148868,2021-08-22,638156864.0,622923228.0,475172743.0,613611701.8571428,12290418.02392251,8,33,3,False
California,2021-08-29,Beverages,595262791,2021-08-29,617148868.0,612497091.0,476419790.0,612786793.2857143,11822643.725216854,8,34,3,False
California,2021-09-05,Beverages,625640392,2021-09-05,595262791.0,608751471.0,494320647.0,610324750.4285715,13325590.182890238,9,35,3,False
California,2021-09-12,Beverages,602636475,2021-09-12,625640392.0,598589158.0,485051221.0,612737453.4285715,14314554.003715545,9,36,3,False
California,2021-09-19,Beverages,586302816,2021-09-19,602636475.0,602999392.0,482836202.0,613315641.5714285,13804039.70508823,9,37,3,False
California,2021-09-26,Beverages,580649015,2021-09-26,586302816.0,611364709.0,514375629.0,610930416.4285715,16549938.422480058,9,38,3,False
California,2021-10-03,Beverages,847187815,2021-10-03,580649015.0,638156864.0,538794933.0,606542460.1428572,19637059.615498498,10,39,4,False
California,2021-10-10,Beverages,815989724,2021-10-10,847187815.0,617148868.0,612121418.0,636404024.5714285,87315539.31789501,10,40,4,False
California,2021-10-17,Beverages,818621940,2021-10-17,815989724.0,595262791.0,535505288.0,664809861.1428572,106636930.9988832,10,41,4,False
California,2021-10-24,Beverages,782324756,2021-10-24,818621940.0,625640392.0,488584342.0,696718311.0,114201802.46321094,10,42,4,False
California,2021-10-31,Beverages,801781952,2021-10-31,782324756.0,602636475.0,536621575.0,719101791.5714285,113429407.39864251,10,43,4,False
California,2021-11-07,Beverages,783320346,2021-11-07,801781952.0,586302816.0,508801549.0,747551145.4285715,105336123.27065825,11,44,4,False
California,2021-11-14,Beverages,792175855,2021-11-14,783320346.0,580649015.0,515453323.0,775696506.8571428,82291445.86358786,11,45,4,False
California,2021-11-21,Beverages,804762762,2021-11-21,792175855.0,847187815.0,532877586.0,805914626.8571428,21511710.556110308,11,46,4,False
California,2021-11-28,Beverages,738558960,2021-11-28,804762762.0,815989724.0,552679135.0,799853905.0,13522468.733371045,11,47,4,False
California,2021-12-05,Beverages,748674115,2021-12-05,738558960.0,818621940.0,576813823.0,788792367.2857143,23664930.159069043,12,48,4,False
California,2021-12-12,Beverages,755743320,2021-12-12,748674115.0,782324756.0,551703983.0,778799820.8571428,23727369.08324767,12,49,4,False
California,2021-12-19,Beverages,774968962,2021-12-19,755743320.0,801781952.0,564105034.0,775002472.8571428,24954685.80811159,12,50,4,False
California,2021-12-26,Beverages,749275823,2021-12-26,774968962.0,783320346.0,580968751.0,771172045.7142857,22485899.777443513,12,51,4,False
California,2022-01-02,Beverages,729386633,2022-01-02,749275823.0,792175855.0,578471229.0,766308542.4285715,23008065.48476701,1,52,1,False
California,2022-01-09,Beverages,736430207,2022-01-09,729386633.0,804762762.0,589885974.0,757338653.5714285,23410909.346091762,1,1,1,False
California,2022-01-16,Beverages,755673421,2022-01-16,736430207.0,738558960.0,602011587.0,747576860.0,13926149.691157121,1,2,1,False
California,2022-01-23,Beverages,750604360,2022-01-23,755673421.0,748674115.0,585311316.0,750021783.0,13627450.012114828,1,3,1,False
California,2022-01-30,Beverages,732224035,2022-01-30,750604360.0,755743320.0,622923228.0,750297532.2857143,13616915.32129652,1,4,1,False
California,2022-02-06,Beverages,745632437,2022-02-06,732224035.0,774968962.0,612497091.0,746937634.4285715,14715953.369951714,2,5,1,False
California,2022-02-13,Beverages,762696333,2022-02-13,745632437.0,749275823.0,608751471.0,742746702.2857143,9326734.34223782,2,6,1,False
California,2022-02-20,Beverages,739917838,2022-02-20,762696333.0,729386633.0,598589158.0,744663918.0,11579194.088065708,2,7,1,False
California,2022-02-27,Beverages,757884374,2022-02-27,739917838.0,736430207.0,602999392.0,746168375.8571428,10084147.63301723,2,8,1,False
California,2022-03-06,Beverages,775923009,2022-03-06,757884374.0,755673421.0,611364709.0,749233256.8571428,9917577.79598191,3,9,1,False
California,2022-03-13,Beverages,779023246,2022-03-13,775923009.0,750604360.0,638156864.0,752126055.1428572,13631882.938709984,3,10,1,False
California,2022-03-20,Beverages,773456533,2022-03-20,779023246.0,732224035.0,617148868.0,756185896.0,16503526.86368807,3,11,1,False
California,2022-03-27,Beverages,798854528,2022-03-27,773456533.0,745632437.0,595262791.0,762076252.8571428,14080355.033339908,3,12,1,False
California,2022-04-03,Beverages,819513915,2022-04-03,798854528.0,762696333.0,625640392.0,769679408.7142857,17177149.999254804,4,13,2,False
California,2022-04-10,Beverages,831441980,2022-04-10,819513915.0,739917838.0,602636475.0,777796206.1428572,24020584.153454844,4,14,2,False
California,2022-04-17,Beverages,822280165,2022-04-17,831441980.0,757884374.0,586302816.0,790871083.5714285,24742533.022749875,4,15,2,False
California,2022-04-24,Beverages,798871465,2022-04-24,822280165.0,775923009.0,580649015.0,800070482.2857143,22650624.127569523,4,16,2,False
California,2022-05-01,Beverages,822427062,2022-05-01,798871465.0,779023246.0,847187815.0,803348833.1428572,20474581.801235776,5,17,2,False
California,2022-05-08,Beverages,837782910,2022-05-08,822427062.0,773456533.0,815989724.0,809549378.2857143,18660794.67588567,5,18,2,False
California,2022-05-15,Beverages,812869874,2022-05-15,837782910.0,798854528.0,818621940.0,818738860.7142857,13840362.952800639,5,19,2,False
California,2022-05-22,Beverages,823723310,2022-05-22,812869874.0,819513915.0,782324756.0,820741053.0,11661208.137446975,5,20,2,False
California,2022-05-29,Beverages,854870957,2022-05-29,823723310.0,831441980.0,801781952.0,821342395.1428572,11690919.12009113,5,21,2,False
California,2022-06-05,Beverages,867362897,2022-06-05,854870957.0,822280165.0,783320346.0,824689391.8571428,16477210.52150999,6,22,2,False
California,2022-06-12,Beverages,894410020,2022-06-12,867362897.0,798871465.0,792175855.0,831129782.1428572,22120974.35174231,6,23,2,False
California,2022-06-19,Beverages,886160929,2022-06-19,894410020.0,822427062.0,804762762.0,844778147.1428572,26952887.34081812,6,24,2,False
California,2022-06-26,Beverages,888243245,2022-06-26,886160929.0,837782910.0,738558960.0,853882985.2857143,28580422.959898893,6,25,2,False
California,2022-07-03,Beverages,935576185,2022-07-03,888243245.0,812869874.0,748674115.0,861091604.5714285,29941728.44364261,7,26,3,False
California,2022-07-10,Beverages,892737988,2022-07-10,935576185.0,823723310.0,755743320.0,878621077.5714285,32397509.101919107,7,27,3,False
California,2022-07-17,Beverages,896695790,2022-07-17,892737988.0,854870957.0,774968962.0,888480317.2857143,23459022.612626147,7,28,3,False
California,2022-07-24,Beverages,921542954,2022-07-24,896695790.0,867362897.0,749275823.0,894455293.4285715,19049869.54334085,7,29,3,False
California,2022-07-31,Beverages,903223651,2022-07-31,921542954.0,894410020.0,729386633.0,902195301.5714285,17405549.344791044,7,30,3,False
California,2022-08-07,Beverages,925362008,2022-08-07,903223651.0,886160929.0,736430207.0,903454391.7142857,17113160.23851495,8,31,3,False
California,2022-08-14,Beverages,938316356,2022-08-14,925362008.0,888243245.0,755673421.0,909054545.8571428,16951061.859486602,8,32,3,False
California,2022-08-21,Beverages,900851967,2022-08-21,938316356.0,935576185.0,750604360.0,916207847.4285715,17222596.0919139,8,33,3,False
California,2022-08-28,Beverages,909390979,2022-08-28,900851967.0,892737988.0,732224035.0,911247244.8571428,15877847.242398502,8,34,3,False
California,2022-09-04,Beverages,953230705,2022-09-04,909390979.0,896695790.0,745632437.0,913626243.5714285,14071135.200022973,9,35,3,False
California,2022-09-11,Beverages,941975597,2022-09-11,953230705.0,921542954.0,762696333.0,921702660.0,17773381.024684347,9,36,3,False
California,2022-09-18,Beverages,867638860,2022-09-18,941975597.0,903223651.0,739917838.0,924621609.0,19133277.43221809,9,37,3,False
California,2022-09-25,Beverages,855686656,2022-09-25,867638860.0,925362008.0,757884374.0,919538067.4285715,27178879.53581326,9,38,3,False
California,2022-10-02,Beverages,856445643,2022-10-02,855686656.0,938316356.0,775923009.0,909584445.7142857,34888399.24014704,10,39,4,False
California,2022-10-09,Beverages,866381839,2022-10-09,856445643.0,900851967.0,779023246.0,897888629.5714285,36957635.37830097,10,40,4,False
California,2022-10-16,Beverages,826542797,2022-10-16,866381839.0,909390979.0,773456533.0,892964325.5714285,38499021.84934331,10,41,4,False
California,2022-10-23,Beverages,836400784,2022-10-23,826542797.0,953230705.0,798854528.0,881128871.0,43975092.63209571,10,42,4,False
California,2022-10-30,Beverages,821263499,2022-10-30,836400784.0,941975597.0,819513915.0,864438882.2857143,34617705.29975535,10,43,4,False
California,2022-11-06,Beverages,813144569,2022-11-06,821263499.0,867638860.0,831441980.0,847194296.8571428,17563111.29492615,11,44,4,False
California,2022-11-13,Beverages,811480817,2022-11-13,813144569.0,855686656.0,822280165.0,839409398.1428572,18808855.883816168,11,45,4,False
California,2022-11-20,Beverages,832806518,2022-11-20,811480817.0,856445643.0,798871465.0,833094278.2857143,19684303.99815277,11,46,4,False
California,2022-11-27,Beverages,792984860,2022-11-27,832806518.0,866381839.0,822427062.0,829717260.4285715,17267928.95163943,11,47,4,False
California,2022-12-04,Beverages,764715118,2022-12-04,792984860.0,826542797.0,837782910.0,819231977.7142857,13745957.515819686,12,48,4,False
California,2022-12-11,Beverages,779963946,2022-12-11,764715118.0,836400784.0,812869874.0,810399452.1428572,22975778.534535643,12,49,4,False
California,2022-12-18,Beverages,802540094,2022-12-18,779963946.0,821263499.0,823723310.0,802337046.7142857,22330117.079982944,12,50,4,False
California,2022-12-25,Beverages,815368628,2022-12-25,802540094.0,813144569.0,854870957.0,799662274.5714285,20983628.623979382,12,51,4,False
California,2023-01-01,Beverages,756579579,2023-01-01,815368628.0,811480817.0,867362897.0,799979997.2857143,21201075.89084608,1,52,1,False
California,2023-01-08,Beverages,756624460,2023-01-08,756579579.0,832806518.0,894410020.0,792136963.2857143,25261869.93843339,1,1,1,False
California,2023-01-15,Beverages,766999017,2023-01-15,756624460.0,792984860.0,886160929.0,781253812.1428572,21531236.00352337,1,2,1,False
California,2023-01-22,Beverages,764986979,2023-01-22,766999017.0,764715118.0,888243245.0,777541548.8571428,21428533.303241644,1,3,1,False
California,2023-01-29,Beverages,778317435,2023-01-29,764986979.0,779963946.0,935576185.0,777580386.1428572,21405485.325423468,1,4,1,False
California,2023-02-05,Beverages,787384368,2023-02-05,778317435.0,802540094.0,892737988.0,777345170.2857143,21387039.506765064,2,5,1,False
California,2023-02-12,Beverages,845801292,2023-02-12,787384368.0,815368628.0,896695790.0,775180066.5714285,19401862.21979019,2,6,1,False
California,2023-02-19,Beverages,786199419,2023-02-19,845801292.0,756579579.0,921542954.0,779527590.0,28970320.02084511,2,7,1,False
California,2023-02-26,Beverages,786344636,2023-02-26,786199419.0,756624460.0,903223651.0,783758995.7142857,27431797.576348055,2,8,1,False
California,2023-03-05,Beverages,839560396,2023-03-05,786344636.0,766999017.0,925362008.0,788004735.1428572,25104760.539097883,3,9,1,False
California,2023-03-12,Beverages,921784604,2023-03-12,839560396.0,764986979.0,938316356.0,798370646.4285715,28973692.91101991,3,10,1,False
California,2023-03-19,Beverages,841308841,2023-03-19,921784604.0,778317435.0,900851967.0,820770307.1428572,48521933.53521344,3,11,1,False
California,2023-03-26,Beverages,789656125,2023-03-26,841308841.0,787384368.0,909390979.0,829769079.4285715,45565315.66136986,3,12,1,False
California,2023-04-02,Beverages,813344182,2023-04-02,789656125.0,845801292.0,953230705.0,830093616.1428572,45269406.289765276,4,13,2,False
California,2023-04-09,Beverages,860323110,2023-04-09,813344182.0,786199419.0,941975597.0,825456886.1428572,45084922.45342184,4,14,2,False
California,2023-04-16,Beverages,835223086,2023-04-16,860323110.0,786344636.0,867638860.0,836045984.8571428,43289974.73341027,4,15,2,False
California,2023-04-23,Beverages,850571754,2023-04-23,835223086.0,839560396.0,855686656.0,843028620.5714285,38372806.70440579,4,16,2,False
California,2023-04-30,Beverages,874642691,2023-04-30,850571754.0,921784604.0,856445643.0,844601671.7142857,38424052.94227059,4,17,2,False
California,2023-05-07,Beverages,883254116,2023-05-07,874642691.0,841308841.0,866381839.0,837867112.7142857,26626068.645502396,5,18,2,False
Colorado,2020-05-03,Beverages,105416647,2020-05-03,100031056.0,117149278.0,100423016.0,101747043.14285715,6959149.060502098,5,18,2,False
Colorado,2020-05-10,Beverages,105115083,2020-05-10,105416647.0,104354543.0,96208959.0,100070953.0,3695180.1856105514,5,19,2,False
Colorado,2020-05-17,Beverages,106926596,2020-05-17,105115083.0,94075698.0,96070971.0,100179601.57142857,3828314.9745992795,5,20,2,False
Colorado,2020-05-24,Beverages,110779344,2020-05-24,106926596.0,96546501.0,97471702.0,102015444.14285715,3530763.5393085983,5,21,2,False
Colorado,2020-05-31,Beverages,106394738,2020-05-31,110779344.0,100414296.0,92194329.0,104048707.42857143,3877066.687155675,5,22,2,False
Colorado,2020-06-07,Beverages,115018399,2020-06-07,106394738.0,99657930.0,95171405.0,104903056.28571428,3633319.063072531,6,23,2,False
Colorado,2020-06-14,Beverages,114522305,2020-06-14,115018399.0,100031056.0,94977961.0,107097409.0,4367241.259489538,6,24,2,False
Colorado,2020-06-21,Beverages,111039373,2020-06-21,114522305.0,105416647.0,95674566.0,109167587.42857143,3940736.6667642966,6,25,2,False
Colorado,2020-06-28,Beverages,116567565,2020-06-28,111039373.0,105115083.0,89816716.0,109970834.0,3657154.0473550563,6,26,2,False
Colorado,2020-07-05,Beverages,124000018,2020-07-05,116567565.0,106926596.0,92967545.0,111606902.85714285,3680545.8263254003,7,27,3,False
Colorado,2020-07-12,Beverages,119333472,2020-07-12,124000018.0,110779344.0,97765963.0,114045963.14285715,5139008.356030028,7,28,3,False
Colorado,2020-07-19,Beverages,119223162,2020-07-19,119333472.0,106394738.0,102108204.0,115267981.42857143,5233129.310173352,7,29,3,False
Colorado,2020-07-26,Beverages,115636420,2020-07-26,119223162.0,115018399.0,91828009.0,117100613.42857143,3874803.6027081385,7,30,3,False
Colorado,2020-08-02,Beverages,116777704,2020-08-02,115636420.0,114522305.0,93858490.0,117188902.14285715,3833171.046594431,8,31,3,False
Colorado,2020-08-09,Beverages,119457331,2020-08-09,116777704.0,111039373.0,94406018.0,117511102.0,3687508.9590582508,8,32,3,False
Colorado,2020-08-16,Beverages,118885840,2020-08-16,119457331.0,116567565.0,93556021.0,118713667.42857143,2590241.0826291214,8,33,3,False
Colorado,2020-08-23,Beverages,116517361,2020-08-23,118885840.0,124000018.0,91933087.0,119044849.57142857,2438429.194062023,8,34,3,False
Colorado,2020-08-30,Beverages,114589946,2020-08-30,116517361.0,119333472.0,96637422.0,117975898.57142857,1486004.6712848113,8,35,3,False
Colorado,2020-09-06,Beverages,115955629,2020-09-06,114589946.0,119223162.0,91717705.0,117298252.0,1767350.893010713,9,36,3,False
Colorado,2020-09-13,Beverages,107410888,2020-09-13,115955629.0,115636420.0,93183877.0,116831461.57142857,1622907.8459784184,9,37,3,False
Colorado,2020-09-20,Beverages,109526977,2020-09-20,107410888.0,116777704.0,92341806.0,115656385.57142857,3705021.0323789446,9,38,3,False
Colorado,2020-09-27,Beverages,107762178,2020-09-27,109526977.0,119457331.0,98316102.0,114620567.42857143,4223947.4731977675,9,39,3,False
Colorado,2020-10-04,Beverages,106364272,2020-10-04,107762178.0,118885840.0,103348721.0,112949831.28571428,4292781.893381938,10,40,4,False
Colorado,2020-10-11,Beverages,107613660,2020-10-11,106364272.0,116517361.0,117149278.0,111161035.85714285,4048468.8947387515,10,41,4,False
Colorado,2020-10-18,Beverages,103854518,2020-10-18,107613660.0,114589946.0,104354543.0,109889078.57142857,3531475.446825823,10,42,4,False
Colorado,2020-10-25,Beverages,101886131,2020-10-25,103854518.0,115955629.0,94075698.0,108355446.0,3487790.8784162696,10,43,4,False
Colorado,2020-11-01,Beverages,97188916,2020-11-01,101886131.0,107410888.0,96546501.0,106345517.71428572,2419072.1190655436,11,44,4,False
Colorado,2020-11-08,Beverages,104033043,2020-11-08,97188916.0,109526977.0,100414296.0,104885236.0,3941441.9358097576,11,45,4,False
Colorado,2020-11-15,Beverages,100429080,2020-11-15,104033043.0,107762178.0,99657930.0,104100388.28571428,3456119.2850890225,11,46,4,False
Colorado,2020-11-22,Beverages,104943497,2020-11-22,100429080.0,106364272.0,100031056.0,103052802.85714285,3295041.243951046,11,47,4,False
Colorado,2020-11-29,Beverages,94796796,2020-11-29,104943497.0,107613660.0,105416647.0,102849835.0,3124136.5068922034,11,48,4,False
Colorado,2020-12-06,Beverages,97886273,2020-12-06,94796796.0,103854518.0,105115083.0,101018854.42857143,3525652.562295183,12,49,4,False
Colorado,2020-12-13,Beverages,102075751,2020-12-13,97886273.0,101886131.0,106926596.0,100166248.0,3457808.893177142,12,50,4,False
Colorado,2020-12-20,Beverages,104443758,2020-12-20,102075751.0,97188916.0,110779344.0,100193336.57142857,3471890.469605248,12,51,4,False
Colorado,2020-12-27,Beverages,99610494,2020-12-27,104443758.0,104033043.0,106394738.0,101229742.57142857,3503034.2277014265,12,52,4,False
Colorado,2021-01-03,Beverages,99516019,2021-01-03,99610494.0,100429080.0,115018399.0,100597949.85714285,3335267.819822556,1,53,1,False
Colorado,2021-01-10,Beverages,99984581,2021-01-10,99516019.0,104943497.0,114522305.0,100467512.57142857,3357104.197754415,1,1,1,False
Colorado,2021-01-17,Beverages,100352533,2021-01-17,99984581.0,94796796.0,111039373.0,99759096.0,2817720.664174417,1,2,1,False
Colorado,2021-01-24,Beverages,98388621,2021-01-24,100352533.0,97886273.0,116567565.0,100552772.71428572,1960143.4089146894,1,3,1,False
Colorado,2021-01-31,Beverages,99306860,2021-01-31,98388621.0,102075751.0,124000018.0,100624536.71428572,1868246.5690308912,1,4,1,False
Colorado,2021-02-07,Beverages,101010049,2021-02-07,99306860.0,104443758.0,119333472.0,100228980.85714285,1811369.4372072436,2,5,1,False
Colorado,2021-02-14,Beverages,98307861,2021-02-14,101010049.0,99610494.0,119223162.0,99738451.0,768002.8795458208,2,6,1,False
Colorado,2021-02-21,Beverages,97443599,2021-02-21,98307861.0,99516019.0,115636420.0,99552360.57142857,919363.6139001254,2,7,1,False
Colorado,2021-02-28,Beverages,101868950,2021-02-28,97443599.0,99984581.0,116777704.0,99256300.57142857,1180108.9642222873,2,8,1,False
Colorado,2021-03-07,Beverages,110131176,2021-03-07,101868950.0,100352533.0,119457331.0,99525496.14285715,1489816.9128310296,3,9,1,False
Colorado,2021-03-14,Beverages,128981248,2021-03-14,110131176.0,98388621.0,118885840.0,100922445.14285715,4029765.5150716947,3,10,1,False
Colorado,2021-03-21,Beverages,105019247,2021-03-21,128981248.0,99306860.0,116517361.0,105292820.42857143,10425572.699366502,3,11,1,False
Colorado,2021-03-28,Beverages,99085283,2021-03-28,105019247.0,101010049.0,114589946.0,106108875.71428572,10144875.267355677,3,12,1,False
Colorado,2021-04-04,Beverages,104844289,2021-04-04,99085283.0,98307861.0,115955629.0,105833909.14285715,10304181.077722535,4,13,2,False
Colorado,2021-04-11,Beverages,107102293,2021-04-11,104844289.0,97443599.0,107410888.0,106767684.57142857,9866736.508513154,4,14,2,False
Colorado,2021-04-18,Beverages,99335213,2021-04-18,107102293.0,101868950.0,109526977.0,108147498.0,9112892.128913302,4,15,2,False
Colorado,2021-04-25,Beverages,104244477,2021-04-25,99335213.0,110131176.0,107762178.0,107785535.57142857,9400856.382019594,4,16,2,False
Colorado,2021-05-02,Beverages,113113760,2021-05-02,104244477.0,128981248.0,106364272.0,106944578.57142857,9416697.260434376,5,17,2,False
Colorado,2021-05-09,Beverages,112816691,2021-05-09,113113760.0,105019247.0,107613660.0,104677794.57142857,4427110.362602076,5,18,2,False
Colorado,2021-05-16,Beverages,109714051,2021-05-16,112816691.0,99085283.0,103854518.0,105791715.14285715,5273037.2811188325,5,19,2,False
Colorado,2021-05-23,Beverages,117625053,2021-05-23,109714051.0,104844289.0,101886131.0,107310110.57142857,4612162.0112081,5,20,2,False
Colorado,2021-05-30,Beverages,116957171,2021-05-30,117625053.0,107102293.0,97188916.0,109135934.0,5680626.372150419,5,21,2,False
Colorado,2021-06-06,Beverages,121425334,2021-06-06,116957171.0,99335213.0,104033043.0,110543773.71428572,6199637.958614345,6,22,2,False
Colorado,2021-06-13,Beverages,125933476,2021-06-13,121425334.0,104244477.0,100429080.0,113699505.28571428,5238792.178610178,6,23,2,False
Colorado,2021-06-20,Beverages,127783969,2021-06-20,125933476.0,113113760.0,104943497.0,116797933.71428572,5143446.216860496,6,24,2,False
Colorado,2021-06-27,Beverages,120337964,2021-06-27,127783969.0,112816691.0,94796796.0,118893677.85714285,6112751.352189257,6,25,2,False
Colorado,2021-07-04,Beverages,129578194,2021-07-04,120337964.0,109714051.0,97886273.0,119968145.42857143,5588699.477159778,7,26,3,False
Colorado,2021-07-11,Beverages,127485651,2021-07-11,129578194.0,117625053.0,102075751.0,122805880.14285715,4620951.444338867,7,27,3,False
Colorado,2021-07-18,Beverages,124870676,2021-07-18,127485651.0,116957171.0,104443758.0,124214537.0,4320076.58926041,7,28,3,False
Colorado,2021-07-25,Beverages,124809030,2021-07-25,124870676.0,121425334.0,99610494.0,125345037.71428572,3149974.290913049,7,29,3,False
Colorado,2021-08-01,Beverages,123397870,2021-08-01,124809030.0,125933476.0,99516019.0,125828422.85714285,2744968.511959277,8,30,3,False
Colorado,2021-08-08,Beverages,126279291,2021-08-08,123397870.0,127783969.0,99984581.0,125466193.42857143,2871586.043526033,8,31,3,False
Colorado,2021-08-15,Beverages,127856917,2021-08-15,126279291.0,120337964.0,100352533.0,125251239.42857143,2743502.7752323835,8,32,3,False
Colorado,2021-08-22,Beverages,124153756,2021-08-22,127856917.0,129578194.0,98388621.0,126325375.57142857,1973414.4934044895,8,33,3,False
Colorado,2021-08-29,Beverages,120426229,2021-08-29,124153756.0,127485651.0,99306860.0,125550455.85714285,1567170.025787593,8,34,3,False
Colorado,2021-09-05,Beverages,125204216,2021-09-05,120426229.0,124870676.0,101010049.0,124541967.0,2157562.2965926486,9,35,3,False
Colorado,2021-09-12,Beverages,117995179,2021-09-12,125204216.0,124809030.0,98307861.0,124589615.57142857,2167953.5074269176,9,36,3,False
Colorado,2021-09-19,Beverages,118347312,2021-09-19,117995179.0,123397870.0,97443599.0,123616208.28571428,3155628.886122398,9,37,3,False
Colorado,2021-09-26,Beverages,116470675,2021-09-26,118347312.0,126279291.0,101868950.0,122894700.0,3660123.5866455836,9,38,3,False
Colorado,2021-10-03,Beverages,164057354,2021-10-03,116470675.0,127856917.0,110131176.0,121493469.14285715,3961313.603283537,10,39,4,False
Colorado,2021-10-10,Beverages,163295548,2021-10-10,164057354.0,124153756.0,128981248.0,126664960.14285715,15555543.934122402,10,40,4,False
Colorado,2021-10-17,Beverages,158171905,2021-10-17,163295548.0,120426229.0,105019247.0,132256644.71428572,20037286.299344096,10,41,4,False
Colorado,2021-10-24,Beverages,157175507,2021-10-24,158171905.0,125204216.0,99085283.0,137648884.14285713,21174641.68363186,10,42,4,False
Colorado,2021-10-31,Beverages,155305036,2021-10-31,157175507.0,117995179.0,104844289.0,142216211.42857143,21444126.862572875,10,43,4,False
Colorado,2021-11-07,Beverages,156696702,2021-11-07,155305036.0,118347312.0,107102293.0,147546191.0,19290086.94129722,11,44,4,False
Colorado,2021-11-14,Beverages,156901319,2021-11-14,156696702.0,116470675.0,99335213.0,153024675.2857143,15240045.770658616,11,45,4,False
Colorado,2021-11-21,Beverages,160371575,2021-11-21,156901319.0,164057354.0,104244477.0,158800481.57142857,3187628.4846086283,11,46,4,False
Colorado,2021-11-28,Beverages,147374438,2021-11-28,160371575.0,163295548.0,113113760.0,158273941.7142857,2507695.1504782294,11,47,4,False
Colorado,2021-12-05,Beverages,151955870,2021-12-05,147374438.0,158171905.0,112816691.0,155999497.42857143,3805836.094387544,12,48,4,False
Colorado,2021-12-12,Beverages,158281659,2021-12-12,151955870.0,157175507.0,109714051.0,155111492.42857143,3918863.1114853136,12,49,4,False
Colorado,2021-12-19,Beverages,163200759,2021-12-19,158281659.0,155305036.0,117625053.0,155269514.14285713,4019904.414466936,12,50,4,False
Colorado,2021-12-26,Beverages,156967757,2021-12-26,163200759.0,156696702.0,116957171.0,156397474.57142857,4886055.09285372,12,51,4,False
Colorado,2022-01-02,Beverages,151947526,2022-01-02,156967757.0,156901319.0,121425334.0,156436196.7142857,4889345.994195777,1,52,1,False
Colorado,2022-01-09,Beverages,153105243,2022-01-09,151947526.0,160371575.0,125933476.0,155728512.0,5123698.890080594,1,1,1,False
Colorado,2022-01-16,Beverages,156254016,2022-01-16,153105243.0,147374438.0,127783969.0,154690464.57142857,4803967.723070754,1,2,1,False
Colorado,2022-01-23,Beverages,150034320,2022-01-23,156254016.0,151955870.0,120337964.0,155958975.7142857,3764559.2765992624,1,3,1,False
Colorado,2022-01-30,Beverages,152646637,2022-01-30,150034320.0,158281659.0,129578194.0,155684468.57142857,4101438.0161444014,1,4,1,False
Colorado,2022-02-06,Beverages,153916049,2022-02-06,152646637.0,163200759.0,127485651.0,154879465.42857143,4065523.4896796467,2,5,1,False
Colorado,2022-02-13,Beverages,155012983,2022-02-13,153916049.0,156967757.0,124870676.0,153553078.2857143,2238254.8450505636,2,6,1,False
Colorado,2022-02-20,Beverages,151291673,2022-02-20,155012983.0,151947526.0,124809030.0,153273824.85714287,1889592.0561691194,2,7,1,False
Colorado,2022-02-27,Beverages,155238168,2022-02-27,151291673.0,153105243.0,123397870.0,153180131.57142857,1967678.664059434,2,8,1,False
Colorado,2022-03-06,Beverages,162120987,2022-03-06,155238168.0,156254016.0,126279291.0,153484835.14285713,2093606.2889893344,3,9,1,False
Colorado,2022-03-13,Beverages,165585877,2022-03-13,162120987.0,150034320.0,127856917.0,154322973.85714287,3638675.8149171923,3,10,1,False
Colorado,2022-03-20,Beverages,154499195,2022-03-20,165585877.0,152646637.0,124153756.0,156544624.85714287,4878378.462165313,3,11,1,False
Colorado,2022-03-27,Beverages,156865111,2022-03-27,154499195.0,153916049.0,120426229.0,156809276.0,4706973.964463759,3,12,1,False
Colorado,2022-04-03,Beverages,166188104,2022-04-03,156865111.0,155012983.0,125204216.0,157230570.57142857,4558808.719348681,4,13,2,False
Colorado,2022-04-10,Beverages,164003270,2022-04-10,166188104.0,151291673.0,117995179.0,158827016.42857143,5384612.911419309,4,14,2,False
Colorado,2022-04-17,Beverages,166284416,2022-04-17,164003270.0,155238168.0,118347312.0,160642958.85714287,4627357.554537907,4,15,2,False
Colorado,2022-04-24,Beverages,160943182,2022-04-24,166284416.0,162120987.0,116470675.0,162220994.2857143,4392688.232428715,4,16,2,False
Colorado,2022-05-01,Beverages,166665063,2022-05-01,160943182.0,165585877.0,164057354.0,162052736.42857143,4415793.039698021,5,17,2,False
Colorado,2022-05-08,Beverages,168274038,2022-05-08,166665063.0,154499195.0,163295548.0,162206905.85714287,4553157.362929712,5,18,2,False
Colorado,2022-05-15,Beverages,172753762,2022-05-15,168274038.0,156865111.0,158171905.0,164174740.57142857,3691948.098682214,5,19,2,False
Colorado,2022-05-22,Beverages,170755925,2022-05-22,172753762.0,166188104.0,157175507.0,166444547.85714287,3370419.9344963697,5,20,2,False
Colorado,2022-05-29,Beverages,175164905,2022-05-29,170755925.0,164003270.0,155305036.0,167097093.7142857,3685097.604644908,5,21,2,False
Colorado,2022-06-05,Beverages,176922383,2022-06-05,175164905.0,166284416.0,156696702.0,168691613.0,4355292.379713514,6,22,2,False
Colorado,2022-06-12,Beverages,189261835,2022-06-12,176922383.0,160943182.0,156901319.0,170211322.57142857,5050662.744562507,6,23,2,False
Colorado,2022-06-19,Beverages,188954673,2022-06-19,189261835.0,166665063.0,160371575.0,174256844.42857143,6979809.8989485875,6,24,2,False
Colorado,2022-06-26,Beverages,183110601,2022-06-26,188954673.0,168274038.0,147374438.0,177441074.42857143,7823408.082559664,6,25,2,False
Colorado,2022-07-03,Beverages,192748764,2022-07-03,183110601.0,172753762.0,151955870.0,179560583.42857143,7021423.787621377,7,26,3,False
Colorado,2022-07-10,Beverages,188835247,2022-07-10,192748764.0,170755925.0,158281659.0,182417012.2857143,7705134.949688145,7,27,3,False
Colorado,2022-07-17,Beverages,191510122,2022-07-17,188835247.0,175164905.0,163200759.0,184999772.57142857,6257589.191861459,7,28,3,False
Colorado,2022-07-24,Beverages,190447519,2022-07-24,191510122.0,176922383.0,156967757.0,187334803.57142857,5093348.584134588,7,29,3,False
Colorado,2022-07-31,Beverages,187086252,2022-07-31,190447519.0,189261835.0,151947526.0,189266965.85714287,2846881.4038005522,7,30,3,False
Colorado,2022-08-07,Beverages,191155092,2022-08-07,187086252.0,188954673.0,153105243.0,188956168.2857143,2947455.4832294895,8,31,3,False
Colorado,2022-08-14,Beverages,194019813,2022-08-14,191155092.0,183110601.0,156254016.0,189270513.85714287,3046216.1089448994,8,32,3,False
Colorado,2022-08-21,Beverages,185820296,2022-08-21,194019813.0,192748764.0,150034320.0,190828972.7142857,2156908.699030197,8,33,3,False
Colorado,2022-08-28,Beverages,184995507,2022-08-28,185820296.0,188835247.0,152646637.0,189839191.57142857,2594206.810345515,8,34,3,False
Colorado,2022-09-04,Beverages,190922801,2022-09-04,184995507.0,191510122.0,153916049.0,189290657.2857143,3104294.4749553483,9,35,3,False
Colorado,2022-09-11,Beverages,183501225,2022-09-11,190922801.0,190447519.0,155012983.0,189206754.2857143,3050646.320347034,9,36,3,False
Colorado,2022-09-18,Beverages,178738199,2022-09-18,183501225.0,187086252.0,151291673.0,188214426.57142857,3571027.6253898083,9,37,3,False
Colorado,2022-09-25,Beverages,173668948,2022-09-25,178738199.0,191155092.0,155238168.0,187021847.57142857,4896588.703698002,9,38,3,False
Colorado,2022-10-02,Beverages,171144803,2022-10-02,173668948.0,194019813.0,162120987.0,184523827.0,6384932.448055925,10,39,4,False
Colorado,2022-10-09,Beverages,171131407,2022-10-09,171144803.0,185820296.0,165585877.0,181255968.42857143,6540464.947911708,10,40,4,False
Colorado,2022-10-16,Beverages,168565630,2022-10-16,171131407.0,184995507.0,154499195.0,179157555.7142857,7074037.831084637,10,41,4,False
Colorado,2022-10-23,Beverages,165083338,2022-10-23,168565630.0,190922801.0,156865111.0,176810430.42857143,7462652.860593003,10,42,4,False
Colorado,2022-10-30,Beverages,159706082,2022-10-30,165083338.0,183501225.0,166188104.0,173119078.57142857,5767166.399719,10,43,4,False
Colorado,2022-11-06,Beverages,163509210,2022-11-06,159706082.0,178738199.0,164003270.0,169719772.42857143,5657535.995278865,11,44,4,False
Colorado,2022-11-13,Beverages,165084506,2022-11-13,163509210.0,173668948.0,166284416.0,167544202.57142857,4600641.775058752,11,45,4,False
Colorado,2022-11-20,Beverages,166380492,2022-11-20,165084506.0,171144803.0,160943182.0,166317853.7142857,3894527.538183627,11,46,4,False
Colorado,2022-11-27,Beverages,159140609,2022-11-27,166380492.0,171131407.0,166665063.0,165637237.85714287,3372858.7229045914,11,47,4,False
Colorado,2022-12-04,Beverages,158470699,2022-12-04,159140609.0,168565630.0,168274038.0,163924266.7142857,3187332.8020244553,12,48,4,False
Colorado,2022-12-11,Beverages,166933507,2022-12-11,158470699.0,165083338.0,172753762.0,162482133.7142857,3041488.058559749,12,49,4,False
Colorado,2022-12-18,Beverages,172438878,2022-12-18,166933507.0,159706082.0,170755925.0,162746443.57142857,3323380.15884006,12,50,4,False
Colorado,2022-12-25,Beverages,174350869,2022-12-25,172438878.0,163509210.0,175164905.0,164565414.42857143,4453776.753247741,12,51,4,False
Colorado,2023-01-01,Beverages,157223682,2023-01-01,174350869.0,165084506.0,176922383.0,166114222.85714287,5563924.51563831,1,52,1,False
Colorado,2023-01-08,Beverages,159222412,2023-01-08,157223682.0,166380492.0,189261835.0,164991248.0,6390335.161434549,1,1,1,False
Colorado,2023-01-15,Beverages,164136085,2023-01-15,159222412.0,159140609.0,188954673.0,163968665.14285713,6653510.612918918,1,2,1,False
Colorado,2023-01-22,Beverages,157271988,2023-01-22,164136085.0,158470699.0,183110601.0,164682304.57142857,6358766.266068932,1,3,1,False
Colorado,2023-01-29,Beverages,159977860,2023-01-29,157271988.0,166933507.0,192748764.0,164511060.14285713,6537374.247018262,1,4,1,False
Colorado,2023-02-05,Beverages,160037908,2023-02-05,159977860.0,172438878.0,188835247.0,163517396.2857143,6621727.37553773,2,5,1,False
Colorado,2023-02-12,Beverages,167733877,2023-02-12,160037908.0,174350869.0,191510122.0,161745829.14285713,5573864.59690167,2,6,1,False
Colorado,2023-02-19,Beverages,161916342,2023-02-19,167733877.0,157223682.0,190447519.0,160800544.57142857,3549456.9545327476,2,7,1,False
Colorado,2023-02-26,Beverages,162974536,2023-02-26,161916342.0,159222412.0,187086252.0,161470924.57142857,3240275.679199539,2,8,1,False
Colorado,2023-03-05,Beverages,176596202,2023-03-05,162974536.0,164136085.0,191155092.0,162006942.2857143,3132537.514415532,3,9,1,False
Colorado,2023-03-12,Beverages,187274807,2023-03-12,176596202.0,157271988.0,194019813.0,163786959.0,6033520.326898337,3,10,1,False
Colorado,2023-03-19,Beverages,175970340,2023-03-19,187274807.0,159977860.0,185820296.0,168073076.0,9527869.921761822,3,11,1,False
Colorado,2023-03-26,Beverages,162208711,2023-03-26,175970340.0,160037908.0,184995507.0,170357716.0,9225425.532685885,3,12,1,False
Colorado,2023-04-02,Beverages,164277029,2023-04-02,162208711.0,167733877.0,190922801.0,170667830.7142857,8904204.313492853,4,13,2,False
Colorado,2023-04-09,Beverages,176090726,2023-04-09,164277029.0,161916342.0,183501225.0,170173995.2857143,9145811.916899718,4,14,2,False
Colorado,2023-04-16,Beverages,171275346,2023-04-16,176090726.0,162974536.0,178738199.0,172198907.2857143,8649014.094427386,4,15,2,False
Colorado,2023-04-23,Beverages,171663318,2023-04-23,171275346.0,176596202.0,173668948.0,173384737.2857143,7833615.329815854,4,16,2,False
Colorado,2023-04-30,Beverages,176581204,2023-04-30,171663318.0,187274807.0,171144803.0,172680039.57142857,7734267.816626895,4,17,2,False
Colorado,2023-05-07,Beverages,184271719,2023-05-07,176581204.0,175970340.0,171131407.0,171152382.0,5406450.837802648,5,18,2,False
Connecticut,2020-05-03,Beverages,52974800,2020-05-03,48865178.0,59045572.0,53879306.0,53339556.28571428,3611564.8647561027,5,18,2,False
Connecticut,2020-05-10,Beverages,54553226,2020-05-10,52974800.0,57791337.0,50404578.0,52472303.14285714,2767498.6417885832,5,19,2,False
Connecticut,2020-05-17,Beverages,53808718,2020-05-17,54553226.0,49852833.0,47666439.0,52009715.85714286,2005476.4632208284,5,20,2,False
Connecticut,2020-05-24,Beverages,58935643,2020-05-24,53808718.0,53631292.0,48601957.0,52574842.28571428,1870914.2455878854,5,21,2,False
Connecticut,2020-05-31,Beverages,56522796,2020-05-31,58935643.0,53431059.0,48505473.0,53332606.71428572,2923463.9928880217,5,22,2,False
Connecticut,2020-06-07,Beverages,59096839,2020-06-07,56522796.0,50759623.0,51251705.0,53774283.428571425,3131146.723087619,6,23,2,False
Connecticut,2020-06-14,Beverages,58424323,2020-06-14,59096839.0,48865178.0,49800476.0,54965314.28571428,3336809.798149775,6,24,2,False
Connecticut,2020-06-21,Beverages,57546803,2020-06-21,58424323.0,52974800.0,51528058.0,56330906.428571425,2379654.3170318557,6,25,2,False
Connecticut,2020-06-28,Beverages,61324732,2020-06-28,57546803.0,54553226.0,49715400.0,56984049.71428572,1959156.6600662696,6,26,2,False
Connecticut,2020-07-05,Beverages,64622007,2020-07-05,61324732.0,53808718.0,50434583.0,57951407.71428572,2179456.4199491576,7,27,3,False
Connecticut,2020-07-12,Beverages,58824664,2020-07-12,64622007.0,58935643.0,49935384.0,59496163.28571428,2503749.768952404,7,28,3,False
Connecticut,2020-07-19,Beverages,60398187,2020-07-19,58824664.0,56522796.0,52849555.0,59480309.14285714,2507597.289432997,7,29,3,False
Connecticut,2020-07-26,Beverages,58895237,2020-07-26,60398187.0,59096839.0,51807784.0,60033936.428571425,2202803.497229615,7,30,3,False
Connecticut,2020-08-02,Beverages,61118341,2020-08-02,58895237.0,58424323.0,51480725.0,60005136.14285714,2216144.7004923536,8,31,3,False
Connecticut,2020-08-09,Beverages,61462743,2020-08-09,61118341.0,57546803.0,48415564.0,60389995.85714286,2140844.866542753,8,32,3,False
Connecticut,2020-08-16,Beverages,59759999,2020-08-16,61462743.0,61324732.0,49862781.0,60949415.85714286,1811033.7558191707,8,33,3,False
Connecticut,2020-08-23,Beverages,56648744,2020-08-23,59759999.0,64622007.0,45722598.0,60725882.571428575,1847120.6626696046,8,34,3,False
Connecticut,2020-08-30,Beverages,56701168,2020-08-30,56648744.0,58824664.0,47694239.0,59586845.0,1523361.4354478784,8,35,3,False
Connecticut,2020-09-06,Beverages,57635875,2020-09-06,56701168.0,60398187.0,49722500.0,59283488.428571425,1826254.7876786904,9,36,3,False
Connecticut,2020-09-13,Beverages,53851190,2020-09-13,57635875.0,58895237.0,45861184.0,58888872.428571425,1841135.9241864225,9,37,3,False
Connecticut,2020-09-20,Beverages,52199488,2020-09-20,53851190.0,61118341.0,47425737.0,58168294.28571428,2548726.4092072793,9,38,3,False
Connecticut,2020-09-27,Beverages,52925030,2020-09-27,52199488.0,61462743.0,49149289.0,56894172.428571425,2952776.211221968,9,39,3,False
Connecticut,2020-10-04,Beverages,55141356,2020-10-04,52925030.0,59759999.0,54082294.0,55674499.14285714,2549544.652898946,10,40,4,False
Connecticut,2020-10-11,Beverages,52812896,2020-10-11,55141356.0,56648744.0,59045572.0,55014693.0,1928980.8213842688,10,41,4,False
Connecticut,2020-10-18,Beverages,50287285,2020-10-18,52812896.0,56701168.0,57791337.0,54466714.71428572,1931786.553285669,10,42,4,False
Connecticut,2020-10-25,Beverages,51161593,2020-10-25,50287285.0,57635875.0,49852833.0,53550445.71428572,2162029.605330466,10,43,4,False
Connecticut,2020-11-01,Beverages,49676493,2020-11-01,51161593.0,53851190.0,53631292.0,52625548.28571428,1499925.815718539,11,44,4,False
Connecticut,2020-11-08,Beverages,53427773,2020-11-08,49676493.0,52199488.0,53431059.0,52029163.0,1709362.6118652981,11,45,4,False
Connecticut,2020-11-15,Beverages,51093363,2020-11-15,53427773.0,52925030.0,50759623.0,52204632.28571428,1779446.816399959,11,46,4,False
Connecticut,2020-11-22,Beverages,53017864,2020-11-22,51093363.0,55141356.0,48865178.0,51942965.571428575,1788921.3461844474,11,47,4,False
Connecticut,2020-11-29,Beverages,53722581,2020-11-29,53017864.0,52812896.0,52974800.0,51639609.571428575,1346063.4849631211,11,48,4,False
Connecticut,2020-12-06,Beverages,50343532,2020-12-06,53722581.0,50287285.0,54553226.0,51769564.571428575,1489350.7287912453,12,49,4,False
Connecticut,2020-12-13,Beverages,51911248,2020-12-13,50343532.0,51161593.0,53808718.0,51777599.85714286,1481462.7597480526,12,50,4,False
Connecticut,2020-12-20,Beverages,53144300,2020-12-20,51911248.0,49676493.0,58935643.0,51884693.428571425,1460001.8349496683,12,51,4,False
Connecticut,2020-12-27,Beverages,54173404,2020-12-27,53144300.0,53427773.0,56522796.0,52380094.428571425,1190062.5453449003,12,52,4,False
Connecticut,2021-01-03,Beverages,51177328,2021-01-03,54173404.0,51093363.0,59096839.0,52486613.14285714,1306721.4812720285,1,53,1,False
Connecticut,2021-01-10,Beverages,50935534,2021-01-10,51177328.0,53017864.0,58424323.0,52498608.14285714,1294202.5493873118,1,1,1,False
Connecticut,2021-01-17,Beverages,50424393,2021-01-17,50935534.0,53722581.0,57546803.0,52201132.428571425,1377308.617695496,1,2,1,False
Connecticut,2021-01-24,Beverages,48601548,2021-01-24,50424393.0,50343532.0,61324732.0,51729962.71428572,1339874.4153606796,1,3,1,False
Connecticut,2021-01-31,Beverages,49340663,2021-01-31,48601548.0,51911248.0,64622007.0,51481107.85714286,1690229.5474768642,1,4,1,False
Connecticut,2021-02-07,Beverages,53205535,2021-02-07,49340663.0,53144300.0,58824664.0,51113881.428571425,1830325.0436244027,2,5,1,False
Connecticut,2021-02-14,Beverages,48445497,2021-02-14,53205535.0,54173404.0,60398187.0,51122629.28571428,1840128.402735076,2,6,1,False
Connecticut,2021-02-21,Beverages,48419982,2021-02-21,48445497.0,51177328.0,58895237.0,50304356.85714286,1552662.7044364766,2,7,1,False
Connecticut,2021-02-28,Beverages,50433784,2021-02-28,48419982.0,50935534.0,61118341.0,49910450.28571428,1629109.467211439,2,8,1,False
Connecticut,2021-03-07,Beverages,55369443,2021-03-07,50433784.0,50424393.0,61462743.0,49838771.71428572,1593069.831897153,3,9,1,False
Connecticut,2021-03-14,Beverages,61969853,2021-03-14,55369443.0,48601548.0,59759999.0,50545207.428571425,2521822.2741422006,3,10,1,False
Connecticut,2021-03-21,Beverages,59840728,2021-03-21,61969853.0,49340663.0,56648744.0,52454965.28571428,4562762.352920006,3,11,1,False
Connecticut,2021-03-28,Beverages,53057117,2021-03-28,59840728.0,53205535.0,56701168.0,53954974.571428575,4997599.697696158,3,12,1,False
Connecticut,2021-04-04,Beverages,55135293,2021-04-04,53057117.0,48445497.0,57635875.0,53933772.0,5001047.902661307,4,13,2,False
Connecticut,2021-04-11,Beverages,54576849,2021-04-11,55135293.0,48419982.0,53851190.0,54889457.14285714,4472176.083692524,4,14,2,False
Connecticut,2021-04-18,Beverages,53130379,2021-04-18,54576849.0,50433784.0,52199488.0,55769009.571428575,3641640.9246686418,4,15,2,False
Connecticut,2021-04-25,Beverages,54592900,2021-04-25,53130379.0,55369443.0,52925030.0,56154237.428571425,3168816.27855327,4,16,2,False
Connecticut,2021-05-02,Beverages,56650299,2021-05-02,54592900.0,61969853.0,55141356.0,56043302.71428572,3207702.8484009146,5,17,2,False
Connecticut,2021-05-09,Beverages,58135893,2021-05-09,56650299.0,59840728.0,52812896.0,55283366.428571425,2178709.5472461823,5,18,2,False
Connecticut,2021-05-16,Beverages,57398523,2021-05-16,58135893.0,53057117.0,50287285.0,55039818.571428575,1697880.2530454725,5,19,2,False
Connecticut,2021-05-23,Beverages,62710962,2021-05-23,57398523.0,55135293.0,51161593.0,55660019.428571425,1652678.2943963874,5,20,2,False
Connecticut,2021-05-30,Beverages,61165551,2021-05-30,62710962.0,54576849.0,49676493.0,56742257.85714286,2936499.1795427077,5,21,2,False
Connecticut,2021-06-06,Beverages,60103152,2021-06-06,61165551.0,53130379.0,53427773.0,57683501.0,3140431.002071614,6,22,2,False
Connecticut,2021-06-13,Beverages,64410424,2021-06-13,60103152.0,54592900.0,51093363.0,58679611.428571425,2597094.1801768923,6,23,2,False
Connecticut,2021-06-20,Beverages,62381124,2021-06-20,64410424.0,56650299.0,53017864.0,60082114.85714286,2661529.598431868,6,24,2,False
Connecticut,2021-06-27,Beverages,62839851,2021-06-27,62381124.0,58135893.0,53722581.0,60900804.14285714,2342236.3110955106,6,25,2,False
Connecticut,2021-07-04,Beverages,65723602,2021-07-04,62839851.0,57398523.0,50343532.0,61572798.14285714,2116487.457124128,7,26,3,False
Connecticut,2021-07-11,Beverages,60408636,2021-07-11,65723602.0,62710962.0,51911248.0,62762095.14285714,1742749.9741122227,7,27,3,False
Connecticut,2021-07-18,Beverages,60635363,2021-07-18,60408636.0,61165551.0,53144300.0,62433191.428571425,1928698.823847711,7,28,3,False
Connecticut,2021-07-25,Beverages,62040831,2021-07-25,60635363.0,60103152.0,54173404.0,62357450.28571428,1986535.8156910348,7,29,3,False
Connecticut,2021-08-01,Beverages,62411953,2021-08-01,62040831.0,64410424.0,51177328.0,62634261.571428575,1777087.8033208586,8,30,3,False
Connecticut,2021-08-08,Beverages,64615188,2021-08-08,62411953.0,62381124.0,50935534.0,62348765.71428572,1622625.7539699003,8,31,3,False
Connecticut,2021-08-15,Beverages,64943055,2021-08-15,64615188.0,62839851.0,50424393.0,62667917.71428572,1806852.7209694881,8,32,3,False
Connecticut,2021-08-22,Beverages,63753984,2021-08-22,64943055.0,65723602.0,48601548.0,62968375.428571425,1977291.8721797757,8,33,3,False
Connecticut,2021-08-29,Beverages,61636786,2021-08-29,63753984.0,60408636.0,49340663.0,62687001.428571425,1683512.0648293614,8,34,3,False
Connecticut,2021-09-05,Beverages,61558290,2021-09-05,61636786.0,60635363.0,53205535.0,62862451.428571425,1489775.371839742,9,35,3,False
Connecticut,2021-09-12,Beverages,58979019,2021-09-12,61558290.0,62040831.0,48445497.0,62994298.14285714,1317749.3735479706,9,36,3,False
Connecticut,2021-09-19,Beverages,56803056,2021-09-19,58979019.0,62411953.0,48419982.0,62556896.428571425,1928336.406089027,9,37,3,False
Connecticut,2021-09-26,Beverages,57388239,2021-09-26,56803056.0,64615188.0,50433784.0,61755625.428571425,2793379.7664485835,9,38,3,False
Connecticut,2021-10-03,Beverages,85104100,2021-10-03,57388239.0,64943055.0,55369443.0,60723204.14285714,2879893.444839734,10,39,4,False
Connecticut,2021-10-10,Beverages,83490394,2021-10-10,85104100.0,63753984.0,61969853.0,63603353.428571425,9075954.3060592,10,40,4,False
Connecticut,2021-10-17,Beverages,79115418,2021-10-17,83490394.0,61636786.0,59840728.0,66422840.571428575,11442001.353654094,10,41,4,False
Connecticut,2021-10-24,Beverages,79963454,2021-10-24,79115418.0,61558290.0,53057117.0,68919788.0,12017771.025987135,10,42,4,False
Connecticut,2021-10-31,Beverages,77952095,2021-10-31,79963454.0,58979019.0,55135293.0,71549097.14285715,12132399.261987662,10,43,4,False
Connecticut,2021-11-07,Beverages,81651391,2021-11-07,77952095.0,56803056.0,54576849.0,74259536.57142857,11096536.954868294,11,44,4,False
Connecticut,2021-11-14,Beverages,81330193,2021-11-14,81651391.0,57388239.0,53130379.0,77809298.71428572,8649005.275519844,11,45,4,False
Connecticut,2021-11-21,Beverages,84134166,2021-11-21,81330193.0,85104100.0,54592900.0,81229577.85714285,2302976.2297355714,11,46,4,False
Connecticut,2021-11-28,Beverages,79050122,2021-11-28,84134166.0,83490394.0,56650299.0,81091015.85714285,2084507.857378805,11,47,4,False
Connecticut,2021-12-05,Beverages,79199934,2021-12-05,79050122.0,79115418.0,58135893.0,80456691.28571428,1927539.8710938732,12,48,4,False
Connecticut,2021-12-12,Beverages,80338614,2021-12-12,79199934.0,79963454.0,57398523.0,80468765.0,1919347.8843750418,12,49,4,False
Connecticut,2021-12-19,Beverages,84685486,2021-12-19,80338614.0,77952095.0,62710962.0,80522359.28571428,1909703.333453951,12,50,4,False
Connecticut,2021-12-26,Beverages,84664548,2021-12-26,84685486.0,81651391.0,61165551.0,81484272.28571428,2062494.91623378,12,51,4,False
Connecticut,2022-01-02,Beverages,78707960,2022-01-02,84664548.0,81330193.0,60103152.0,81914723.28571428,2347229.5361259454,1,52,1,False
Connecticut,2022-01-09,Beverages,79982309,2022-01-09,78707960.0,84134166.0,64410424.0,81540118.57142857,2605646.6085014963,1,1,1,False
Connecticut,2022-01-16,Beverages,79998410,2022-01-16,79982309.0,79050122.0,62381124.0,80946996.14285715,2413086.015606339,1,2,1,False
Connecticut,2022-01-23,Beverages,75730960,2022-01-23,79998410.0,79199934.0,62839851.0,81082465.85714285,2327908.585685682,1,3,1,False
Connecticut,2022-01-30,Beverages,79225631,2022-01-30,75730960.0,80338614.0,65723602.0,80586898.14285715,2959480.7921309695,1,4,1,False
Connecticut,2022-02-06,Beverages,78867983,2022-02-06,79225631.0,84685486.0,60408636.0,80427900.57142857,2998192.968571292,2,5,1,False
Connecticut,2022-02-13,Beverages,77308768,2022-02-13,78867983.0,84664548.0,60635363.0,79596828.71428572,2461000.773885589,2,6,1,False
Connecticut,2022-02-20,Beverages,75044848,2022-02-20,77308768.0,78707960.0,62040831.0,78546003.0,1425255.5642655687,2,7,1,False
Connecticut,2022-02-27,Beverages,78074992,2022-02-27,75044848.0,79982309.0,62411953.0,78022701.28571428,1872142.296150383,2,8,1,False
Connecticut,2022-03-06,Beverages,81244604,2022-03-06,78074992.0,79998410.0,64615188.0,77750227.42857143,1697788.2816171504,3,9,1,False
Connecticut,2022-03-13,Beverages,79458363,2022-03-13,81244604.0,75730960.0,64943055.0,77928255.14285715,1968025.8790209126,3,10,1,False
Connecticut,2022-03-20,Beverages,79850855,2022-03-20,79458363.0,79225631.0,63753984.0,78460741.28571428,1798420.5247459824,3,11,1,False
Connecticut,2022-03-27,Beverages,80412221,2022-03-27,79850855.0,78867983.0,61636786.0,78550059.0,1849004.7891393441,3,12,1,False
Connecticut,2022-04-03,Beverages,83539947,2022-04-03,80412221.0,77308768.0,61558290.0,78770664.42857143,1962419.619117564,4,13,2,False
Connecticut,2022-04-10,Beverages,84788564,2022-04-10,83539947.0,75044848.0,58979019.0,79660832.85714285,2450065.643148746,4,14,2,False
Connecticut,2022-04-17,Beverages,83716932,2022-04-17,84788564.0,78074992.0,56803056.0,81052792.28571428,2185772.3285797117,4,15,2,False
Connecticut,2022-04-24,Beverages,78705229,2022-04-24,83716932.0,81244604.0,57388239.0,81858783.71428572,1968545.3404485143,4,16,2,False
Connecticut,2022-05-01,Beverages,84565667,2022-05-01,78705229.0,79458363.0,85104100.0,81496015.85714285,2260615.664849275,5,17,2,False
Connecticut,2022-05-08,Beverages,87613823,2022-05-08,84565667.0,79850855.0,83490394.0,82225630.71428572,2308897.274934746,5,18,2,False
Connecticut,2022-05-15,Beverages,86752612,2022-05-15,87613823.0,80412221.0,79115418.0,83334626.14285715,2728186.38800649,5,19,2,False
Connecticut,2022-05-22,Beverages,95588771,2022-05-22,86752612.0,83539947.0,79963454.0,84240396.28571428,2659222.3732489576,5,20,2,False
Connecticut,2022-05-29,Beverages,92648751,2022-05-29,95588771.0,84788564.0,77952095.0,85961656.85714285,4736726.705578866,5,21,2,False
Connecticut,2022-06-05,Beverages,92901720,2022-06-05,92648751.0,83716932.0,81651391.0,87084540.71428572,5231375.990951612,6,22,2,False
Connecticut,2022-06-12,Beverages,94343154,2022-06-12,92901720.0,78705229.0,81330193.0,88396653.28571428,5372128.786614883,6,23,2,False
Connecticut,2022-06-19,Beverages,91475329,2022-06-19,94343154.0,84565667.0,84134166.0,90630642.57142857,3937377.355156431,6,24,2,False
Connecticut,2022-06-26,Beverages,93202712,2022-06-26,91475329.0,87613823.0,79050122.0,91617737.14285715,3061970.8799648318,6,25,2,False
Connecticut,2022-07-03,Beverages,101589519,2022-07-03,93202712.0,86752612.0,79199934.0,92416149.85714285,2609001.90237946,7,26,3,False
Connecticut,2022-07-10,Beverages,94364113,2022-07-10,101589519.0,95588771.0,80338614.0,94535708.0,3123084.322806067,7,27,3,False
Connecticut,2022-07-17,Beverages,93692699,2022-07-17,94364113.0,92648751.0,84685486.0,94360756.85714285,3093353.188851557,7,28,3,False
Connecticut,2022-07-24,Beverages,93947416,2022-07-24,93692699.0,92901720.0,84664548.0,94509892.28571428,3031771.883381982,7,29,3,False
Connecticut,2022-07-31,Beverages,94252644,2022-07-31,93947416.0,94343154.0,78707960.0,94659277.42857143,2974064.926161413,7,30,3,False
Connecticut,2022-08-07,Beverages,95748091,2022-08-07,94252644.0,91475329.0,79982309.0,94646347.42857143,2975607.5423829597,8,31,3,False
Connecticut,2022-08-14,Beverages,93238518,2022-08-14,95748091.0,93202712.0,79998410.0,95256742.0,2686742.372067505,8,32,3,False
Connecticut,2022-08-21,Beverages,94701139,2022-08-21,93238518.0,101589519.0,75730960.0,95261857.14285715,2682858.223651764,8,33,3,False
Connecticut,2022-08-28,Beverages,93541954,2022-08-28,94701139.0,94364113.0,79225631.0,94277802.85714285,744566.8092708957,8,34,3,False
Connecticut,2022-09-04,Beverages,93921009,2022-09-04,93541954.0,93692699.0,78867983.0,94160351.57142857,785413.3218032572,9,35,3,False
Connecticut,2022-09-11,Beverages,87799469,2022-09-11,93921009.0,93947416.0,77308768.0,94192967.28571428,769903.3378722463,9,36,3,False
Connecticut,2022-09-18,Beverages,86482696,2022-09-18,87799469.0,94252644.0,75044848.0,93314689.14285715,2377458.8916272577,9,37,3,False
Connecticut,2022-09-25,Beverages,87625522,2022-09-25,86482696.0,95748091.0,78074992.0,92204696.57142857,3310976.5909184497,9,38,3,False
Connecticut,2022-10-02,Beverages,88582157,2022-10-02,87625522.0,93238518.0,81244604.0,91044329.57142857,3289072.742878807,10,39,4,False
Connecticut,2022-10-09,Beverages,88062177,2022-10-09,88582157.0,94701139.0,79458363.0,90379135.14285715,3248657.790368244,10,40,4,False
Connecticut,2022-10-16,Beverages,83598256,2022-10-16,88062177.0,93541954.0,79850855.0,89430712.0,2784356.1595274904,10,41,4,False
Connecticut,2022-10-23,Beverages,84847909,2022-10-23,83598256.0,93921009.0,80412221.0,88010183.71428572,2860030.0322466022,10,42,4,False
Connecticut,2022-10-30,Beverages,82234259,2022-10-30,84847909.0,87799469.0,83539947.0,86714026.57142857,1713824.6674360803,10,43,4,False
Connecticut,2022-11-06,Beverages,88105835,2022-11-06,82234259.0,86482696.0,84788564.0,85918996.57142857,2236897.9878703794,11,44,4,False
Connecticut,2022-11-13,Beverages,84784922,2022-11-13,88105835.0,87625522.0,83716932.0,86150873.57142857,2363838.43181173,11,45,4,False
Connecticut,2022-11-20,Beverages,87584796,2022-11-20,84784922.0,88582157.0,78705229.0,85745073.57142857,2319256.19694802,11,46,4,False
Connecticut,2022-11-27,Beverages,89099386,2022-11-27,87584796.0,88062177.0,84565667.0,85602593.42857143,2166170.9880183614,11,47,4,False
Connecticut,2022-12-04,Beverages,81630154,2022-12-04,89099386.0,83598256.0,87613823.0,85750766.14285715,2356462.182269722,12,48,4,False
Connecticut,2022-12-11,Beverages,85484044,2022-12-11,81630154.0,84847909.0,86752612.0,85469608.71428572,2690278.6933312668,12,49,4,False
Connecticut,2022-12-18,Beverages,87927075,2022-12-18,85484044.0,82234259.0,95588771.0,85560485.14285715,2678461.2933651293,12,50,4,False
Connecticut,2022-12-25,Beverages,94160702,2022-12-25,87927075.0,88105835.0,92648751.0,86373744.57142857,2394228.632469765,12,51,4,False
Connecticut,2023-01-01,Beverages,81444066,2023-01-01,94160702.0,84784922.0,92901720.0,87238725.57142857,3635647.6931484807,1,52,1,False
Connecticut,2023-01-08,Beverages,84761850,2023-01-08,81444066.0,87584796.0,94343154.0,86761460.42857143,4114226.0599458143,1,1,1,False
Connecticut,2023-01-15,Beverages,81338879,2023-01-15,84761850.0,89099386.0,91475329.0,86358182.42857143,4151937.9449712792,1,2,1,False
Connecticut,2023-01-22,Beverages,80180536,2023-01-22,81338879.0,81630154.0,93202712.0,85249538.57142857,4305240.86544432,1,3,1,False
Connecticut,2023-01-29,Beverages,81503818,2023-01-29,80180536.0,85484044.0,101589519.0,85042450.28571428,4504606.148205203,1,4,1,False
Connecticut,2023-02-05,Beverages,82428773,2023-02-05,81503818.0,87927075.0,94364113.0,84473846.57142857,4661454.0651549185,2,5,1,False
Connecticut,2023-02-12,Beverages,82315194,2023-02-12,82428773.0,94160702.0,93692699.0,83688374.85714285,4472820.405290944,2,6,1,False
Connecticut,2023-02-19,Beverages,81341664,2023-02-19,82315194.0,81444066.0,93947416.0,81996159.42857143,1320913.922168516,2,7,1,False
Connecticut,2023-02-26,Beverages,82172857,2023-02-26,81341664.0,84761850.0,94252644.0,81981530.57142857,1327497.872818868,2,8,1,False
Connecticut,2023-03-05,Beverages,88221789,2023-03-05,82172857.0,81338879.0,95748091.0,81611674.42857143,725517.443807781,3,9,1,False
Connecticut,2023-03-12,Beverages,95286711,2023-03-12,88221789.0,80180536.0,93238518.0,82594947.28571428,2406421.399069216,3,10,1,False
Connecticut,2023-03-19,Beverages,91217475,2023-03-19,95286711.0,81503818.0,94701139.0,84752972.28571428,4828309.799913417,3,11,1,False
Connecticut,2023-03-26,Beverages,83520434,2023-03-26,91217475.0,82428773.0,93541954.0,86140637.57142857,5084170.332961637,3,12,1,False
Connecticut,2023-04-02,Beverages,86141282,2023-04-02,83520434.0,82315194.0,93921009.0,86296589.14285715,4983670.445029923,4,13,2,False
Connecticut,2023-04-09,Beverages,91590689,2023-04-09,86141282.0,81341664.0,87799469.0,86843173.14285715,4719868.827994441,4,14,2,False
Connecticut,2023-04-16,Beverages,89649420,2023-04-16,91590689.0,82172857.0,86482696.0,88307319.57142857,4362279.268080961,4,15,2,False
Connecticut,2023-04-23,Beverages,87752373,2023-04-23,89649420.0,88221789.0,87625522.0,89375400.0,3573521.568343855,4,16,2,False
Connecticut,2023-04-30,Beverages,88123968,2023-04-30,87752373.0,95286711.0,88582157.0,89308340.57142857,3598855.2610640167,4,17,2,False
Connecticut,2023-05-07,Beverages,93007531,2023-05-07,88123968.0,91217475.0,88062177.0,88285091.57142857,2645612.813841837,5,18,2,False
Florida,2020-05-03,Beverages,415458417,2020-05-03,403638588.0,501395272.0,397812264.0,429046426.28571427,34056383.03869616,5,18,2,False
Florida,2020-05-10,Beverages,414827332,2020-05-10,415458417.0,456728428.0,391310684.0,416769732.71428573,16962642.417890836,5,19,2,False
Florida,2020-05-17,Beverages,418764433,2020-05-17,414827332.0,415475922.0,386318006.0,410783861.85714287,4933554.307714236,5,20,2,False
Florida,2020-05-24,Beverages,433358493,2020-05-24,418764433.0,414217511.0,383741451.0,411253649.14285713,5483858.045930842,5,21,2,False
Florida,2020-05-31,Beverages,425634983,2020-05-31,433358493.0,405555022.0,389736361.0,413988075.14285713,9546943.71042038,5,22,2,False
Florida,2020-06-07,Beverages,418545831,2020-06-07,425634983.0,406314241.0,386937678.0,416856641.0,9598677.931693848,6,23,2,False
Florida,2020-06-14,Beverages,418428105,2020-06-14,418545831.0,403638588.0,388918011.0,418604011.0,8579713.431215873,6,24,2,False
Florida,2020-06-21,Beverages,430682946,2020-06-21,418428105.0,415458417.0,382545144.0,420716799.14285713,6095669.64712564,6,25,2,False
Florida,2020-06-28,Beverages,455034695,2020-06-28,430682946.0,414827332.0,358112986.0,422891731.85714287,6531916.075967143,6,26,2,False
Florida,2020-07-05,Beverages,448570751,2020-07-05,455034695.0,418764433.0,369604455.0,428635640.85714287,12164641.934191057,7,27,3,False
Florida,2020-07-12,Beverages,411049344,2020-07-12,448570751.0,433358493.0,370622458.0,432893686.28571427,13141541.600458289,7,28,3,False
Florida,2020-07-19,Beverages,428211674,2020-07-19,411049344.0,425634983.0,392523627.0,429706665.0,15188154.78936823,7,29,3,False
Florida,2020-07-26,Beverages,417570225,2020-07-26,428211674.0,418545831.0,383971631.0,430074763.71428573,15116066.421797745,7,30,3,False
Florida,2020-08-02,Beverages,430782300,2020-08-02,417570225.0,418428105.0,384552791.0,429935391.4285714,15225821.464893945,8,31,3,False
Florida,2020-08-09,Beverages,416202637,2020-08-09,430782300.0,430682946.0,380194399.0,431700276.4285714,14487804.500447817,8,32,3,False
Florida,2020-08-16,Beverages,420287992,2020-08-16,416202637.0,455034695.0,379065263.0,429631660.85714287,15484845.258154796,8,33,3,False
Florida,2020-08-23,Beverages,432183859,2020-08-23,420287992.0,448570751.0,368781894.0,424667846.14285713,11637236.031116806,8,34,3,False
Florida,2020-08-30,Beverages,498199309,2020-08-30,432183859.0,411049344.0,384924916.0,422326861.5714286,7509584.013787341,8,35,3,False
Florida,2020-09-06,Beverages,390860705,2020-09-06,498199309.0,428211674.0,385408869.0,434776856.5714286,26563095.26969478,9,36,3,False
Florida,2020-09-13,Beverages,389580757,2020-09-13,390860705.0,417570225.0,394220223.0,429441003.85714287,30765039.735473465,9,37,3,False
Florida,2020-09-20,Beverages,401149842,2020-09-20,389580757.0,430782300.0,399232704.0,425442508.4285714,33724560.398422375,9,38,3,False
Florida,2020-09-27,Beverages,402325925,2020-09-27,401149842.0,416202637.0,418283544.0,421209300.14285713,34636070.628175534,9,39,3,False
Florida,2020-10-04,Beverages,405135429,2020-10-04,402325925.0,420287992.0,431690356.0,419226912.71428573,35257436.66531497,10,40,4,False
Florida,2020-10-11,Beverages,408643647,2020-10-11,405135429.0,432183859.0,501395272.0,417062260.85714287,35589428.36983611,10,41,4,False
Florida,2020-10-18,Beverages,408146193,2020-10-18,408643647.0,498199309.0,456728428.0,413699373.4285714,35110639.672983915,10,42,4,False
Florida,2020-10-25,Beverages,404464567,2020-10-25,408146193.0,390860705.0,415475922.0,400834642.5714286,7185190.4123536395,10,43,4,False
Florida,2020-11-01,Beverages,418301136,2020-11-01,404464567.0,389580757.0,414217511.0,402778051.4285714,5959959.055572201,11,44,4,False
Florida,2020-11-08,Beverages,402426821,2020-11-08,418301136.0,401149842.0,405555022.0,406880962.71428573,5313166.810009347,11,45,4,False
Florida,2020-11-15,Beverages,393181793,2020-11-15,402426821.0,402325925.0,406314241.0,407063388.28571427,5132096.076964235,11,46,4,False
Florida,2020-11-22,Beverages,428095160,2020-11-22,393181793.0,405135429.0,403638588.0,405757083.71428573,6996723.507286166,11,47,4,False
Florida,2020-11-29,Beverages,373685633,2020-11-29,428095160.0,408643647.0,415458417.0,409037045.28571427,10460641.478924157,11,48,4,False
Florida,2020-12-06,Beverages,386563175,2020-12-06,373685633.0,408146193.0,414827332.0,404043043.28571427,16217108.856325882,12,49,4,False
Florida,2020-12-13,Beverages,392477293,2020-12-13,386563175.0,404464567.0,418764433.0,400959755.0,17167767.259538587,12,50,4,False
Florida,2020-12-20,Beverages,418158147,2020-12-20,392477293.0,418301136.0,433358493.0,399247287.28571427,17329851.468585346,12,51,4,False
Florida,2020-12-27,Beverages,396895271,2020-12-27,418158147.0,402426821.0,425634983.0,399226860.28571427,17307450.117271185,12,52,4,False
Florida,2021-01-03,Beverages,407668717,2021-01-03,396895271.0,393181793.0,418545831.0,398436638.85714287,17269544.694196228,1,53,1,False
Florida,2021-01-10,Beverages,402837256,2021-01-10,407668717.0,428095160.0,418428105.0,400506199.4285714,17383475.374848228,1,1,1,False
Florida,2021-01-17,Beverages,404563342,2021-01-17,402837256.0,373685633.0,430682946.0,396897927.4285714,13461278.88374214,1,2,1,False
Florida,2021-01-24,Beverages,396317574,2021-01-24,404563342.0,386563175.0,455034695.0,401309028.71428573,9652427.30645303,1,3,1,False
Florida,2021-01-31,Beverages,407009773,2021-01-31,396317574.0,392477293.0,448570751.0,402702514.28571427,7982724.870276415,1,4,1,False
Florida,2021-02-07,Beverages,408426576,2021-02-07,407009773.0,418158147.0,411049344.0,404778582.85714287,6864964.642284856,2,5,1,False
Florida,2021-02-14,Beverages,417646270,2021-02-14,408426576.0,396895271.0,428211674.0,403388358.4285714,4639276.827321917,2,6,1,False
Florida,2021-02-21,Beverages,416763944,2021-02-21,417646270.0,407668717.0,417570225.0,406352786.85714287,5979407.914195621,2,7,1,False
Florida,2021-02-28,Beverages,437229448,2021-02-28,416763944.0,402837256.0,430782300.0,407652105.0,7021560.271135226,2,8,1,False
Florida,2021-03-07,Beverages,451704204,2021-03-07,437229448.0,404563342.0,416202637.0,412565275.28571427,12117153.795579812,3,9,1,False
Florida,2021-03-14,Beverages,528051577,2021-03-14,451704204.0,396317574.0,420287992.0,419299684.14285713,17639796.2360554,3,10,1,False
Florida,2021-03-21,Beverages,500049042,2021-03-21,528051577.0,407009773.0,432183859.0,438118827.4285714,39637306.76680773,3,11,1,False
Florida,2021-03-28,Beverages,458062675,2021-03-28,500049042.0,408426576.0,498199309.0,451410151.5714286,42474825.722692974,3,12,1,False
Florida,2021-04-04,Beverages,452821844,2021-04-04,458062675.0,417646270.0,390860705.0,458501022.85714287,38680893.8645812,4,13,2,False
Florida,2021-04-11,Beverages,431834953,2021-04-11,452821844.0,416763944.0,389580757.0,463526104.85714287,35172763.303578846,4,14,2,False
Florida,2021-04-18,Beverages,439545091,2021-04-18,431834953.0,437229448.0,401149842.0,465679106.14285713,32612540.23732117,4,15,2,False
Florida,2021-04-25,Beverages,437757560,2021-04-25,439545091.0,451704204.0,402325925.0,466009912.28571427,32332827.491639487,4,16,2,False
Florida,2021-05-02,Beverages,456177068,2021-05-02,437757560.0,528051577.0,405135429.0,464017534.5714286,33559408.458634555,5,17,2,False
Florida,2021-05-09,Beverages,463060774,2021-05-09,456177068.0,500049042.0,408643647.0,453749747.5714286,21067101.807002842,5,18,2,False
Florida,2021-05-16,Beverages,454518216,2021-05-16,463060774.0,458062675.0,408146193.0,448465709.28571427,11047834.785682295,5,19,2,False
Florida,2021-05-23,Beverages,461793037,2021-05-23,454518216.0,452821844.0,404464567.0,447959358.0,10671182.284181548,5,20,2,False
Florida,2021-05-30,Beverages,468613673,2021-05-30,461793037.0,431834953.0,418301136.0,449240957.0,11670159.455348656,5,21,2,False
Florida,2021-06-06,Beverages,453226022,2021-06-06,468613673.0,439545091.0,402426821.0,454495059.85714287,10905059.927309075,6,22,2,False
Florida,2021-06-13,Beverages,468182255,2021-06-13,453226022.0,437757560.0,393181793.0,456449478.5714286,9132461.292440588,6,23,2,False
Florida,2021-06-20,Beverages,463942370,2021-06-20,468182255.0,456177068.0,428095160.0,460795863.5714286,5853518.229844061,6,24,2,False
Florida,2021-06-27,Beverages,471658231,2021-06-27,463942370.0,463060774.0,373685633.0,461905192.4285714,5603553.544100108,6,25,2,False
Florida,2021-07-04,Beverages,495492035,2021-07-04,471658231.0,454518216.0,386563175.0,463133400.5714286,6579466.024398057,7,26,3,False
Florida,2021-07-11,Beverages,445551996,2021-07-11,495492035.0,461793037.0,392477293.0,468986803.28571427,12165813.728267632,7,27,3,False
Florida,2021-07-18,Beverages,461906089,2021-07-18,445551996.0,468613673.0,418158147.0,466666654.5714286,14618029.251806146,7,28,3,False
Florida,2021-07-25,Beverages,464260466,2021-07-25,461906089.0,453226022.0,396895271.0,465708428.28571427,14678712.355666926,7,29,3,False
Florida,2021-08-01,Beverages,474960315,2021-08-01,464260466.0,468182255.0,407668717.0,467284777.4285714,13821020.050740322,8,30,3,False
Florida,2021-08-08,Beverages,460012877,2021-08-08,474960315.0,463942370.0,402837256.0,468253071.71428573,14084892.722111484,8,31,3,False
Florida,2021-08-15,Beverages,465739561,2021-08-15,460012877.0,471658231.0,404563342.0,467691715.5714286,14321822.687172478,8,32,3,False
Florida,2021-08-22,Beverages,462049706,2021-08-22,465739561.0,495492035.0,396317574.0,466846191.28571427,14237152.19909409,8,33,3,False
Florida,2021-08-29,Beverages,451769857,2021-08-29,462049706.0,445551996.0,407009773.0,462068715.71428573,8119883.16528213,8,34,3,False
Florida,2021-09-05,Beverages,463238158,2021-09-05,451769857.0,461906089.0,408426576.0,462956981.5714286,6428384.2158997655,9,35,3,False
Florida,2021-09-12,Beverages,434420849,2021-09-12,463238158.0,464260466.0,417646270.0,463147277.14285713,6414159.153738,9,36,3,False
Florida,2021-09-19,Beverages,441054934,2021-09-19,434420849.0,474960315.0,416763944.0,458884474.71428573,11860848.898469156,9,37,3,False
Florida,2021-09-26,Beverages,443549009,2021-09-26,441054934.0,460012877.0,437229448.0,454040848.85714287,11212193.98199341,9,38,3,False
Florida,2021-10-03,Beverages,650291094,2021-10-03,443549009.0,465739561.0,451704204.0,451688867.71428573,11437306.96076487,10,39,4,False
Florida,2021-10-10,Beverages,658073956,2021-10-10,650291094.0,462049706.0,528051577.0,478053372.4285714,71008547.24772713,10,40,4,False
Florida,2021-10-17,Beverages,649087749,2021-10-17,658073956.0,451769857.0,500049042.0,506056836.71428573,94080081.05701418,10,41,4,False
Florida,2021-10-24,Beverages,636492810,2021-10-24,649087749.0,463238158.0,458062675.0,534245107.0,102752231.25331384,10,42,4,False
Florida,2021-10-31,Beverages,639670899,2021-10-31,636492810.0,434420849.0,452821844.0,558995771.5714285,103530937.66608904,10,43,4,False
Florida,2021-11-07,Beverages,626921179,2021-11-07,639670899.0,441054934.0,431834953.0,588317207.2857143,92583494.42811607,11,44,4,False
Florida,2021-11-14,Beverages,641627352,2021-11-14,626921179.0,443549009.0,439545091.0,614869528.0,70580079.58066173,11,45,4,False
Florida,2021-11-21,Beverages,647095618,2021-11-21,641627352.0,650291094.0,437757560.0,643166434.1428572,9495036.818326367,11,46,4,False
Florida,2021-11-28,Beverages,580412388,2021-11-28,647095618.0,658073956.0,456177068.0,642709937.5714285,9214189.780168891,11,47,4,False
Florida,2021-12-05,Beverages,614205922,2021-12-05,580412388.0,649087749.0,463060774.0,631615427.8571428,21966284.726706874,12,48,4,False
Florida,2021-12-12,Beverages,621894064,2021-12-12,614205922.0,636492810.0,454518216.0,626632309.7142857,21386284.910642974,12,49,4,False
Florida,2021-12-19,Beverages,657419273,2021-12-19,621894064.0,639670899.0,461793037.0,624546774.5714285,21031906.3217705,12,50,4,False
Florida,2021-12-26,Beverages,637666452,2021-12-26,657419273.0,626921179.0,468613673.0,627082256.5714285,23613703.391685046,12,51,4,False
Florida,2022-01-02,Beverages,646500604,2022-01-02,637666452.0,641627352.0,453226022.0,628617295.5714285,23900848.009040732,1,52,1,False
Florida,2022-01-09,Beverages,629065725,2022-01-09,646500604.0,647095618.0,468182255.0,629313474.4285715,24336663.24683144,1,1,1,False
Florida,2022-01-16,Beverages,632875898,2022-01-16,629065725.0,580412388.0,463942370.0,626737775.4285715,23248131.778526075,1,2,1,False
Florida,2022-01-23,Beverages,621955679,2022-01-23,632875898.0,614205922.0,471658231.0,634232562.5714285,13531770.058534943,1,3,1,False
Florida,2022-01-30,Beverages,628041476,2022-01-30,621955679.0,621894064.0,495492035.0,635339670.7142857,12087994.782243328,1,4,1,False
Florida,2022-02-06,Beverages,637532932,2022-02-06,628041476.0,657419273.0,445551996.0,636217872.4285715,11275244.4598418,2,5,1,False
Florida,2022-02-13,Beverages,645108904,2022-02-13,637532932.0,637666452.0,461906089.0,633376966.5714285,7422482.606114991,2,6,1,False
Florida,2022-02-20,Beverages,659433678,2022-02-20,645108904.0,646500604.0,464260466.0,634440174.0,8425967.825710451,2,7,1,False
Florida,2022-02-27,Beverages,689853278,2022-02-27,659433678.0,629065725.0,474960315.0,636287756.0,11663771.090036465,2,8,1,False
Florida,2022-03-06,Beverages,690201657,2022-03-06,689853278.0,632875898.0,460012877.0,644971692.1428572,21519217.587742798,3,9,1,False
Florida,2022-03-13,Beverages,690230810,2022-03-13,690201657.0,621955679.0,465739561.0,653161086.2857143,25833298.913176976,3,10,1,False
Florida,2022-03-20,Beverages,689715126,2022-03-20,690230810.0,628041476.0,462049706.0,662914676.4285715,25088342.93003454,3,11,1,False
Florida,2022-03-27,Beverages,705833672,2022-03-27,689715126.0,637532932.0,451769857.0,671725197.8571428,21924290.609215092,3,12,1,False
Florida,2022-04-03,Beverages,700061265,2022-04-03,705833672.0,645108904.0,463238158.0,681482446.4285715,19612573.580439504,4,13,2,False
Florida,2022-04-10,Beverages,708494982,2022-04-10,700061265.0,659433678.0,434420849.0,689332783.7142857,13539965.390057445,4,14,2,False
Florida,2022-04-17,Beverages,700335011,2022-04-17,708494982.0,689853278.0,441054934.0,696341541.4285715,7678254.703955633,4,15,2,False
Florida,2022-04-24,Beverages,691133574,2022-04-24,700335011.0,690201657.0,443549009.0,697838931.8571428,7278580.683092948,4,16,2,False
Florida,2022-05-01,Beverages,702046035,2022-05-01,691133574.0,690230810.0,650291094.0,697972062.8571428,7144967.729895434,5,17,2,False
Florida,2022-05-08,Beverages,715244615,2022-05-08,702046035.0,689715126.0,658073956.0,699659952.1428572,6481637.894472892,5,18,2,False
Florida,2022-05-15,Beverages,699768170,2022-05-15,715244615.0,705833672.0,649087749.0,703307022.0,7019928.043225403,5,19,2,False
Florida,2022-05-22,Beverages,717341218,2022-05-22,699768170.0,700061265.0,636492810.0,702440521.7142857,7028914.589687436,5,20,2,False
Florida,2022-05-29,Beverages,729620556,2022-05-29,717341218.0,708494982.0,639670899.0,704909086.4285715,8615208.207500923,5,21,2,False
Florida,2022-06-05,Beverages,697035016,2022-06-05,729620556.0,700335011.0,626921179.0,707927025.5714285,12268397.682376828,6,22,2,False
Florida,2022-06-12,Beverages,697115836,2022-06-12,697035016.0,691133574.0,641627352.0,707455597.7142857,12609727.251669772,6,23,2,False
Florida,2022-06-19,Beverages,707407753,2022-06-19,697115836.0,702046035.0,647095618.0,708310206.5714285,11639994.290732965,6,24,2,False
Florida,2022-06-26,Beverages,711378458,2022-06-26,707407753.0,715244615.0,580412388.0,709076166.2857143,11376002.226510456,6,25,2,False
Florida,2022-07-03,Beverages,735338902,2022-07-03,711378458.0,699768170.0,614205922.0,708523858.1428572,11154816.155283598,7,26,3,False
Florida,2022-07-10,Beverages,681830724,2022-07-10,735338902.0,717341218.0,621894064.0,713605391.2857143,13797722.963482182,7,27,3,False
Florida,2022-07-17,Beverages,705424400,2022-07-17,681830724.0,729620556.0,657419273.0,708532463.5714285,17518035.700211372,7,28,3,False
Florida,2022-07-24,Beverages,707109542,2022-07-24,705424400.0,697035016.0,637666452.0,705075869.8571428,15257256.632762292,7,29,3,False
Florida,2022-07-31,Beverages,711378170,2022-07-31,707109542.0,697115836.0,646500604.0,706515087.8571428,14901908.85269307,7,30,3,False
Florida,2022-08-07,Beverages,716789624,2022-08-07,711378170.0,707407753.0,629065725.0,708552564.1428572,14445526.630008642,8,31,3,False
Florida,2022-08-14,Beverages,706877466,2022-08-14,716789624.0,711378458.0,632875898.0,709892831.4285715,14709943.309035476,8,32,3,False
Florida,2022-08-21,Beverages,725848244,2022-08-21,706877466.0,735338902.0,621955679.0,709249832.5714285,14729311.082383359,8,33,3,False
Florida,2022-08-28,Beverages,782741440,2022-08-28,725848244.0,681830724.0,628041476.0,707894024.2857143,12539471.624100711,8,34,3,False
Florida,2022-09-04,Beverages,681125304,2022-09-04,782741440.0,705424400.0,637532932.0,722309840.8571428,25547709.110764123,9,35,3,False
Florida,2022-09-11,Beverages,667077992,2022-09-11,681125304.0,707109542.0,645108904.0,718838541.4285715,29020920.067120183,9,36,3,False
Florida,2022-09-18,Beverages,670728453,2022-09-18,667077992.0,711378170.0,659433678.0,713119748.5714285,34243142.208429515,9,37,3,False
Florida,2022-09-25,Beverages,755860884,2022-09-25,670728453.0,716789624.0,689853278.0,707312646.1428572,37351766.628978014,9,38,3,False
Florida,2022-10-02,Beverages,693030079,2022-10-02,755860884.0,706877466.0,690201657.0,712894254.7142857,41083745.65994237,10,39,4,False
Florida,2022-10-09,Beverages,688756403,2022-10-09,693030079.0,725848244.0,690230810.0,710916056.5714285,41655234.54893015,10,40,4,False
Florida,2022-10-16,Beverages,700430110,2022-10-16,688756403.0,782741440.0,689715126.0,705617222.1428572,41777722.11902035,10,41,4,False
Florida,2022-10-23,Beverages,687631033,2022-10-23,700430110.0,681125304.0,705833672.0,693858460.7142857,27590185.41372689,10,42,4,False
Florida,2022-10-30,Beverages,693609731,2022-10-30,687631033.0,667077992.0,700061265.0,694787850.5714285,27253124.42278595,10,43,4,False
Florida,2022-11-06,Beverages,699055504,2022-11-06,693609731.0,670728453.0,708494982.0,698578099.0,24877182.193588357,11,44,4,False
Florida,2022-11-13,Beverages,673068718,2022-11-13,699055504.0,755860884.0,700335011.0,702624820.5714285,22174994.933556985,11,45,4,False
Florida,2022-11-20,Beverages,714995053,2022-11-20,673068718.0,693030079.0,691133574.0,690797368.2857143,8471609.384703942,11,46,4,False
Florida,2022-11-27,Beverages,627978196,2022-11-27,714995053.0,688756403.0,702046035.0,693935221.7142857,12035644.907600285,11,47,4,False
Florida,2022-12-04,Beverages,672178981,2022-12-04,627978196.0,700430110.0,715244615.0,685252620.7142857,26212846.8920873,12,48,4,False
Florida,2022-12-11,Beverages,686888529,2022-12-11,672178981.0,687631033.0,699768170.0,681216745.1428572,25735853.89041273,12,49,4,False
Florida,2022-12-18,Beverages,710659033,2022-12-18,686888529.0,693609731.0,717341218.0,681110673.1428572,25710716.256079104,12,50,4,False
Florida,2022-12-25,Beverages,705162943,2022-12-25,710659033.0,699055504.0,729620556.0,683546287.7142857,27523081.5014582,12,51,4,False
Florida,2023-01-01,Beverages,684937806,2023-01-01,705162943.0,673068718.0,697035016.0,684418779.0,28091827.525329877,1,52,1,False
Florida,2023-01-08,Beverages,681025299,2023-01-08,684937806.0,714995053.0,697115836.0,686114363.0,27711204.244095337,1,1,1,False
Florida,2023-01-15,Beverages,682750237,2023-01-15,681025299.0,627978196.0,707407753.0,681261541.0,25077967.087180674,1,2,1,False
Florida,2023-01-22,Beverages,669250018,2023-01-22,682750237.0,672178981.0,711378458.0,689086118.2857143,12743986.402952868,1,3,1,False
Florida,2023-01-29,Beverages,674965745,2023-01-29,669250018.0,686888529.0,735338902.0,688667695.0,13326977.811380867,1,4,1,False
Florida,2023-02-05,Beverages,697150558,2023-02-05,674965745.0,710659033.0,681830724.0,686964440.1428572,14180110.948002173,2,5,1,False
Florida,2023-02-12,Beverages,705981954,2023-02-12,697150558.0,705162943.0,705424400.0,685034658.0,11487780.327592684,2,6,1,False
Florida,2023-02-19,Beverages,713110008,2023-02-19,705981954.0,684937806.0,707109542.0,685151659.5714285,11694499.348482184,2,7,1,False
Florida,2023-02-26,Beverages,742464646,2023-02-26,713110008.0,681025299.0,711378170.0,689176259.8571428,15238911.033303201,2,8,1,False
Florida,2023-03-05,Beverages,771680293,2023-03-05,742464646.0,682750237.0,716789624.0,697953309.4285715,23481082.376265664,3,9,1,False
Florida,2023-03-12,Beverages,831072061,2023-03-12,771680293.0,669250018.0,706877466.0,710657603.1428572,33667003.24130047,3,10,1,False
Florida,2023-03-19,Beverages,789712001,2023-03-19,831072061.0,674965745.0,725848244.0,733775037.8571428,49249238.99343858,3,11,1,False
Florida,2023-03-26,Beverages,744549564,2023-03-26,789712001.0,697150558.0,782741440.0,750167360.1428572,45931417.97426552,3,12,1,False
Florida,2023-04-02,Beverages,758696512,2023-04-02,744549564.0,705981954.0,681125304.0,756938646.7142857,40826623.265965804,4,13,2,False
Florida,2023-04-09,Beverages,743252354,2023-04-09,758696512.0,713110008.0,667077992.0,764469297.8571428,35207999.86740903,4,14,2,False
Florida,2023-04-16,Beverages,733380086,2023-04-16,743252354.0,742464646.0,670728453.0,768775347.2857143,30142069.32625732,4,15,2,False
Florida,2023-04-23,Beverages,732692298,2023-04-23,733380086.0,771680293.0,755860884.0,767477553.0,31415628.576881457,4,16,2,False
Florida,2023-04-30,Beverages,740510455,2023-04-30,732692298.0,831072061.0,693030079.0,761907839.4285715,33559735.673225105,4,17,2,False
Florida,2023-05-07,Beverages,756307225,2023-05-07,740510455.0,789712001.0,688756403.0,748970467.1428572,18463556.043442767,5,18,2,False
Georgia,2020-05-03,Beverages,232382556,2020-05-03,218926837.0,248795257.0,234203406.0,224266520.7142857,11588259.979982361,5,18,2,False
Georgia,2020-05-10,Beverages,233306058,2020-05-10,232382556.0,232566670.0,222103635.0,221921849.14285713,7228348.132629525,5,19,2,False
Georgia,2020-05-17,Beverages,239786256,2020-05-17,233306058.0,214214934.0,212086740.0,222027476.0,7386793.409062243,5,20,2,False
Georgia,2020-05-24,Beverages,248894330,2020-05-24,239786256.0,222801139.0,203641241.0,225680522.0,8806476.976123594,5,21,2,False
Georgia,2020-05-31,Beverages,235973654,2020-05-31,248894330.0,214020656.0,204848830.0,229408120.7142857,11809217.630393105,5,22,2,False
Georgia,2020-06-07,Beverages,235192873,2020-06-07,235973654.0,218540152.0,202242823.0,232544263.2857143,10097296.47471501,6,23,2,False
Georgia,2020-06-14,Beverages,234400321,2020-06-14,235192873.0,218926837.0,201290193.0,234923223.42857143,8323560.481933653,6,24,2,False
Georgia,2020-06-21,Beverages,239868511,2020-06-21,234400321.0,232382556.0,208396414.0,237133721.14285713,5280104.988653555,6,25,2,False
Georgia,2020-06-28,Beverages,244150500,2020-06-28,239868511.0,233306058.0,198967927.0,238203143.2857143,4957770.526427945,6,26,2,False
Georgia,2020-07-05,Beverages,255137714,2020-07-05,244150500.0,239786256.0,200151766.0,239752349.2857143,4879194.21227032,7,27,3,False
Georgia,2020-07-12,Beverages,238917136,2020-07-12,255137714.0,248894330.0,200972765.0,241945414.7142857,7267218.95162207,7,28,3,False
Georgia,2020-07-19,Beverages,251597267,2020-07-19,238917136.0,235973654.0,216037052.0,240520101.2857143,6722560.29852796,7,29,3,False
Georgia,2020-07-26,Beverages,248674782,2020-07-26,251597267.0,235192873.0,198566370.0,242752046.0,7401853.972948498,7,30,3,False
Georgia,2020-08-02,Beverages,248666926,2020-08-02,248674782.0,234400321.0,193036456.0,244678033.0,6922879.453259635,8,31,3,False
Georgia,2020-08-09,Beverages,252157409,2020-08-09,248666926.0,239868511.0,200613878.0,246716119.42857143,5563749.3633694695,8,32,3,False
Georgia,2020-08-16,Beverages,255956752,2020-08-16,252157409.0,244150500.0,199106822.0,248471676.2857143,5040283.165333625,8,33,3,False
Georgia,2020-08-23,Beverages,245783095,2020-08-23,255956752.0,255137714.0,193934425.0,250158283.7142857,5281672.656281709,8,34,3,False
Georgia,2020-08-30,Beverages,243810936,2020-08-30,245783095.0,238917136.0,200642376.0,248821909.57142857,5030176.6754579125,8,35,3,False
Georgia,2020-09-06,Beverages,249712778,2020-09-06,243810936.0,251597267.0,201281095.0,249521023.85714287,3792901.882748513,9,36,3,False
Georgia,2020-09-13,Beverages,244525536,2020-09-13,249712778.0,248674782.0,196362471.0,249251811.14285713,3701763.836516921,9,37,3,False
Georgia,2020-09-20,Beverages,235833613,2020-09-20,244525536.0,248666926.0,194551782.0,248659061.7142857,4061432.530668274,9,38,3,False
Georgia,2020-09-27,Beverages,235304027,2020-09-27,235833613.0,252157409.0,210589115.0,246825731.2857143,6052520.243215106,9,39,3,False
Georgia,2020-10-04,Beverages,237617892,2020-10-04,235304027.0,255956752.0,216011117.0,244418105.2857143,6763106.331613887,10,40,4,False
Georgia,2020-10-11,Beverages,228323938,2020-10-11,237617892.0,245783095.0,248795257.0,241798268.14285713,5144136.147352213,10,41,4,False
Georgia,2020-10-18,Beverages,223960846,2020-10-18,228323938.0,243810936.0,232566670.0,239304102.85714287,6626436.893529932,10,42,4,False
Georgia,2020-10-25,Beverages,224262383,2020-10-25,223960846.0,249712778.0,214214934.0,236468375.7142857,8160726.581211976,10,43,4,False
Georgia,2020-11-01,Beverages,222344499,2020-11-01,224262383.0,244525536.0,222801139.0,232832605.0,7042954.673800566,11,44,4,False
Georgia,2020-11-08,Beverages,220289341,2020-11-08,222344499.0,235833613.0,214020656.0,229663885.42857143,5978684.993977293,11,45,4,False
Georgia,2020-11-15,Beverages,219240355,2020-11-15,220289341.0,235304027.0,218540152.0,227443275.14285713,6158750.968580547,11,46,4,False
Georgia,2020-11-22,Beverages,229627656,2020-11-22,219240355.0,237617892.0,218926837.0,225148464.85714287,5783534.433810758,11,47,4,False
Georgia,2020-11-29,Beverages,216485518,2020-11-29,229627656.0,228323938.0,232382556.0,224007002.57142857,3577726.3491296507,11,48,4,False
Georgia,2020-12-06,Beverages,208040534,2020-12-06,216485518.0,223960846.0,233306058.0,222315799.7142857,3919119.976666124,12,49,4,False
Georgia,2020-12-13,Beverages,215266327,2020-12-13,208040534.0,224262383.0,239786256.0,220041469.42857143,6237965.510052437,12,50,4,False
Georgia,2020-12-20,Beverages,226573997,2020-12-20,215266327.0,222344499.0,248894330.0,218756318.57142857,6162212.9685527375,12,51,4,False
Georgia,2020-12-27,Beverages,214648294,2020-12-27,226573997.0,220289341.0,235973654.0,219360532.57142857,6670785.089891075,12,52,4,False
Georgia,2021-01-03,Beverages,208934979,2021-01-03,214648294.0,219240355.0,235192873.0,218554668.7142857,6848276.189481376,1,53,1,False
Georgia,2021-01-10,Beverages,214363912,2021-01-10,208934979.0,229627656.0,234400321.0,217082472.14285713,7608162.277394318,1,1,1,False
Georgia,2021-01-17,Beverages,214238532,2021-01-17,214363912.0,216485518.0,239868511.0,214901937.2857143,5630462.275774955,1,2,1,False
Georgia,2021-01-24,Beverages,208876210,2021-01-24,214238532.0,208040534.0,244150500.0,214580939.2857143,5594970.174245829,1,3,1,False
Georgia,2021-01-31,Beverages,212596583,2021-01-31,208876210.0,215266327.0,255137714.0,214700321.57142857,5461463.811703035,1,4,1,False
Georgia,2021-02-07,Beverages,213638444,2021-02-07,212596583.0,226573997.0,238917136.0,214318929.57142857,5501691.215226325,2,5,1,False
Georgia,2021-02-14,Beverages,210672517,2021-02-14,213638444.0,214648294.0,251597267.0,212470993.42857143,2337659.1041784673,2,6,1,False
Georgia,2021-02-21,Beverages,206944928,2021-02-21,210672517.0,208934979.0,248674782.0,211903025.2857143,2219662.63904225,2,7,1,False
Georgia,2021-02-28,Beverages,225430198,2021-02-28,206944928.0,214363912.0,248666926.0,211618732.2857143,2664474.9681059527,2,8,1,False
Georgia,2021-03-07,Beverages,229526110,2021-03-07,225430198.0,214238532.0,252157409.0,213199630.2857143,5547481.952561586,3,9,1,False
Georgia,2021-03-14,Beverages,267795169,2021-03-14,229526110.0,208876210.0,255956752.0,215383570.0,7995618.143329403,3,10,1,False
Georgia,2021-03-21,Beverages,252912763,2021-03-21,267795169.0,212596583.0,245783095.0,223800564.14285713,19479728.691343702,3,11,1,False
Georgia,2021-03-28,Beverages,232747666,2021-03-28,252912763.0,213638444.0,243810936.0,229560018.42857143,21199765.97708504,3,12,1,False
Georgia,2021-04-04,Beverages,242501064,2021-04-04,232747666.0,210672517.0,249712778.0,232289907.2857143,20179583.228496876,4,13,2,False
Georgia,2021-04-11,Beverages,230404565,2021-04-11,242501064.0,206944928.0,244525536.0,236836842.57142857,18294194.513023257,4,14,2,False
Georgia,2021-04-18,Beverages,237770629,2021-04-18,230404565.0,225430198.0,235833613.0,240188219.2857143,14202456.66377692,4,15,2,False
Georgia,2021-04-25,Beverages,234825958,2021-04-25,237770629.0,229526110.0,235304027.0,241951138.0,12973923.30117257,4,16,2,False
Georgia,2021-05-02,Beverages,247764853,2021-05-02,234825958.0,267795169.0,237617892.0,242708259.14285713,12367197.644401591,5,17,2,False
Georgia,2021-05-09,Beverages,249585217,2021-05-09,247764853.0,252912763.0,228323938.0,239846785.42857143,7648836.658161974,5,18,2,False
Georgia,2021-05-16,Beverages,249325087,2021-05-16,249585217.0,232747666.0,223960846.0,239371421.7142857,6887549.849557774,5,19,2,False
Georgia,2021-05-23,Beverages,258169301,2021-05-23,249325087.0,242501064.0,224262383.0,241739624.7142857,7050947.405683841,5,20,2,False
Georgia,2021-05-30,Beverages,259966083,2021-05-30,258169301.0,230404565.0,222344499.0,243977944.2857143,9120580.861551417,5,21,2,False
Georgia,2021-06-06,Beverages,255134239,2021-06-06,259966083.0,237770629.0,220289341.0,248201018.2857143,8691855.325629609,6,22,2,False
Georgia,2021-06-13,Beverages,253894710,2021-06-13,255134239.0,234825958.0,219240355.0,250681534.0,7792342.985002783,6,23,2,False
Georgia,2021-06-20,Beverages,258893196,2021-06-20,253894710.0,247764853.0,229627656.0,253405641.42857143,4342878.326473348,6,24,2,False
Georgia,2021-06-27,Beverages,253975877,2021-06-27,258893196.0,249585217.0,216485518.0,254995404.7142857,4011189.2617691755,6,25,2,False
Georgia,2021-07-04,Beverages,274063879,2021-07-04,253975877.0,249325087.0,208040534.0,255622641.85714287,3415151.0252917,7,26,3,False
Georgia,2021-07-11,Beverages,252953400,2021-07-11,274063879.0,258169301.0,215266327.0,259156755.0,6487715.159257423,7,27,3,False
Georgia,2021-07-18,Beverages,266538614,2021-07-18,252953400.0,259966083.0,226573997.0,258411626.2857143,6847868.97155968,7,28,3,False
Georgia,2021-07-25,Beverages,265685591,2021-07-25,266538614.0,255134239.0,214648294.0,259350559.2857143,7423068.229163225,7,29,3,False
Georgia,2021-08-01,Beverages,272363200,2021-08-01,265685591.0,253894710.0,208934979.0,260857895.2857143,7484884.109177189,8,30,3,False
Georgia,2021-08-08,Beverages,270212454,2021-08-08,272363200.0,258893196.0,214363912.0,263496251.0,7813212.911603527,8,31,3,False
Georgia,2021-08-15,Beverages,272436319,2021-08-15,270212454.0,253975877.0,214238532.0,265113287.85714287,7864383.383666324,8,32,3,False
Georgia,2021-08-22,Beverages,260774673,2021-08-22,272436319.0,274063879.0,208876210.0,267750493.85714287,6695846.880720756,8,33,3,False
Georgia,2021-08-29,Beverages,261886848,2021-08-29,260774673.0,252953400.0,212596583.0,265852035.85714287,6518268.869382858,8,34,3,False
Georgia,2021-09-05,Beverages,271945814,2021-09-05,261886848.0,266538614.0,213638444.0,267128242.7142857,4397430.800993603,9,35,3,False
Georgia,2021-09-12,Beverages,256028112,2021-09-12,271945814.0,265685591.0,210672517.0,267900699.85714287,4691120.553861925,9,36,3,False
Georgia,2021-09-19,Beverages,247987379,2021-09-19,256028112.0,272363200.0,206944928.0,266521060.0,6288016.682374341,9,37,3,False
Georgia,2021-09-26,Beverages,244814212,2021-09-26,247987379.0,270212454.0,225430198.0,263038799.85714287,8462166.712552097,9,38,3,False
Georgia,2021-10-03,Beverages,369777977,2021-10-03,244814212.0,272436319.0,229526110.0,259410479.57142857,9926725.76164602,10,39,4,False
Georgia,2021-10-10,Beverages,356385301,2021-10-10,369777977.0,260774673.0,267795169.0,273316430.71428573,40262465.40947208,10,40,4,False
Georgia,2021-10-17,Beverages,358048744,2021-10-17,356385301.0,261886848.0,252912763.0,286975091.85714287,48967469.085412405,10,41,4,False
Georgia,2021-10-24,Beverages,348127397,2021-10-24,358048744.0,271945814.0,232747666.0,300712505.5714286,53299315.86347586,10,42,4,False
Georgia,2021-10-31,Beverages,346260582,2021-10-31,348127397.0,256028112.0,242501064.0,311595588.85714287,54086278.129343525,10,43,4,False
Georgia,2021-11-07,Beverages,336660309,2021-11-07,346260582.0,247987379.0,230404565.0,324485941.71428573,49897133.12841954,11,44,4,False
Georgia,2021-11-14,Beverages,344501414,2021-11-14,336660309.0,244814212.0,237770629.0,337153503.14285713,38915627.77283344,11,45,4,False
Georgia,2021-11-21,Beverages,354222036,2021-11-21,344501414.0,369777977.0,234825958.0,351394532.0,10062528.647734884,11,46,4,False
Georgia,2021-11-28,Beverages,328540754,2021-11-28,354222036.0,356385301.0,247764853.0,349172254.71428573,7012799.4610383855,11,47,4,False
Georgia,2021-12-05,Beverages,329236652,2021-12-05,328540754.0,358048744.0,249585217.0,345194462.28571427,9313020.46089472,12,48,4,False
Georgia,2021-12-12,Beverages,333122176,2021-12-12,329236652.0,348127397.0,249325087.0,341078449.14285713,9086525.755320618,12,49,4,False
Georgia,2021-12-19,Beverages,352359919,2021-12-19,333122176.0,346260582.0,258169301.0,338934846.14285713,8939511.266558683,12,50,4,False
Georgia,2021-12-26,Beverages,337901545,2021-12-26,352359919.0,336660309.0,259966083.0,339806180.0,9860858.035190348,12,51,4,False
Georgia,2022-01-02,Beverages,328585374,2022-01-02,337901545.0,344501414.0,255134239.0,339983499.4285714,9813741.700926946,1,52,1,False
Georgia,2022-01-09,Beverages,329252569,2022-01-09,328585374.0,354222036.0,253894710.0,337709779.4285714,10333605.206519958,1,1,1,False
Georgia,2022-01-16,Beverages,347151523,2022-01-16,329252569.0,328540754.0,258893196.0,334142712.71428573,8082483.816366821,1,2,1,False
Georgia,2022-01-23,Beverages,327200418,2022-01-23,347151523.0,329236652.0,253975877.0,336801394.0,8828953.28574366,1,3,1,False
Georgia,2022-01-30,Beverages,336182789,2022-01-30,327200418.0,333122176.0,274063879.0,336510503.4285714,9102699.836603401,1,4,1,False
Georgia,2022-02-06,Beverages,337213215,2022-02-06,336182789.0,352359919.0,252953400.0,336947733.85714287,9002400.085190766,2,5,1,False
Georgia,2022-02-13,Beverages,333802365,2022-02-13,337213215.0,337901545.0,266538614.0,334783919.0,6514410.589108992,2,6,1,False
Georgia,2022-02-20,Beverages,328715272,2022-02-20,333802365.0,328585374.0,265685591.0,334198321.85714287,6390911.018754372,2,7,1,False
Georgia,2022-02-27,Beverages,352766123,2022-02-27,328715272.0,329252569.0,272363200.0,334216878.71428573,6374754.304931882,2,8,1,False
Georgia,2022-03-06,Beverages,358685339,2022-03-06,352766123.0,347151523.0,270212454.0,337575957.85714287,8659500.570831588,3,9,1,False
Georgia,2022-03-13,Beverages,360956610,2022-03-13,358685339.0,327200418.0,272436319.0,339223645.85714287,11082927.959997924,3,10,1,False
Georgia,2022-03-20,Beverages,359985779,2022-03-20,360956610.0,336182789.0,260774673.0,344045959.0,12099585.820308283,3,11,1,False
Georgia,2022-03-27,Beverages,364039433,2022-03-27,359985779.0,337213215.0,261886848.0,347446386.14285713,12739746.1573016,3,12,1,False
Georgia,2022-04-03,Beverages,363376987,2022-04-03,364039433.0,333802365.0,271945814.0,351278703.0,13114401.952362448,4,13,2,False
Georgia,2022-04-10,Beverages,364285113,2022-04-10,363376987.0,328715272.0,256028112.0,355503649.0,11463654.832998307,4,14,2,False
Georgia,2022-04-17,Beverages,374126940,2022-04-17,364285113.0,352766123.0,247987379.0,360585054.85714287,3754232.73890349,4,15,2,False
Georgia,2022-04-24,Beverages,367838163,2022-04-24,374126940.0,358685339.0,244814212.0,363636600.14285713,4716586.259835839,4,16,2,False
Georgia,2022-05-01,Beverages,386374893,2022-05-01,367838163.0,360956610.0,369777977.0,364944146.4285714,4422244.164255749,5,17,2,False
Georgia,2022-05-08,Beverages,385078069,2022-05-08,386374893.0,359985779.0,356385301.0,368575329.71428573,8349266.106298542,5,18,2,False
Georgia,2022-05-15,Beverages,383504531,2022-05-15,385078069.0,364039433.0,358048744.0,372159942.5714286,9231820.65858779,5,19,2,False
Georgia,2022-05-22,Beverages,410982915,2022-05-22,383504531.0,363376987.0,348127397.0,374940670.85714287,9298352.012415176,5,20,2,False
Georgia,2022-05-29,Beverages,401053272,2022-05-29,410982915.0,364285113.0,346260582.0,381741517.71428573,14376465.906437246,5,21,2,False
Georgia,2022-06-05,Beverages,381414563,2022-06-05,401053272.0,374126940.0,336660309.0,386994111.85714287,13741849.403235715,6,22,2,False
Georgia,2022-06-12,Beverages,381382227,2022-06-12,381414563.0,367838163.0,344501414.0,388035200.85714287,12982676.176103793,6,23,2,False
Georgia,2022-06-19,Beverages,402468013,2022-06-19,381382227.0,386374893.0,354222036.0,389970067.14285713,10623322.960023984,6,24,2,False
Georgia,2022-06-26,Beverages,395036685,2022-06-26,402468013.0,385078069.0,328540754.0,392269084.28571427,11315349.560659038,6,25,2,False
Georgia,2022-07-03,Beverages,402606623,2022-07-03,395036685.0,383504531.0,329236652.0,393691743.71428573,10941670.959395528,7,26,3,False
Georgia,2022-07-10,Beverages,383730360,2022-07-10,402606623.0,410982915.0,333122176.0,396420614.0,10430790.83582227,7,27,3,False
Georgia,2022-07-17,Beverages,390307593,2022-07-17,383730360.0,401053272.0,352359919.0,392527391.85714287,9292788.815752443,7,28,3,False
Georgia,2022-07-24,Beverages,388923198,2022-07-24,390307593.0,381414563.0,337901545.0,390992294.85714287,8620844.199456887,7,29,3,False
Georgia,2022-07-31,Beverages,403928382,2022-07-31,388923198.0,381382227.0,328585374.0,392064957.0,7789431.198260507,7,30,3,False
Georgia,2022-08-07,Beverages,406489668,2022-08-07,403928382.0,402468013.0,329252569.0,395285836.28571427,7355545.600941867,8,31,3,False
Georgia,2022-08-14,Beverages,411516993,2022-08-14,406489668.0,395036685.0,347151523.0,395860358.4285714,8021043.844530095,8,32,3,False
Georgia,2022-08-21,Beverages,397965157,2022-08-21,411516993.0,402606623.0,327200418.0,398214688.14285713,9680700.239227433,8,33,3,False
Georgia,2022-08-28,Beverages,402234122,2022-08-28,397965157.0,383730360.0,336182789.0,397551621.5714286,9514704.95681963,8,34,3,False
Georgia,2022-09-04,Beverages,407907755,2022-09-04,402234122.0,390307593.0,337213215.0,400195016.14285713,7706148.45175314,9,35,3,False
Georgia,2022-09-11,Beverages,394161387,2022-09-11,407907755.0,388923198.0,333802365.0,402709325.0,6898923.609541398,9,36,3,False
Georgia,2022-09-18,Beverages,391431161,2022-09-18,394161387.0,403928382.0,328715272.0,403457637.71428573,5506569.735392615,9,37,3,False
Georgia,2022-09-25,Beverages,395074477,2022-09-25,391431161.0,406489668.0,352766123.0,401672320.4285714,6911266.25835603,9,38,3,False
Georgia,2022-10-02,Beverages,400501219,2022-10-02,395074477.0,411516993.0,358685339.0,400041578.85714287,6928911.3021531375,10,39,4,False
Georgia,2022-10-09,Beverages,376048076,2022-10-09,400501219.0,397965157.0,360956610.0,398467896.85714287,5172171.371632131,10,40,4,False
Georgia,2022-10-16,Beverages,376757118,2022-10-16,376048076.0,402234122.0,359985779.0,395336885.28571427,9419072.463906184,10,41,4,False
Georgia,2022-10-23,Beverages,368951982,2022-10-23,376757118.0,407907755.0,364039433.0,391697313.28571427,10862405.483779788,10,42,4,False
Georgia,2022-10-30,Beverages,363390718,2022-10-30,368951982.0,394161387.0,363376987.0,386132202.85714287,11108050.275155308,10,43,4,False
Georgia,2022-11-06,Beverages,361574736,2022-11-06,363390718.0,391431161.0,364285113.0,381736393.0,12989923.522343513,11,44,4,False
Georgia,2022-11-13,Beverages,360856331,2022-11-13,361574736.0,395074477.0,374126940.0,377471189.4285714,13971025.873397956,11,45,4,False
Georgia,2022-11-20,Beverages,373185740,2022-11-20,360856331.0,400501219.0,367838163.0,372582882.85714287,12902026.12555353,11,46,4,False
Georgia,2022-11-27,Beverages,358143174,2022-11-27,373185740.0,376048076.0,386374893.0,368680671.5714286,6319754.9718766,11,47,4,False
Georgia,2022-12-04,Beverages,350833583,2022-12-04,358143174.0,376757118.0,385078069.0,366122828.4285714,6442463.998252105,12,48,4,False
Georgia,2022-12-11,Beverages,353241000,2022-12-11,350833583.0,368951982.0,383504531.0,362419466.28571427,6710397.790417697,12,49,4,False
Georgia,2022-12-18,Beverages,373390982,2022-12-18,353241000.0,363390718.0,410982915.0,360175040.28571427,6777214.08053463,12,50,4,False
Georgia,2022-12-25,Beverages,379725854,2022-12-25,373390982.0,361574736.0,401053272.0,361603649.4285714,8207561.65727358,12,51,4,False
Georgia,2023-01-01,Beverages,346758544,2023-01-01,379725854.0,360856331.0,381414563.0,364196666.28571427,10370946.96115747,1,52,1,False
Georgia,2023-01-08,Beverages,346855322,2023-01-08,346758544.0,373185740.0,381382227.0,362182696.71428573,12056021.26435496,1,1,1,False
Georgia,2023-01-15,Beverages,359865759,2023-01-15,346855322.0,358143174.0,402468013.0,358421208.4285714,12143507.59110121,1,2,1,False
Georgia,2023-01-22,Beverages,342184672,2023-01-22,359865759.0,350833583.0,395036685.0,358667292.0,12152830.120987,1,3,1,False
Georgia,2023-01-29,Beverages,347824435,2023-01-29,342184672.0,353241000.0,402606623.0,357431733.28571427,13274371.051334618,1,4,1,False
Georgia,2023-02-05,Beverages,350918544,2023-02-05,347824435.0,373390982.0,383730360.0,356657938.28571427,13648700.155923253,2,5,1,False
Georgia,2023-02-12,Beverages,357158483,2023-02-12,350918544.0,379725854.0,390307593.0,353447590.0,11861165.045388842,2,6,1,False
Georgia,2023-02-19,Beverages,352448462,2023-02-19,357158483.0,346758544.0,388923198.0,350223679.85714287,5797524.661155238,2,7,1,False
Georgia,2023-02-26,Beverages,369505222,2023-02-26,352448462.0,346855322.0,403928382.0,351036525.28571427,5651757.1302635195,2,8,1,False
Georgia,2023-03-05,Beverages,379897876,2023-03-05,369505222.0,359865759.0,406489668.0,354272225.28571427,8228161.802997752,3,9,1,False
Georgia,2023-03-12,Beverages,405494386,2023-03-12,379897876.0,342184672.0,411516993.0,357133956.28571427,12200575.814850248,3,10,1,False
Georgia,2023-03-19,Beverages,386918415,2023-03-19,405494386.0,347824435.0,397965157.0,366178201.14285713,19215469.429383136,3,11,1,False
Georgia,2023-03-26,Beverages,374538068,2023-03-26,386918415.0,350918544.0,402234122.0,371763055.4285714,18744909.462135457,3,12,1,False
Georgia,2023-04-02,Beverages,387840198,2023-04-02,374538068.0,357158483.0,407907755.0,375137273.14285713,16703767.91110967,4,13,2,False
Georgia,2023-04-09,Beverages,367936367,2023-04-09,387840198.0,352448462.0,394161387.0,379520375.28571427,15384395.392548122,4,14,2,False
Georgia,2023-04-16,Beverages,382272127,2023-04-16,367936367.0,369505222.0,391431161.0,381732933.14285713,12093624.201416533,4,15,2,False
Georgia,2023-04-23,Beverages,387642648,2023-04-23,382272127.0,379897876.0,395074477.0,383556776.71428573,11027751.984922564,4,16,2,False
Georgia,2023-04-30,Beverages,395601559,2023-04-30,387642648.0,405494386.0,400501219.0,384663172.71428573,10993616.341518069,4,17,2,False
Georgia,2023-05-07,Beverages,404105159,2023-05-07,395601559.0,386918415.0,376048076.0,383249911.71428573,8600206.831841683,5,18,2,False
Illinois,2020-05-03,Beverages,189455076,2020-05-03,182357648.0,219442899.0,181091999.0,189428796.0,15573940.51308686,5,18,2,False
Illinois,2020-05-10,Beverages,191978797,2020-05-10,189455076.0,199431898.0,179473339.0,185144821.2857143,9772560.69682213,5,19,2,False
Illinois,2020-05-17,Beverages,192199668,2020-05-17,191978797.0,165303611.0,171747245.0,184080092.57142857,8478272.48567859,5,20,2,False
Illinois,2020-05-24,Beverages,200253495,2020-05-24,192199668.0,181787541.0,169394537.0,187922386.42857143,4021307.902651471,5,21,2,False
Illinois,2020-05-31,Beverages,194605742,2020-05-31,200253495.0,190544086.0,169707087.0,190560379.85714287,5055453.428852497,5,22,2,False
Illinois,2020-06-07,Beverages,204592725,2020-06-07,194605742.0,187133889.0,172375681.0,191140616.42857143,5249642.62218177,6,23,2,False
Illinois,2020-06-14,Beverages,203480045,2020-06-14,204592725.0,182357648.0,175223243.0,193634735.85714287,6700449.578596287,6,24,2,False
Illinois,2020-06-21,Beverages,202414363,2020-06-21,203480045.0,189455076.0,177531816.0,196652221.14285713,5609851.682803354,6,25,2,False
Illinois,2020-06-28,Beverages,206700072,2020-06-28,202414363.0,191978797.0,167913697.0,198503547.85714287,5038488.4024965605,6,26,2,False
Illinois,2020-07-05,Beverages,225472693,2020-07-05,206700072.0,192199668.0,173166397.0,200606587.14285713,4947665.71642615,7,27,3,False
Illinois,2020-07-12,Beverages,209603298,2020-07-12,225472693.0,200253495.0,177846809.0,205359876.42857143,8951028.592759375,7,28,3,False
Illinois,2020-07-19,Beverages,206801535,2020-07-19,209603298.0,194605742.0,191928058.0,206695562.57142857,8785454.56269322,7,29,3,False
Illinois,2020-07-26,Beverages,198012496,2020-07-26,206801535.0,204592725.0,171748546.0,208437818.7142857,7298617.839280465,7,30,3,False
Illinois,2020-08-02,Beverages,201691236,2020-08-02,198012496.0,203480045.0,167140897.0,207497786.0,8111770.407825498,8,31,3,False
Illinois,2020-08-09,Beverages,205098054,2020-08-09,201691236.0,202414363.0,172692449.0,207242241.85714287,8261117.137718064,8,32,3,False
Illinois,2020-08-16,Beverages,201018393,2020-08-16,205098054.0,206700072.0,169757178.0,207625626.2857143,8088639.6217046045,8,33,3,False
Illinois,2020-08-23,Beverages,198010028,2020-08-23,201018393.0,225472693.0,165295901.0,206813957.85714287,8419109.878290823,8,34,3,False
Illinois,2020-08-30,Beverages,202292392,2020-08-30,198010028.0,209603298.0,171263875.0,202890720.0,4102056.8849457637,8,35,3,False
Illinois,2020-09-06,Beverages,197631548,2020-09-06,202292392.0,206801535.0,169341636.0,201846304.85714287,3057818.243370227,9,36,3,False
Illinois,2020-09-13,Beverages,188541211,2020-09-13,197631548.0,198012496.0,166798755.0,200536306.7142857,2581499.3019712702,9,37,3,False
Illinois,2020-09-20,Beverages,187393954,2020-09-20,188541211.0,201691236.0,169047636.0,199183266.0,4947533.829730297,9,38,3,False
Illinois,2020-09-27,Beverages,184003042,2020-09-27,187393954.0,205098054.0,177994077.0,197140797.14285713,6266040.532219708,9,39,3,False
Illinois,2020-10-04,Beverages,186846618,2020-10-04,184003042.0,201018393.0,185463112.0,194127224.0,6767085.884227991,10,40,4,False
Illinois,2020-10-11,Beverages,189641773,2020-10-11,186846618.0,198010028.0,219442899.0,192102684.7142857,6517907.835412281,10,41,4,False
Illinois,2020-10-18,Beverages,182486649,2020-10-18,189641773.0,202292392.0,199431898.0,190907219.7142857,6077326.522918321,10,42,4,False
Illinois,2020-10-25,Beverages,176608690,2020-10-25,182486649.0,197631548.0,165303611.0,188077827.85714287,4532153.995511246,10,43,4,False
Illinois,2020-11-01,Beverages,179673232,2020-11-01,176608690.0,188541211.0,181787541.0,185074562.42857143,4156118.9115766557,11,44,4,False
Illinois,2020-11-08,Beverages,183691948,2020-11-08,179673232.0,187393954.0,190544086.0,183807708.2857143,4256684.709221879,11,45,4,False
Illinois,2020-11-15,Beverages,184675766,2020-11-15,183691948.0,184003042.0,187133889.0,183278850.2857143,4000534.957574569,11,46,4,False
Illinois,2020-11-22,Beverages,190376093,2020-11-22,184675766.0,186846618.0,182357648.0,183374953.7142857,4024784.4382087067,11,47,4,False
Illinois,2020-11-29,Beverages,176420194,2020-11-29,190376093.0,189641773.0,189455076.0,183879164.42857143,4607077.2838069685,11,48,4,False
Illinois,2020-12-06,Beverages,177749653,2020-12-06,176420194.0,182486649.0,191978797.0,181990367.42857143,4567459.926310025,12,49,4,False
Illinois,2020-12-13,Beverages,185424146,2020-12-13,177749653.0,176608690.0,192199668.0,181313653.7142857,4789327.488697817,12,50,4,False
Illinois,2020-12-20,Beverages,191245120,2020-12-20,185424146.0,179673232.0,200253495.0,182573004.57142857,4539057.7336591715,12,51,4,False
Illinois,2020-12-27,Beverages,182005351,2020-12-27,191245120.0,183691948.0,194605742.0,184226131.42857143,5235707.374315617,12,52,4,False
Illinois,2021-01-03,Beverages,175411414,2021-01-03,182005351.0,184675766.0,204592725.0,183985189.0,5293237.7745519485,1,53,1,False
Illinois,2021-01-10,Beverages,179843016,2021-01-10,175411414.0,190376093.0,203480045.0,182661710.14285713,6058053.790806999,1,1,1,False
Illinois,2021-01-17,Beverages,176009848,2021-01-17,179843016.0,176420194.0,202414363.0,181156984.85714287,5202802.220676099,1,2,1,False
Illinois,2021-01-24,Beverages,173498389,2021-01-24,176009848.0,177749653.0,206700072.0,181098364.0,5257862.574956621,1,3,1,False
Illinois,2021-01-31,Beverages,178906160,2021-01-31,173498389.0,185424146.0,225472693.0,180491040.57142857,5824574.7166733155,1,4,1,False
Illinois,2021-02-07,Beverages,180591262,2021-02-07,178906160.0,191245120.0,209603298.0,179559899.7142857,5471835.009471939,2,5,1,False
Illinois,2021-02-14,Beverages,173567181,2021-02-14,180591262.0,182005351.0,206801535.0,178037920.0,2875791.2670137878,2,6,1,False
Illinois,2021-02-21,Beverages,174743017,2021-02-21,173567181.0,175411414.0,198012496.0,176832467.14285713,2724660.1416070913,2,7,1,False
Illinois,2021-02-28,Beverages,182399001,2021-02-28,174743017.0,179843016.0,201691236.0,176736981.85714287,2783856.472002797,2,8,1,False
Illinois,2021-03-07,Beverages,194041117,2021-03-07,182399001.0,176009848.0,205098054.0,177102122.57142857,3289088.3775179223,3,9,1,False
Illinois,2021-03-14,Beverages,227953426,2021-03-14,194041117.0,173498389.0,201018393.0,179678018.14285713,6708379.823914276,3,10,1,False
Illinois,2021-03-21,Beverages,207344506,2021-03-21,227953426.0,178906160.0,198010028.0,187457309.14285713,17662398.022048112,3,11,1,False
Illinois,2021-03-28,Beverages,174024961,2021-03-28,207344506.0,180591262.0,202292392.0,191519930.0,18479975.095815964,3,12,1,False
Illinois,2021-04-04,Beverages,196802111,2021-04-04,174024961.0,173567181.0,197631548.0,190581887.0,19164867.560056888,4,13,2,False
Illinois,2021-04-11,Beverages,197492725,2021-04-11,196802111.0,174743017.0,188541211.0,193901162.7142857,17900969.118351597,4,14,2,False
Illinois,2021-04-18,Beverages,191078036,2021-04-18,197492725.0,182399001.0,187393954.0,197151121.0,16102537.67961263,4,15,2,False
Illinois,2021-04-25,Beverages,196608506,2021-04-25,191078036.0,194041117.0,184003042.0,198390983.14285713,15229382.07194613,4,16,2,False
Illinois,2021-05-02,Beverages,205547366,2021-05-02,196608506.0,227953426.0,186846618.0,198757753.0,15150920.74741179,5,17,2,False
Illinois,2021-05-09,Beverages,203636305,2021-05-09,205547366.0,207344506.0,189641773.0,195556887.2857143,10203959.525463594,5,18,2,False
Illinois,2021-05-16,Beverages,199445722,2021-05-16,203636305.0,174024961.0,182486649.0,195027144.2857143,9660007.188013358,5,19,2,False
Illinois,2021-05-23,Beverages,211622439,2021-05-23,199445722.0,196802111.0,176608690.0,198658681.57142857,4461355.606843377,5,20,2,False
Illinois,2021-05-30,Beverages,215845234,2021-05-30,211622439.0,197492725.0,179673232.0,200775871.2857143,6239969.81827853,5,21,2,False
Illinois,2021-06-06,Beverages,215831841,2021-06-06,215845234.0,191078036.0,183691948.0,203397658.2857143,7935011.3592402525,6,22,2,False
Illinois,2021-06-13,Beverages,223371607,2021-06-13,215831841.0,196608506.0,184675766.0,206933916.14285713,7131928.270441244,6,23,2,False
Illinois,2021-06-20,Beverages,224377051,2021-06-20,223371607.0,205547366.0,190376093.0,210757216.2857143,7721130.785089531,6,24,2,False
Illinois,2021-06-27,Beverages,206643417,2021-06-27,224377051.0,203636305.0,176420194.0,213447171.2857143,8660397.355894752,6,25,2,False
Illinois,2021-07-04,Beverages,235170642,2021-07-04,206643417.0,199445722.0,177749653.0,213876758.7142857,8226816.2052662885,7,26,3,False
Illinois,2021-07-11,Beverages,215153860,2021-07-11,235170642.0,211622439.0,185424146.0,218980318.7142857,8755519.941711593,7,27,3,False
Illinois,2021-07-18,Beverages,211555287,2021-07-18,215153860.0,215845234.0,191245120.0,219484807.42857143,8412029.961483803,7,28,3,False
Illinois,2021-07-25,Beverages,216729520,2021-07-25,211555287.0,215831841.0,182005351.0,218871957.85714287,8802089.393312717,7,29,3,False
Illinois,2021-08-01,Beverages,215890758,2021-08-01,216729520.0,223371607.0,175411414.0,219000197.7142857,8763316.846417977,8,30,3,False
Illinois,2021-08-08,Beverages,215452540,2021-08-08,215890758.0,224377051.0,179843016.0,217931505.0,8620032.502636535,8,31,3,False
Illinois,2021-08-15,Beverages,218662234,2021-08-15,215452540.0,206643417.0,176009848.0,216656574.85714287,8223284.003143806,8,32,3,False
Illinois,2021-08-22,Beverages,220926048,2021-08-22,218662234.0,235170642.0,173498389.0,218373548.7142857,7136226.917406301,8,33,3,False
Illinois,2021-08-29,Beverages,227183378,2021-08-29,220926048.0,215153860.0,178906160.0,216338606.7142857,2722029.9533369145,8,34,3,False
Illinois,2021-09-05,Beverages,221934070,2021-09-05,227183378.0,211555287.0,180591262.0,218057109.2857143,4588787.753309034,9,35,3,False
Illinois,2021-09-12,Beverages,203910158,2021-09-12,221934070.0,216729520.0,173567181.0,219539792.57142857,3868692.9239616226,9,36,3,False
Illinois,2021-09-19,Beverages,205718170,2021-09-19,203910158.0,215890758.0,174743017.0,217708455.14285713,6736666.853327474,9,37,3,False
Illinois,2021-09-26,Beverages,202708357,2021-09-26,205718170.0,215452540.0,182399001.0,216255228.2857143,7958451.023594572,9,38,3,False
Illinois,2021-10-03,Beverages,296380378,2021-10-03,202708357.0,218662234.0,194041117.0,214434630.7142857,9281548.388317302,10,39,4,False
Illinois,2021-10-10,Beverages,295098248,2021-10-10,296380378.0,220926048.0,227953426.0,225537222.7142857,30325354.80474619,10,40,4,False
Illinois,2021-10-17,Beverages,282872885,2021-10-17,295098248.0,227183378.0,207344506.0,236133251.2857143,38672494.035322815,10,41,4,False
Illinois,2021-10-24,Beverages,278433539,2021-10-24,282872885.0,221934070.0,174024961.0,244088895.14285713,41628252.43926105,10,42,4,False
Illinois,2021-10-31,Beverages,280869616,2021-10-31,278433539.0,203910158.0,196802111.0,252160247.85714287,42025623.05159356,10,43,4,False
Illinois,2021-11-07,Beverages,281852380,2021-11-07,280869616.0,205718170.0,197492725.0,263154456.14285713,37821232.29701696,11,44,4,False
Illinois,2021-11-14,Beverages,290798411,2021-11-14,281852380.0,202708357.0,191078036.0,274030771.85714287,29846619.74955098,11,45,4,False
Illinois,2021-11-21,Beverages,288337807,2021-11-21,290798411.0,296380378.0,196608506.0,286615065.28571427,6776648.423772546,11,46,4,False
Illinois,2021-11-28,Beverages,269485168,2021-11-28,288337807.0,295098248.0,205547366.0,285466126.5714286,5603912.312432084,11,47,4,False
Illinois,2021-12-05,Beverages,276496520,2021-12-05,269485168.0,282872885.0,203636305.0,281807115.14285713,6422299.917853921,12,48,4,False
Illinois,2021-12-12,Beverages,287001795,2021-12-12,276496520.0,278433539.0,199445722.0,280896205.85714287,6654534.640157667,12,49,4,False
Illinois,2021-12-19,Beverages,296964594,2021-12-19,287001795.0,280869616.0,211622439.0,282120242.4285714,6873400.60330035,12,50,4,False
Illinois,2021-12-26,Beverages,285742748,2021-12-26,296964594.0,281852380.0,215845234.0,284419525.0,8556444.986788332,12,51,4,False
Illinois,2022-01-02,Beverages,274788693,2022-01-02,285742748.0,290798411.0,215831841.0,284975291.85714287,8497796.384473188,1,52,1,False
Illinois,2022-01-09,Beverages,272958611,2022-01-09,274788693.0,288337807.0,223371607.0,282688189.28571427,8772766.433380684,1,1,1,False
Illinois,2022-01-16,Beverages,282114331,2022-01-16,272958611.0,269485168.0,224377051.0,280491161.28571427,9005458.704374403,1,2,1,False
Illinois,2022-01-23,Beverages,270482373,2022-01-23,282114331.0,276496520.0,206643417.0,282295327.4285714,7804812.51492861,1,3,1,False
Illinois,2022-01-30,Beverages,278716822,2022-01-30,270482373.0,287001795.0,235170642.0,281436163.5714286,8678036.938618695,1,4,1,False
Illinois,2022-02-06,Beverages,275702914,2022-02-06,278716822.0,296964594.0,215153860.0,280252596.0,8398733.031719347,2,5,1,False
Illinois,2022-02-13,Beverages,276682043,2022-02-13,275702914.0,285742748.0,211555287.0,277215213.14285713,4936741.009580736,2,6,1,False
Illinois,2022-02-20,Beverages,268026848,2022-02-20,276682043.0,274788693.0,216729520.0,275920826.71428573,3513997.492598066,2,7,1,False
Illinois,2022-02-27,Beverages,283594386,2022-02-27,268026848.0,272958611.0,215890758.0,274954848.85714287,4487102.617455693,2,8,1,False
Illinois,2022-03-06,Beverages,291370429,2022-03-06,283594386.0,282114331.0,215452540.0,276474245.28571427,5283874.487633722,3,9,1,False
Illinois,2022-03-13,Beverages,292041460,2022-03-13,291370429.0,270482373.0,218662234.0,277796545.0,7302462.342563633,3,10,1,False
Illinois,2022-03-20,Beverages,285403066,2022-03-20,292041460.0,278716822.0,220926048.0,280876414.5714286,8073793.6659687795,3,11,1,False
Illinois,2022-03-27,Beverages,284209193,2022-03-27,285403066.0,275702914.0,227183378.0,281831592.28571427,8156883.078941015,3,12,1,False
Illinois,2022-04-03,Beverages,298511323,2022-04-03,284209193.0,276682043.0,221934070.0,283046775.0,7778163.530658742,4,13,2,False
Illinois,2022-04-10,Beverages,300737051,2022-04-10,298511323.0,268026848.0,203910158.0,286165243.5714286,8896767.496145016,4,14,2,False
Illinois,2022-04-17,Beverages,306965125,2022-04-17,300737051.0,283594386.0,205718170.0,290838129.71428573,6375762.438039596,4,15,2,False
Illinois,2022-04-24,Beverages,289583066,2022-04-24,306965125.0,291370429.0,202708357.0,294176806.71428573,7691676.687350237,4,16,2,False
Illinois,2022-05-01,Beverages,304066449,2022-05-01,289583066.0,292041460.0,296380378.0,293921469.14285713,7809367.53234086,5,17,2,False
Illinois,2022-05-08,Beverages,307796462,2022-05-08,304066449.0,285403066.0,295098248.0,295639324.71428573,8499012.853274168,5,18,2,False
Illinois,2022-05-15,Beverages,323031481,2022-05-15,307796462.0,284209193.0,282872885.0,298838381.28571427,8254953.406880094,5,19,2,False
Illinois,2022-05-22,Beverages,320361780,2022-05-22,323031481.0,298511323.0,278433539.0,304384422.4285714,9509339.075929036,5,20,2,False
Illinois,2022-05-29,Beverages,323720624,2022-05-29,320361780.0,300737051.0,280869616.0,307505916.28571427,10593591.71786046,5,21,2,False
Illinois,2022-06-05,Beverages,326723707,2022-06-05,323720624.0,306965125.0,281852380.0,310789283.85714287,11509033.651458556,6,22,2,False
Illinois,2022-06-12,Beverages,329303480,2022-06-12,326723707.0,289583066.0,290798411.0,313611938.4285714,12596569.75561505,6,23,2,False
Illinois,2022-06-19,Beverages,332607271,2022-06-19,329303480.0,304066449.0,288337807.0,319286283.28571427,8897555.25853928,6,24,2,False
Illinois,2022-06-26,Beverages,329321501,2022-06-26,332607271.0,307796462.0,269485168.0,323363543.5714286,7402725.6079732515,6,25,2,False
Illinois,2022-07-03,Beverages,351403843,2022-07-03,329321501.0,323031481.0,276496520.0,326438549.14285713,3974490.7707515224,7,26,3,False
Illinois,2022-07-10,Beverages,325136997,2022-07-10,351403843.0,320361780.0,287001795.0,330491743.71428573,9313853.879447678,7,27,3,False
Illinois,2022-07-17,Beverages,322944142,2022-07-17,325136997.0,323720624.0,296964594.0,331173917.5714286,8701680.77307678,7,28,3,False
Illinois,2022-07-24,Beverages,326426322,2022-07-24,322944142.0,326723707.0,285742748.0,331062991.5714286,8800375.209432764,7,29,3,False
Illinois,2022-07-31,Beverages,330043855,2022-07-31,326426322.0,329303480.0,274788693.0,331020508.0,8821911.899465166,7,30,3,False
Illinois,2022-08-07,Beverages,331640631,2022-08-07,330043855.0,332607271.0,272958611.0,331126275.85714287,8805114.301082298,8,31,3,False
Illinois,2022-08-14,Beverages,326737720,2022-08-14,331640631.0,329321501.0,282114331.0,330988184.4285714,8788368.895365313,8,32,3,False
Illinois,2022-08-21,Beverages,329101262,2022-08-21,326737720.0,351403843.0,270482373.0,330619072.85714287,8904115.46605206,8,33,3,False
Illinois,2022-08-28,Beverages,331581767,2022-08-28,329101262.0,325136997.0,278716822.0,327432989.85714287,2783166.525379679,8,34,3,False
Illinois,2022-09-04,Beverages,329332330,2022-09-04,331581767.0,322944142.0,275702914.0,328353671.28571427,2933289.228508375,9,35,3,False
Illinois,2022-09-11,Beverages,320151749,2022-09-11,329332330.0,326426322.0,276682043.0,329266269.5714286,1930736.9523802241,9,36,3,False
Illinois,2022-09-18,Beverages,315605854,2022-09-18,320151749.0,330043855.0,268026848.0,328369902.0,3693219.182923124,9,37,3,False
Illinois,2022-09-25,Beverages,307020258,2022-09-25,315605854.0,331640631.0,283594386.0,326307330.4285714,5679769.45987153,9,38,3,False
Illinois,2022-10-02,Beverages,312342154,2022-10-02,307020258.0,326737720.0,291370429.0,322790134.28571427,8304653.211556366,10,39,4,False
Illinois,2022-10-09,Beverages,311670696,2022-10-09,312342154.0,329101262.0,292041460.0,320733624.85714287,8837768.760269126,10,40,4,False
Illinois,2022-10-16,Beverages,300046468,2022-10-16,311670696.0,331581767.0,285403066.0,318243544.0,8581199.599866794,10,41,4,False
Illinois,2022-10-23,Beverages,296777577,2022-10-23,300046468.0,329332330.0,284209193.0,313738501.28571427,8673575.792177822,10,42,4,False
Illinois,2022-10-30,Beverages,299171322,2022-10-30,296777577.0,320151749.0,298511323.0,309087822.28571427,7743385.856758698,10,43,4,False
Illinois,2022-11-06,Beverages,297530775,2022-11-06,299171322.0,315605854.0,300737051.0,306090618.4285714,6894760.52143064,11,44,4,False
Illinois,2022-11-13,Beverages,301720764,2022-11-13,297530775.0,307020258.0,306965125.0,303508464.28571427,6197034.197959069,11,45,4,False
Illinois,2022-11-20,Beverages,304754900,2022-11-20,301720764.0,312342154.0,289583066.0,302751393.71428573,6043576.47452125,11,46,4,False
Illinois,2022-11-27,Beverages,297964400,2022-11-27,304754900.0,311670696.0,304066449.0,301667500.28571427,4773158.523767072,11,47,4,False
Illinois,2022-12-04,Beverages,292748360,2022-12-04,297964400.0,300046468.0,307796462.0,299709458.0,2571625.8373232046,12,48,4,False
Illinois,2022-12-11,Beverages,303436767,2022-12-11,292748360.0,296777577.0,323031481.0,298666871.14285713,3525969.254241977,12,49,4,False
Illinois,2022-12-18,Beverages,314639056,2022-12-18,303436767.0,299171322.0,320361780.0,299618184.0,3777276.3304796084,12,50,4,False
Illinois,2022-12-25,Beverages,315346157,2022-12-25,314639056.0,297530775.0,323720624.0,301827860.28571427,6448952.742415991,12,51,4,False
Illinois,2023-01-01,Beverages,288821985,2023-01-01,315346157.0,301720764.0,326723707.0,304372914.85714287,7653768.679726264,1,52,1,False
Illinois,2023-01-08,Beverages,282394916,2023-01-08,288821985.0,304754900.0,329303480.0,302530232.14285713,9419511.537027512,1,1,1,False
Illinois,2023-01-15,Beverages,288290274,2023-01-15,282394916.0,297964400.0,332607271.0,299335948.71428573,11650555.265229998,1,2,1,False
Illinois,2023-01-22,Beverages,280675073,2023-01-22,288290274.0,292748360.0,329321501.0,297953930.71428573,12287647.884121785,1,3,1,False
Illinois,2023-01-29,Beverages,289687954,2023-01-29,280675073.0,303436767.0,351403843.0,296229175.4285714,13667174.049780997,1,4,1,False
Illinois,2023-02-05,Beverages,291522543,2023-02-05,289687954.0,314639056.0,325136997.0,294265059.28571427,13476834.41798081,2,5,1,False
Illinois,2023-02-12,Beverages,304521956,2023-02-12,291522543.0,315346157.0,322944142.0,290962700.28571427,10606319.478885025,2,6,1,False
Illinois,2023-02-19,Beverages,287407472,2023-02-19,304521956.0,288821985.0,326426322.0,289416385.85714287,7171580.083128956,2,7,1,False
Illinois,2023-02-26,Beverages,296223461,2023-02-26,287407472.0,282394916.0,330043855.0,289214312.5714286,7205330.5013716575,2,8,1,False
Illinois,2023-03-05,Beverages,315399969,2023-03-05,296223461.0,288290274.0,331640631.0,291189819.0,6956221.531714447,3,9,1,False
Illinois,2023-03-12,Beverages,345355526,2023-03-12,315399969.0,280675073.0,326737720.0,295062632.5714286,10766723.424449869,3,10,1,False
Illinois,2023-03-19,Beverages,324581348,2023-03-19,345355526.0,289687954.0,329101262.0,304302697.28571427,19034472.56433541,3,11,1,False
Illinois,2023-03-26,Beverages,286576558,2023-03-26,324581348.0,291522543.0,331581767.0,309287467.85714287,19123192.390965797,3,12,1,False
Illinois,2023-04-02,Beverages,300303597,2023-04-02,286576558.0,304521956.0,329332330.0,308580898.5714286,19844299.65227144,4,13,2,False
Illinois,2023-04-09,Beverages,324769883,2023-04-09,300303597.0,287407472.0,320151749.0,307978275.85714287,20021667.64989439,4,14,2,False
Illinois,2023-04-16,Beverages,320376885,2023-04-16,324769883.0,296223461.0,315605854.0,313315763.14285713,18767178.545134272,4,15,2,False
Illinois,2023-04-23,Beverages,309761429,2023-04-23,320376885.0,315399969.0,307020258.0,316766252.28571427,17483953.687712356,4,16,2,False
Illinois,2023-04-30,Beverages,317674936,2023-04-30,309761429.0,345355526.0,312342154.0,315960746.5714286,17657371.58459618,4,17,2,False
Illinois,2023-05-07,Beverages,327722103,2023-05-07,317674936.0,324581348.0,311670696.0,312006376.5714286,13157862.896382056,5,18,2,False
Indiana,2020-05-03,Beverages,131456101,2020-05-03,126769643.0,139416011.0,127850725.0,128408473.57142857,7565531.231998573,5,18,2,False
Indiana,2020-05-10,Beverages,134548294,2020-05-10,131456101.0,138751371.0,124695383.0,127271343.57142857,6321522.646597417,5,19,2,False
Indiana,2020-05-17,Beverages,134296408,2020-05-17,134548294.0,117694236.0,119459991.0,126670904.0,5323409.541512766,5,20,2,False
Indiana,2020-05-24,Beverages,143051261,2020-05-24,134296408.0,121100727.0,117871951.0,129042642.85714285,4416892.09501582,5,21,2,False
Indiana,2020-05-31,Beverages,138437086,2020-05-31,143051261.0,127886318.0,117416242.0,132178433.42857143,5357206.464040497,5,22,2,False
Indiana,2020-06-07,Beverages,144255565,2020-06-07,138437086.0,127241009.0,116620226.0,133685686.0,5421431.448396189,6,23,2,False
Indiana,2020-06-14,Beverages,143814236,2020-06-14,144255565.0,126769643.0,118206970.0,136116336.85714287,5788849.724903496,6,24,2,False
Indiana,2020-06-21,Beverages,143264040,2020-06-21,143814236.0,131456101.0,122410437.0,138551278.7142857,4854597.823321383,6,25,2,False
Indiana,2020-06-28,Beverages,146009547,2020-06-28,143264040.0,134548294.0,117489219.0,140238127.14285713,4086916.56343543,6,26,2,False
Indiana,2020-07-05,Beverages,157947108,2020-07-05,146009547.0,134296408.0,116356931.0,141875449.0,3762399.2136874846,7,27,3,False
Indiana,2020-07-12,Beverages,143800891,2020-07-12,157947108.0,143051261.0,120252021.0,145254120.42857143,5606602.626482452,7,28,3,False
Indiana,2020-07-19,Beverages,146675199,2020-07-19,143800891.0,138437086.0,128150634.0,145361210.42857143,5570547.027668684,7,29,3,False
Indiana,2020-07-26,Beverages,140947398,2020-07-26,146675199.0,144255565.0,119937601.0,146538083.7142857,4800369.198024276,7,30,3,False
Indiana,2020-08-02,Beverages,140146752,2020-08-02,140947398.0,143814236.0,115775164.0,146065488.42857143,5151799.436087254,8,31,3,False
Indiana,2020-08-09,Beverages,141463339,2020-08-09,140146752.0,143264040.0,116809953.0,145541562.14285713,5526935.008940942,8,32,3,False
Indiana,2020-08-16,Beverages,142549613,2020-08-16,141463339.0,146009547.0,118935094.0,145284319.14285713,5667081.049053492,8,33,3,False
Indiana,2020-08-23,Beverages,140948983,2020-08-23,142549613.0,157947108.0,111034723.0,144790042.85714287,5732777.340278316,8,34,3,False
Indiana,2020-08-30,Beverages,141686411,2020-08-30,140948983.0,143800891.0,116658532.0,142361739.2857143,2084703.5500162924,8,35,3,False
Indiana,2020-09-06,Beverages,138670536,2020-09-06,141686411.0,146675199.0,115649156.0,142059670.7142857,2005995.1190652642,9,36,3,False
Indiana,2020-09-13,Beverages,136944933,2020-09-13,138670536.0,140947398.0,115526771.0,140916147.42857143,1146281.512703159,9,37,3,False
Indiana,2020-09-20,Beverages,136103330,2020-09-20,136944933.0,140146752.0,117564245.0,140344366.7142857,1799950.963119143,9,38,3,False
Indiana,2020-09-27,Beverages,134674309,2020-09-27,136103330.0,141463339.0,122128860.0,139766735.0,2338818.2712831385,9,39,3,False
Indiana,2020-10-04,Beverages,132507588,2020-10-04,134674309.0,142549613.0,124331397.0,138796873.57142857,2796947.7098352034,10,40,4,False
Indiana,2020-10-11,Beverages,131283884,2020-10-11,132507588.0,140948983.0,139416011.0,137362298.57142857,3066557.8005017177,10,41,4,False
Indiana,2020-10-18,Beverages,129107106,2020-10-18,131283884.0,141686411.0,138751371.0,135981570.14285713,3307229.716080368,10,42,4,False
Indiana,2020-10-25,Beverages,127075613,2020-10-25,129107106.0,138670536.0,117694236.0,134184526.57142857,3132134.5443482925,10,43,4,False
Indiana,2020-11-01,Beverages,126201511,2020-11-01,127075613.0,136944933.0,121100727.0,132528109.0,3378042.649725636,11,44,4,False
Indiana,2020-11-08,Beverages,128086368,2020-11-08,126201511.0,136103330.0,127886318.0,130993334.42857143,3462183.0873942026,11,45,4,False
Indiana,2020-11-15,Beverages,130455323,2020-11-15,128086368.0,134674309.0,127241009.0,129848054.14285715,2855163.559522529,11,46,4,False
Indiana,2020-11-22,Beverages,133432690,2020-11-22,130455323.0,132507588.0,126769643.0,129245341.85714285,2124581.2187240687,11,47,4,False
Indiana,2020-11-29,Beverages,128159889,2020-11-29,133432690.0,131283884.0,131456101.0,129377499.28571428,2341131.9898136314,11,48,4,False
Indiana,2020-12-06,Beverages,122077377,2020-12-06,128159889.0,129107106.0,134548294.0,128931214.28571428,2230322.621651211,12,49,4,False
Indiana,2020-12-13,Beverages,128019493,2020-12-13,122077377.0,127075613.0,134296408.0,127926967.28571428,3266823.191712624,12,50,4,False
Indiana,2020-12-20,Beverages,133118911,2020-12-20,128019493.0,126201511.0,143051261.0,128061807.28571428,3248327.492070328,12,51,4,False
Indiana,2020-12-27,Beverages,130197786,2020-12-27,133118911.0,128086368.0,138437086.0,129050007.28571428,3568497.9132196936,12,52,4,False
Indiana,2021-01-03,Beverages,124091850,2021-01-03,130197786.0,130455323.0,144255565.0,129351638.42857143,3563528.8965570065,1,53,1,False
Indiana,2021-01-10,Beverages,123636113,2021-01-10,124091850.0,133432690.0,143814236.0,128442570.85714285,3956073.0007410534,1,1,1,False
Indiana,2021-01-17,Beverages,128577177,2021-01-17,123636113.0,128159889.0,143264040.0,127043059.85714285,3665357.630360409,1,2,1,False
Indiana,2021-01-24,Beverages,124676972,2021-01-24,128577177.0,122077377.0,146009547.0,127102672.42857143,3686369.843705233,1,3,1,False
Indiana,2021-01-31,Beverages,127354831,2021-01-31,124676972.0,128019493.0,157947108.0,127474043.14285715,3268688.538778649,1,4,1,False
Indiana,2021-02-07,Beverages,125502845,2021-02-07,127354831.0,133118911.0,143800891.0,127379091.42857143,3261109.7702825847,2,5,1,False
Indiana,2021-02-14,Beverages,125762667,2021-02-14,125502845.0,130197786.0,146675199.0,126291082.0,2290735.3425852684,2,6,1,False
Indiana,2021-02-21,Beverages,124536407,2021-02-21,125762667.0,124091850.0,140947398.0,125657493.57142857,1644867.5612887687,2,7,1,False
Indiana,2021-02-28,Beverages,129668750,2021-02-28,124536407.0,123636113.0,140146752.0,125721001.71428572,1590888.6724845567,2,8,1,False
Indiana,2021-03-07,Beverages,134629998,2021-03-07,129668750.0,128577177.0,141463339.0,126582807.0,1842183.661569717,3,9,1,False
Indiana,2021-03-14,Beverages,150372215,2021-03-14,134629998.0,124676972.0,142549613.0,127447495.71428572,3365825.0906504523,3,10,1,False
Indiana,2021-03-21,Beverages,150386321,2021-03-21,150372215.0,127354831.0,140948983.0,131118244.71428572,8475575.116738314,3,11,1,False
Indiana,2021-03-28,Beverages,130329188,2021-03-28,150386321.0,125502845.0,141686411.0,134408457.57142857,10584116.073264621,3,12,1,False
Indiana,2021-04-04,Beverages,135173535,2021-04-04,130329188.0,125762667.0,138670536.0,135097935.14285713,10128936.2089852,4,13,2,False
Indiana,2021-04-11,Beverages,136162877,2021-04-11,135173535.0,124536407.0,136944933.0,136442344.85714287,9398889.469051484,4,14,2,False
Indiana,2021-04-18,Beverages,135305521,2021-04-18,136162877.0,129668750.0,136103330.0,138103269.14285713,8083403.830468399,4,15,2,False
Indiana,2021-04-25,Beverages,138778033,2021-04-25,135305521.0,134629998.0,134674309.0,138908522.14285713,7459769.98062261,4,16,2,False
Indiana,2021-05-02,Beverages,143657224,2021-05-02,138778033.0,150372215.0,132507588.0,139501098.57142857,7258398.169963311,5,17,2,False
Indiana,2021-05-09,Beverages,143864880,2021-05-09,143657224.0,150386321.0,131283884.0,138541814.14285713,6111359.771842433,5,18,2,False
Indiana,2021-05-16,Beverages,143572669,2021-05-16,143864880.0,130329188.0,129107106.0,137610179.7142857,4526242.785883578,5,19,2,False
Indiana,2021-05-23,Beverages,152381777,2021-05-23,143572669.0,135173535.0,127075613.0,139502105.57142857,3796443.265810245,5,20,2,False
Indiana,2021-05-30,Beverages,156489210,2021-05-30,152381777.0,136162877.0,126201511.0,141960425.85714287,5421345.547524414,5,21,2,False
Indiana,2021-06-06,Beverages,152115833,2021-06-06,156489210.0,135305521.0,128086368.0,144864187.7142857,6805334.863991607,6,22,2,False
Indiana,2021-06-13,Beverages,157382641,2021-06-13,152115833.0,138778033.0,130455323.0,147265660.85714287,5916524.262984425,6,23,2,False
Indiana,2021-06-20,Beverages,160605817,2021-06-20,157382641.0,143657224.0,133432690.0,149923462.0,5680831.524222208,6,24,2,False
Indiana,2021-06-27,Beverages,151626564,2021-06-27,160605817.0,143864880.0,128159889.0,152344689.57142857,6091135.205608504,6,25,2,False
Indiana,2021-07-04,Beverages,166676546,2021-07-04,151626564.0,143572669.0,122077377.0,153453501.57142857,5066920.482900506,7,26,3,False
Indiana,2021-07-11,Beverages,153095084,2021-07-11,166676546.0,152381777.0,128019493.0,156754055.42857143,5080470.219636646,7,27,3,False
Indiana,2021-07-18,Beverages,152121652,2021-07-18,153095084.0,156489210.0,133118911.0,156855956.42857143,4998239.834893983,7,28,3,False
Indiana,2021-07-25,Beverages,154413738,2021-07-25,152121652.0,152115833.0,130197786.0,156232019.57142857,5270278.729379674,7,29,3,False
Indiana,2021-08-01,Beverages,151862964,2021-08-01,154413738.0,157382641.0,124091850.0,156560291.7142857,5071484.468240279,8,30,3,False
Indiana,2021-08-08,Beverages,150564393,2021-08-08,151862964.0,160605817.0,123636113.0,155771766.42857143,5306006.130595614,8,31,3,False
Indiana,2021-08-15,Beverages,155768675,2021-08-15,150564393.0,151626564.0,128577177.0,154337277.2857143,5160568.7227568505,8,32,3,False
Indiana,2021-08-22,Beverages,155327368,2021-08-22,155768675.0,166676546.0,124676972.0,154929007.42857143,5052159.4783309465,8,33,3,False
Indiana,2021-08-29,Beverages,157342317,2021-08-29,155327368.0,153095084.0,127354831.0,153307696.2857143,1789799.9754734146,8,34,3,False
Indiana,2021-09-05,Beverages,153501543,2021-09-05,157342317.0,152121652.0,125502845.0,153914443.85714287,2270294.1811106536,9,35,3,False
Indiana,2021-09-12,Beverages,146855493,2021-09-12,153501543.0,154413738.0,125762667.0,154111571.14285713,2163463.4926720452,9,36,3,False
Indiana,2021-09-19,Beverages,148392708,2021-09-19,146855493.0,151862964.0,124536407.0,153031821.85714287,3320119.9538263152,9,37,3,False
Indiana,2021-09-26,Beverages,144973769,2021-09-26,148392708.0,150564393.0,129668750.0,152536071.0,3695501.934928032,9,38,3,False
Indiana,2021-10-03,Beverages,205571442,2021-10-03,144973769.0,155768675.0,134629998.0,151737410.42857143,4542388.111719596,10,39,4,False
Indiana,2021-10-10,Beverages,204222463,2021-10-10,205571442.0,155327368.0,150372215.0,158852091.42857143,19537341.862512488,10,40,4,False
Indiana,2021-10-17,Beverages,201261578,2021-10-17,204222463.0,157342317.0,150386321.0,165837105.0,25004194.301011126,10,41,4,False
Indiana,2021-10-24,Beverages,198294087,2021-10-24,201261578.0,153501543.0,130329188.0,172111285.14285713,27473734.56700211,10,42,4,False
Indiana,2021-10-31,Beverages,194870633,2021-10-31,198294087.0,146855493.0,135173535.0,178510220.0,27610129.29221973,10,43,4,False
Indiana,2021-11-07,Beverages,195899422,2021-11-07,194870633.0,148392708.0,136162877.0,185369525.7142857,24705480.95534209,11,44,4,False
Indiana,2021-11-14,Beverages,201623508,2021-11-14,195899422.0,144973769.0,135305521.0,192156199.14285713,19616708.03376257,11,45,4,False
Indiana,2021-11-21,Beverages,205513525,2021-11-21,201623508.0,205571442.0,138778033.0,200249019.0,3754972.4880659063,11,46,4,False
Indiana,2021-11-28,Beverages,192477586,2021-11-28,205513525.0,204222463.0,143657224.0,200240745.14285713,3743281.3401202243,11,47,4,False
Indiana,2021-12-05,Beverages,189111354,2021-12-05,192477586.0,201261578.0,143864880.0,198562905.57142857,4188276.6611158075,12,48,4,False
Indiana,2021-12-12,Beverages,198276752,2021-12-12,189111354.0,198294087.0,143572669.0,196827159.2857143,5123488.178162394,12,49,4,False
Indiana,2021-12-19,Beverages,208021927,2021-12-19,198276752.0,194870633.0,152381777.0,196824682.85714287,5122782.683713303,12,50,4,False
Indiana,2021-12-26,Beverages,202810432,2021-12-26,208021927.0,195899422.0,156489210.0,198703439.14285713,6330788.782434963,12,51,4,False
Indiana,2022-01-02,Beverages,190740274,2022-01-02,202810432.0,201623508.0,152115833.0,199690726.2857143,6355356.943203258,1,52,1,False
Indiana,2022-01-09,Beverages,190489567,2022-01-09,190740274.0,205513525.0,157382641.0,198135978.57142857,6991711.428612115,1,1,1,False
Indiana,2022-01-16,Beverages,200986654,2022-01-16,190489567.0,192477586.0,160605817.0,195989698.85714287,6697355.589411807,1,2,1,False
Indiana,2022-01-23,Beverages,190665257,2022-01-23,200986654.0,189111354.0,151626564.0,197205280.0,6721746.845782413,1,3,1,False
Indiana,2022-01-30,Beverages,194169760,2022-01-30,190665257.0,198276752.0,166676546.0,197427266.14285713,6471790.24056612,1,4,1,False
Indiana,2022-02-06,Beverages,194929081,2022-02-06,194169760.0,208021927.0,153095084.0,196840553.0,6553827.412724663,2,5,1,False
Indiana,2022-02-13,Beverages,195285776,2022-02-13,194929081.0,202810432.0,152121652.0,194970146.42857143,4702738.287002668,2,6,1,False
Indiana,2022-02-20,Beverages,191968142,2022-02-20,195285776.0,190740274.0,154413738.0,193895195.57142857,3491850.5233143703,2,7,1,False
Indiana,2022-02-27,Beverages,200298365,2022-02-27,191968142.0,190489567.0,151862964.0,194070605.2857143,3357204.7452440597,2,8,1,False
Indiana,2022-03-06,Beverages,202181303,2022-03-06,200298365.0,200986654.0,150564393.0,195471862.14285713,3607774.864446338,3,9,1,False
Indiana,2022-03-13,Beverages,205372538,2022-03-13,202181303.0,190665257.0,155768675.0,195642526.2857143,3882415.6682590423,3,10,1,False
Indiana,2022-03-20,Beverages,205327214,2022-03-20,205372538.0,194169760.0,155327368.0,197743566.42857143,4543620.183326648,3,11,1,False
Indiana,2022-03-27,Beverages,201956399,2022-03-27,205327214.0,194929081.0,157342317.0,199337488.42857143,4949269.7483924925,3,12,1,False
Indiana,2022-04-03,Beverages,206089832,2022-04-03,201956399.0,195285776.0,153501543.0,200341391.0,4657356.564939203,4,13,2,False
Indiana,2022-04-10,Beverages,208023752,2022-04-10,206089832.0,191968142.0,146855493.0,201884827.57142857,4514211.637594588,4,14,2,False
Indiana,2022-04-17,Beverages,215450721,2022-04-17,208023752.0,200298365.0,148392708.0,204178486.14285713,2540146.2242518035,4,15,2,False
Indiana,2022-04-24,Beverages,205818236,2022-04-24,215450721.0,202181303.0,144973769.0,206343108.42857143,4215197.1822496075,4,16,2,False
Indiana,2022-05-01,Beverages,212444441,2022-05-01,205818236.0,205372538.0,205571442.0,206862670.2857143,3881098.260874028,5,17,2,False
Indiana,2022-05-08,Beverages,213902089,2022-05-08,212444441.0,205327214.0,204222463.0,207872942.14285713,4263325.185722242,5,18,2,False
Indiana,2022-05-15,Beverages,222954021,2022-05-15,213902089.0,201956399.0,201261578.0,209097924.2857143,4576296.112577076,5,19,2,False
Indiana,2022-05-22,Beverages,231422188,2022-05-22,222954021.0,206089832.0,198294087.0,212097584.57142857,5664446.79824707,5,20,2,False
Indiana,2022-05-29,Beverages,231492773,2022-05-29,231422188.0,208023752.0,194870633.0,215716492.57142857,8196457.80318702,5,21,2,False
Indiana,2022-06-05,Beverages,223844828,2022-06-05,231492773.0,215450721.0,195899422.0,219069209.85714287,9112794.913213968,6,22,2,False
Indiana,2022-06-12,Beverages,224741381,2022-06-12,223844828.0,205818236.0,201623508.0,220268368.0,9110029.192270435,6,23,2,False
Indiana,2022-06-19,Beverages,232822647,2022-06-19,224741381.0,212444441.0,205513525.0,222971674.42857143,6979509.746818862,6,24,2,False
Indiana,2022-06-26,Beverages,231333341,2022-06-26,232822647.0,213902089.0,192477586.0,225882846.7142857,6186268.69474633,6,25,2,False
Indiana,2022-07-03,Beverages,245802193,2022-07-03,231333341.0,222954021.0,189111354.0,228373025.57142857,3975852.826958432,7,26,3,False
Indiana,2022-07-10,Beverages,225822175,2022-07-10,245802193.0,231422188.0,198276752.0,231637050.14285713,6659956.153858243,7,27,3,False
Indiana,2022-07-17,Beverages,226763655,2022-07-17,225822175.0,231492773.0,208021927.0,230837048.2857143,6966980.265978788,7,28,3,False
Indiana,2022-07-24,Beverages,230490077,2022-07-24,226763655.0,223844828.0,202810432.0,230161460.0,7098685.184317942,7,29,3,False
Indiana,2022-07-31,Beverages,228600502,2022-07-31,230490077.0,224741381.0,190740274.0,231110781.2857143,6618577.667737055,7,30,3,False
Indiana,2022-08-07,Beverages,233222693,2022-08-07,228600502.0,232822647.0,190489567.0,231662084.2857143,6213392.097662192,8,31,3,False
Indiana,2022-08-14,Beverages,231687005,2022-08-14,233222693.0,231333341.0,200986654.0,231719233.7142857,6225631.589990902,8,32,3,False
Indiana,2022-08-21,Beverages,232468230,2022-08-21,231687005.0,245802193.0,190665257.0,231769757.14285713,6223729.681575782,8,33,3,False
Indiana,2022-08-28,Beverages,233265352,2022-08-28,232468230.0,225822175.0,194169760.0,229864905.2857143,2654458.839360521,8,34,3,False
Indiana,2022-09-04,Beverages,231355927,2022-09-04,233265352.0,226763655.0,194929081.0,230928216.2857143,2287482.078731562,9,35,3,False
Indiana,2022-09-11,Beverages,225562302,2022-09-11,231355927.0,230490077.0,195285776.0,231584255.14285713,1533188.8664618619,9,36,3,False
Indiana,2022-09-18,Beverages,226801841,2022-09-18,225562302.0,228600502.0,191968142.0,230880287.2857143,2620042.9478740147,9,37,3,False
Indiana,2022-09-25,Beverages,220893361,2022-09-25,226801841.0,233222693.0,200298365.0,230623335.7142857,2903852.3606461543,9,38,3,False
Indiana,2022-10-02,Beverages,219252982,2022-10-02,220893361.0,231687005.0,202181303.0,228862002.57142857,4229592.994400537,10,39,4,False
Indiana,2022-10-09,Beverages,216869531,2022-10-09,219252982.0,232468230.0,205372538.0,227085713.57142857,5175387.047334712,10,40,4,False
Indiana,2022-10-16,Beverages,213503257,2022-10-16,216869531.0,233265352.0,205327214.0,224857328.0,5708782.770837939,10,41,4,False
Indiana,2022-10-23,Beverages,209982292,2022-10-23,213503257.0,231355927.0,201956399.0,222034171.57142857,5739088.780578105,10,42,4,False
Indiana,2022-10-30,Beverages,208293556,2022-10-30,209982292.0,225562302.0,206089832.0,218980795.14285713,5652444.52619199,10,43,4,False
Indiana,2022-11-06,Beverages,207047247,2022-11-06,208293556.0,226801841.0,208023752.0,216513831.42857143,5999409.281213075,11,44,4,False
Indiana,2022-11-13,Beverages,212211042,2022-11-13,207047247.0,220893361.0,215450721.0,213691746.57142857,5070563.807473372,11,45,4,False
Indiana,2022-11-20,Beverages,214986854,2022-11-20,212211042.0,219252982.0,205818236.0,212451415.2857143,4132356.730580322,11,46,4,False
Indiana,2022-11-27,Beverages,213289682,2022-11-27,214986854.0,216869531.0,212444441.0,211841968.42857143,3318815.76221443,11,47,4,False
Indiana,2022-12-04,Beverages,200675535,2022-12-04,213289682.0,213503257.0,213902089.0,211330561.42857143,2727911.1784448097,12,48,4,False
Indiana,2022-12-11,Beverages,209083531,2022-12-11,200675535.0,209982292.0,222954021.0,209498029.7142857,4430289.744520223,12,49,4,False
Indiana,2022-12-18,Beverages,218718280,2022-12-18,209083531.0,208293556.0,231422188.0,209369635.2857143,4427417.400384144,12,50,4,False
Indiana,2022-12-25,Beverages,229211987,2022-12-25,218718280.0,207047247.0,231492773.0,210858881.57142857,5450142.904139108,12,51,4,False
Indiana,2023-01-01,Beverages,198002149,2023-01-01,229211987.0,212211042.0,223844828.0,214025273.0,8106911.352511717,1,52,1,False
Indiana,2023-01-08,Beverages,196394618,2023-01-08,198002149.0,214986854.0,224741381.0,211995431.14285713,9889831.318692556,1,1,1,False
Indiana,2023-01-15,Beverages,204160488,2023-01-15,196394618.0,213289682.0,232822647.0,209339397.42857143,11146533.727406725,1,2,1,False
Indiana,2023-01-22,Beverages,202091664,2023-01-22,204160488.0,200675535.0,231333341.0,208035226.85714287,11142113.338090204,1,3,1,False
Indiana,2023-01-29,Beverages,201375177,2023-01-29,202091664.0,209083531.0,245802193.0,208237531.0,11018822.946687479,1,4,1,False
Indiana,2023-02-05,Beverages,206145477,2023-02-05,201375177.0,218718280.0,225822175.0,207136337.57142857,11261749.493399234,2,5,1,False
Indiana,2023-02-12,Beverages,210189134,2023-02-12,206145477.0,229211987.0,226763655.0,205340222.85714287,10226347.129908456,2,6,1,False
Indiana,2023-02-19,Beverages,207748355,2023-02-19,210189134.0,198002149.0,230490077.0,202622672.42857143,4375295.630926737,2,7,1,False
Indiana,2023-02-26,Beverages,210958999,2023-02-26,207748355.0,196394618.0,228600502.0,204014987.57142857,4231785.808040011,2,8,1,False
Indiana,2023-03-05,Beverages,218242635,2023-03-05,210958999.0,204160488.0,233222693.0,206095613.42857143,3488804.799211035,3,9,1,False
Indiana,2023-03-12,Beverages,233961027,2023-03-12,218242635.0,202091664.0,231687005.0,208107348.7142857,5354279.771532645,3,10,1,False
Indiana,2023-03-19,Beverages,231016339,2023-03-19,233961027.0,201375177.0,232468230.0,212660114.85714287,9912536.395621022,3,11,1,False
Indiana,2023-03-26,Beverages,207930971,2023-03-26,231016339.0,206145477.0,233265352.0,216894566.57142857,10500991.229814395,3,12,1,False
Indiana,2023-04-02,Beverages,209455408,2023-04-02,207930971.0,210189134.0,231355927.0,217149637.14285713,10255614.557326617,4,13,2,False
Indiana,2023-04-09,Beverages,223116175,2023-04-09,209455408.0,207748355.0,225562302.0,217044819.14285713,10329701.00554947,4,14,2,False
Indiana,2023-04-16,Beverages,225317024,2023-04-16,223116175.0,210958999.0,226801841.0,219240222.0,9736658.421339672,4,15,2,False
Indiana,2023-04-23,Beverages,224558086,2023-04-23,225317024.0,218242635.0,220893361.0,221291368.42857143,9277592.644710371,4,16,2,False
Indiana,2023-04-30,Beverages,227926725,2023-04-30,224558086.0,233961027.0,219252982.0,222193575.7142857,9244263.85260845,4,17,2,False
Indiana,2023-05-07,Beverages,232091906,2023-05-07,227926725.0,231016339.0,216869531.0,221331532.57142857,8344280.860446579,5,18,2,False
Iowa,2020-05-03,Beverages,71602720,2020-05-03,67021799.0,72534465.0,63444415.0,67277012.28571428,2832752.5821289197,5,18,2,False
Iowa,2020-05-10,Beverages,70346550,2020-05-10,71602720.0,69277942.0,63034590.0,67143905.85714285,2594453.6247844053,5,19,2,False
Iowa,2020-05-17,Beverages,70218530,2020-05-17,70346550.0,62548451.0,62527284.0,67296564.14285715,2742731.033619952,5,20,2,False
Iowa,2020-05-24,Beverages,72411482,2020-05-24,70218530.0,66389957.0,63267657.0,68392289.71428572,2078702.1712469254,5,21,2,False
Iowa,2020-05-31,Beverages,69696599,2020-05-31,72411482.0,66163154.0,62361904.0,69252507.57142857,2305637.9971042615,5,22,2,False
Iowa,2020-06-07,Beverages,79630034,2020-06-07,69696599.0,67003318.0,62117990.0,69757285.42857143,1930258.048183272,6,23,2,False
Iowa,2020-06-14,Beverages,75197006,2020-06-14,79630034.0,67021799.0,64211461.0,71561102.0,3648714.4726702874,6,24,2,False
Iowa,2020-06-21,Beverages,72152021,2020-06-21,75197006.0,71602720.0,62835744.0,72728988.71428572,3300619.674526088,6,25,2,False
Iowa,2020-06-28,Beverages,77381431,2020-06-28,72152021.0,70346550.0,60702758.0,72807460.28571428,3279371.4045959753,6,26,2,False
Iowa,2020-07-05,Beverages,80322689,2020-07-05,77381431.0,70218530.0,63074140.0,73812443.28571428,3444978.3435718524,7,27,3,False
Iowa,2020-07-12,Beverages,76363182,2020-07-12,80322689.0,72411482.0,63146272.0,75255894.57142857,3740843.2160462853,7,28,3,False
Iowa,2020-07-19,Beverages,76522154,2020-07-19,76363182.0,69696599.0,67258273.0,75820423.14285715,3562942.419376173,7,29,3,False
Iowa,2020-07-26,Beverages,72772273,2020-07-26,76522154.0,79630034.0,59575156.0,76795502.42857143,2541025.0337707945,7,30,3,False
Iowa,2020-08-02,Beverages,75647606,2020-08-02,72772273.0,75197006.0,59067696.0,75815822.28571428,2581003.4340236057,8,31,3,False
Iowa,2020-08-09,Beverages,74943873,2020-08-09,75647606.0,72152021.0,60918899.0,75880193.71428572,2570364.299991379,8,32,3,False
Iowa,2020-08-16,Beverages,73974142,2020-08-16,74943873.0,77381431.0,59727420.0,76279029.71428572,2141806.382168142,8,33,3,False
Iowa,2020-08-23,Beverages,73771597,2020-08-23,73974142.0,80322689.0,58551029.0,75792274.14285715,2221648.1632009507,8,34,3,False
Iowa,2020-08-30,Beverages,73745120,2020-08-30,73771597.0,76363182.0,60863495.0,74856403.85714285,1308081.9613599824,8,35,3,False
Iowa,2020-09-06,Beverages,72476738,2020-09-06,73745120.0,76522154.0,59036831.0,74482395.0,1193011.9138582826,9,36,3,False
Iowa,2020-09-13,Beverages,67693988,2020-09-13,72476738.0,72772273.0,60434569.0,73904478.42857143,1034205.8557935122,9,37,3,False
Iowa,2020-09-20,Beverages,68574622,2020-09-20,67693988.0,75647606.0,60677984.0,73179009.14285715,2422844.688861,9,38,3,False
Iowa,2020-09-27,Beverages,67464351,2020-09-27,68574622.0,74943873.0,64202566.0,72168582.85714285,2647125.5642562956,9,39,3,False
Iowa,2020-10-04,Beverages,67069562,2020-10-04,67464351.0,73974142.0,65961485.0,71100079.71428572,2815431.5958209424,10,40,4,False
Iowa,2020-10-11,Beverages,68954557,2020-10-11,67069562.0,73771597.0,72534465.0,70113711.14285715,2845070.016896998,10,41,4,False
Iowa,2020-10-18,Beverages,66751333,2020-10-18,68954557.0,73745120.0,69277942.0,69425562.57142857,2429274.847586946,10,42,4,False
Iowa,2020-10-25,Beverages,64181269,2020-10-25,66751333.0,72476738.0,62548451.0,68426450.14285715,1805348.4785622791,10,43,4,False
Iowa,2020-11-01,Beverages,65694281,2020-11-01,64181269.0,67693988.0,66389957.0,67241383.14285715,1444250.9947999003,11,44,4,False
Iowa,2020-11-08,Beverages,67146619,2020-11-08,65694281.0,68574622.0,66163154.0,66955710.71428572,1522143.1920846442,11,45,4,False
Iowa,2020-11-15,Beverages,65557144,2020-11-15,67146619.0,67464351.0,67003318.0,66751710.28571428,1380615.7155936076,11,46,4,False
Iowa,2020-11-22,Beverages,67064477,2020-11-22,65557144.0,67069562.0,67021799.0,66479252.14285714,1401131.9926123535,11,47,4,False
Iowa,2020-11-29,Beverages,61554063,2020-11-29,67064477.0,68954557.0,71602720.0,66478525.71428572,1400827.0382242883,11,48,4,False
Iowa,2020-12-06,Beverages,65202298,2020-12-06,61554063.0,66751333.0,70346550.0,65421312.28571428,1852870.9460432574,12,49,4,False
Iowa,2020-12-13,Beverages,64664951,2020-12-13,65202298.0,64181269.0,70218530.0,65200021.571428575,1771526.3916486579,12,50,4,False
Iowa,2020-12-20,Beverages,67615055,2020-12-20,64664951.0,65694281.0,72411482.0,65269119.0,1739587.9161589616,12,51,4,False
Iowa,2020-12-27,Beverages,62352024,2020-12-27,67615055.0,67146619.0,69696599.0,65543515.28571428,1926460.950806576,12,52,4,False
Iowa,2021-01-03,Beverages,61085596,2021-01-03,62352024.0,65557144.0,79630034.0,64858573.14285714,2080879.535865365,1,53,1,False
Iowa,2021-01-10,Beverages,63759010,2021-01-10,61085596.0,67064477.0,75197006.0,64219780.571428575,2426089.7737592002,1,1,1,False
Iowa,2021-01-17,Beverages,61756295,2021-01-17,63759010.0,61554063.0,72152021.0,63747571.0,2130074.436180956,1,2,1,False
Iowa,2021-01-24,Beverages,63355696,2021-01-24,61756295.0,65202298.0,77381431.0,63776461.28571428,2101305.034889122,1,3,1,False
Iowa,2021-01-31,Beverages,64409990,2021-01-31,63355696.0,64664951.0,80322689.0,63512661.0,2020087.6537633727,1,4,1,False
Iowa,2021-02-07,Beverages,64829760,2021-02-07,64409990.0,67615055.0,76363182.0,63476238.0,2001193.1993491363,2,5,1,False
Iowa,2021-02-14,Beverages,63001780,2021-02-14,64829760.0,62352024.0,76522154.0,63078338.71428572,1288818.30160378,2,6,1,False
Iowa,2021-02-21,Beverages,64439883,2021-02-21,63001780.0,61085596.0,72772273.0,63171161.0,1256149.7088501425,2,7,1,False
Iowa,2021-02-28,Beverages,67613100,2021-02-28,64439883.0,63759010.0,75647606.0,63650344.85714286,978200.8703111649,2,8,1,False
Iowa,2021-03-07,Beverages,70225990,2021-03-07,67613100.0,61756295.0,74943873.0,64200929.14285714,1701585.7065849742,3,9,1,False
Iowa,2021-03-14,Beverages,76630967,2021-03-14,70225990.0,63355696.0,73974142.0,65410885.571428575,2400741.4849981256,3,10,1,False
Iowa,2021-03-21,Beverages,73557244,2021-03-21,76630967.0,64409990.0,73771597.0,67307352.85714285,4421299.480490531,3,11,1,False
Iowa,2021-03-28,Beverages,65324667,2021-03-28,73557244.0,64829760.0,73745120.0,68614103.42857143,4713937.875422589,3,12,1,False
Iowa,2021-04-04,Beverages,73011510,2021-04-04,65324667.0,63001780.0,72476738.0,68684804.42857143,4660052.3980168635,4,13,2,False
Iowa,2021-04-11,Beverages,70719000,2021-04-11,73011510.0,64439883.0,67693988.0,70114765.85714285,4210916.172818133,4,14,2,False
Iowa,2021-04-18,Beverages,70207099,2021-04-18,70719000.0,67613100.0,68574622.0,71011782.57142857,3518340.4297775244,4,15,2,False
Iowa,2021-04-25,Beverages,73279235,2021-04-25,70207099.0,70225990.0,67464351.0,71382353.85714285,3268600.5424530576,4,16,2,False
Iowa,2021-05-02,Beverages,79067028,2021-05-02,73279235.0,76630967.0,67069562.0,71818531.71428572,3288844.1169995405,5,17,2,False
Iowa,2021-05-09,Beverages,76275585,2021-05-09,79067028.0,73557244.0,68954557.0,72166540.42857143,3859105.446857378,5,18,2,False
Iowa,2021-05-16,Beverages,75215701,2021-05-16,76275585.0,65324667.0,66751333.0,72554874.85714285,4108239.6198242037,5,19,2,False
Iowa,2021-05-23,Beverages,76143300,2021-05-23,75215701.0,73011510.0,64181269.0,73967879.71428572,2902497.457562631,5,20,2,False
Iowa,2021-05-30,Beverages,77550280,2021-05-30,76143300.0,70719000.0,65694281.0,74415278.28571428,2961372.5691978065,5,21,2,False
Iowa,2021-06-06,Beverages,84625327,2021-06-06,77550280.0,70207099.0,67146619.0,75391175.42857143,2696220.3281167513,6,22,2,False
Iowa,2021-06-13,Beverages,84954704,2021-06-13,84625327.0,73279235.0,65557144.0,77450922.28571428,3371820.9455620693,6,23,2,False
Iowa,2021-06-20,Beverages,81627169,2021-06-20,84954704.0,79067028.0,67064477.0,79118846.42857143,3760968.796240966,6,24,2,False
Iowa,2021-06-27,Beverages,78577608,2021-06-27,81627169.0,76275585.0,61554063.0,79484580.85714285,3861289.0014898763,6,25,2,False
Iowa,2021-07-04,Beverages,86352759,2021-07-04,78577608.0,75215701.0,65202298.0,79813441.28571428,3667127.532030986,7,26,3,False
Iowa,2021-07-11,Beverages,79246251,2021-07-11,86352759.0,76143300.0,64664951.0,81404449.57142857,3742403.3383883103,7,27,3,False
Iowa,2021-07-18,Beverages,79597243,2021-07-18,79246251.0,77550280.0,67615055.0,81847728.28571428,3243493.120547203,7,28,3,False
Iowa,2021-07-25,Beverages,81060402,2021-07-25,79597243.0,84625327.0,62352024.0,82140151.57142857,2918898.4215646926,7,29,3,False
Iowa,2021-08-01,Beverages,79648389,2021-08-01,81060402.0,84954704.0,61085596.0,81630876.57142857,2746790.6211416633,8,30,3,False
Iowa,2021-08-08,Beverages,80043512,2021-08-08,79648389.0,81627169.0,63759010.0,80872831.57142857,2439965.270728152,8,31,3,False
Iowa,2021-08-15,Beverages,82384685,2021-08-15,80043512.0,78577608.0,61756295.0,80646594.85714285,2432942.906255504,8,32,3,False
Iowa,2021-08-22,Beverages,81136830,2021-08-22,82384685.0,86352759.0,63355696.0,81190463.0,2333121.181337905,8,33,3,False
Iowa,2021-08-29,Beverages,79453066,2021-08-29,81136830.0,79246251.0,64409990.0,80445330.28571428,1039999.8833405549,8,34,3,False
Iowa,2021-09-05,Beverages,79767883,2021-09-05,79453066.0,79597243.0,64829760.0,80474875.28571428,1007960.1204936075,9,35,3,False
Iowa,2021-09-12,Beverages,73285694,2021-09-12,79767883.0,81060402.0,63001780.0,80499252.42857143,988312.0660292169,9,36,3,False
Iowa,2021-09-19,Beverages,75359497,2021-09-19,73285694.0,79648389.0,64439883.0,79388579.85714285,2670545.8675134424,9,37,3,False
Iowa,2021-09-26,Beverages,74902560,2021-09-26,75359497.0,80043512.0,67613100.0,78775881.0,3010954.1740038004,9,38,3,False
Iowa,2021-10-03,Beverages,107123241,2021-10-03,74902560.0,82384685.0,70225990.0,78041459.28571428,3231121.3379002423,10,39,4,False
Iowa,2021-10-10,Beverages,106932039,2021-10-10,107123241.0,81136830.0,76630967.0,81575538.71428572,10773906.38746881,10,40,4,False
Iowa,2021-10-17,Beverages,103822589,2021-10-17,106932039.0,79453066.0,73557244.0,85260568.57142857,13939885.928969465,10,41,4,False
Iowa,2021-10-24,Beverages,101866411,2021-10-24,103822589.0,79767883.0,65324667.0,88741929.0,15053359.194293473,10,42,4,False
Iowa,2021-10-31,Beverages,100572084,2021-10-31,101866411.0,73285694.0,73011510.0,91898861.57142857,15157178.047575362,10,43,4,False
Iowa,2021-11-07,Beverages,103094970,2021-11-07,100572084.0,75359497.0,70719000.0,95796917.28571428,13258912.023632294,11,44,4,False
Iowa,2021-11-14,Beverages,103832897,2021-11-14,103094970.0,74902560.0,70207099.0,99759127.71428572,10394166.50596815,11,45,4,False
Iowa,2021-11-21,Beverages,102844373,2021-11-21,103832897.0,107123241.0,73279235.0,103892033.0,2250434.130501143,11,46,4,False
Iowa,2021-11-28,Beverages,96761843,2021-11-28,102844373.0,106932039.0,79067028.0,103280766.14285715,1831959.62884094,11,47,4,False
Iowa,2021-12-05,Beverages,102169961,2021-12-05,96761843.0,103822589.0,76275585.0,101827881.0,2326277.571226938,12,48,4,False
Iowa,2021-12-12,Beverages,102182784,2021-12-12,102169961.0,101866411.0,75215701.0,101591791.28571428,2191834.248736865,12,49,4,False
Iowa,2021-12-19,Beverages,105762342,2021-12-19,102182784.0,100572084.0,76143300.0,101636987.42857143,2200276.5793389087,12,50,4,False
Iowa,2021-12-26,Beverages,100465037,2021-12-26,105762342.0,103094970.0,77550280.0,102378452.85714285,2561379.464679258,12,51,4,False
Iowa,2022-01-02,Beverages,95784306,2022-01-02,100465037.0,103832897.0,84625327.0,102002748.14285715,2620914.1953188893,1,52,1,False
Iowa,2022-01-09,Beverages,97403752,2022-01-09,95784306.0,102844373.0,84954704.0,100852949.42857143,3254659.446651041,1,1,1,False
Iowa,2022-01-16,Beverages,99577445,2022-01-16,97403752.0,96761843.0,81627169.0,100075717.85714285,3334928.344631234,1,2,1,False
Iowa,2022-01-23,Beverages,97405833,2022-01-23,99577445.0,102169961.0,78577608.0,100477946.71428572,3070277.380291418,1,3,1,False
Iowa,2022-01-30,Beverages,98044270,2022-01-30,97405833.0,102182784.0,86352759.0,99797357.0,3146852.7624462377,1,4,1,False
Iowa,2022-02-06,Beverages,98650651,2022-02-06,98044270.0,105762342.0,79246251.0,99206140.71428572,3029735.286442309,2,5,1,False
Iowa,2022-02-13,Beverages,99808344,2022-02-13,98650651.0,100465037.0,79597243.0,98190184.85714285,1432016.597052523,2,6,1,False
Iowa,2022-02-20,Beverages,99853709,2022-02-20,99808344.0,95784306.0,81060402.0,98096371.57142857,1294856.9116399724,2,7,1,False
Iowa,2022-02-27,Beverages,102026030,2022-02-27,99853709.0,97403752.0,79648389.0,98677714.85714285,1008070.8926109591,2,8,1,False
Iowa,2022-03-06,Beverages,106337264,2022-03-06,102026030.0,99577445.0,80043512.0,99338040.28571428,1396397.0835629993,3,9,1,False
Iowa,2022-03-13,Beverages,106060560,2022-03-13,106337264.0,97405833.0,82384685.0,100303728.71428572,2829775.67770049,3,10,1,False
Iowa,2022-03-20,Beverages,107590345,2022-03-20,106060560.0,98044270.0,81136830.0,101540118.28571428,3164447.7147943755,3,11,1,False
Iowa,2022-03-27,Beverages,105383641,2022-03-27,107590345.0,98650651.0,79453066.0,102903843.28571428,3411371.159305998,3,12,1,False
Iowa,2022-04-03,Beverages,111445944,2022-04-03,105383641.0,99808344.0,79767883.0,103865699.0,3001089.313770586,4,13,2,False
Iowa,2022-04-10,Beverages,111233416,2022-04-10,111445944.0,99853709.0,73285694.0,105528213.28571428,3478424.682384613,4,14,2,False
Iowa,2022-04-17,Beverages,114022027,2022-04-17,111233416.0,102026030.0,75359497.0,107153885.71428572,3083266.614312295,4,15,2,False
Iowa,2022-04-24,Beverages,107798902,2022-04-24,114022027.0,106337264.0,74902560.0,108867599.57142857,3090642.2196544837,4,16,2,False
Iowa,2022-05-01,Beverages,114451834,2022-05-01,107798902.0,106060560.0,107123241.0,109076405.0,2959218.134080801,5,17,2,False
Iowa,2022-05-08,Beverages,113497323,2022-05-08,114451834.0,107590345.0,106932039.0,110275158.42857143,3185674.432920312,5,18,2,False
Iowa,2022-05-15,Beverages,120045447,2022-05-15,113497323.0,105383641.0,103822589.0,111119012.42857143,3144817.6307299575,5,19,2,False
Iowa,2022-05-22,Beverages,116091521,2022-05-22,120045447.0,111445944.0,101866411.0,113213556.14285715,3490929.0750822476,5,20,2,False
Iowa,2022-05-29,Beverages,116918119,2022-05-29,116091521.0,111233416.0,100572084.0,113877210.0,3533134.476180914,5,21,2,False
Iowa,2022-06-05,Beverages,122942227,2022-06-05,116918119.0,114022027.0,103094970.0,114689310.42857143,3485115.404457035,6,22,2,False
Iowa,2022-06-12,Beverages,123855971,2022-06-12,122942227.0,107798902.0,103832897.0,115963624.71428572,4493176.28896727,6,23,2,False
Iowa,2022-06-19,Beverages,121225511,2022-06-19,123855971.0,114451834.0,102844373.0,118257491.71428572,3781800.106955521,6,24,2,False
Iowa,2022-06-26,Beverages,123142814,2022-06-26,121225511.0,113497323.0,96761843.0,119225159.85714285,3543314.0407965314,6,25,2,False
Iowa,2022-07-03,Beverages,127666471,2022-07-03,123142814.0,120045447.0,102169961.0,120603087.14285715,2856937.281923783,7,26,3,False
Iowa,2022-07-10,Beverages,118292839,2022-07-10,127666471.0,116091521.0,102182784.0,121691804.85714285,3749627.021157089,7,27,3,False
Iowa,2022-07-17,Beverages,120250571,2022-07-17,118292839.0,116918119.0,105762342.0,122006278.85714285,3336282.1892736866,7,28,3,False
Iowa,2022-07-24,Beverages,121581654,2022-07-24,120250571.0,122942227.0,100465037.0,122482343.42857143,2765143.4718617536,7,29,3,False
Iowa,2022-07-31,Beverages,118833542,2022-07-31,121581654.0,123855971.0,95784306.0,122287975.85714285,2773791.273885104,7,30,3,False
Iowa,2022-08-07,Beverages,121017679,2022-08-07,118833542.0,121225511.0,97403752.0,121570486.0,2921066.06902352,8,31,3,False
Iowa,2022-08-14,Beverages,118799397,2022-08-14,121017679.0,123142814.0,99577445.0,121540795.71428572,2925474.469316711,8,32,3,False
Iowa,2022-08-21,Beverages,117909148,2022-08-21,118799397.0,127666471.0,97405833.0,120920307.57142857,2979994.527063802,8,33,3,False
Iowa,2022-08-28,Beverages,116479097,2022-08-28,117909148.0,118292839.0,98044270.0,119526404.28571428,1315738.1436970844,8,34,3,False
Iowa,2022-09-04,Beverages,118474984,2022-09-04,116479097.0,120250571.0,98650651.0,119267298.28571428,1665301.9882400488,9,35,3,False
Iowa,2022-09-11,Beverages,114040881,2022-09-11,118474984.0,121581654.0,99808344.0,119013643.0,1631089.235237257,9,36,3,False
Iowa,2022-09-18,Beverages,114396176,2022-09-18,114040881.0,118833542.0,99853709.0,117936389.71428572,2022499.287465968,9,37,3,False
Iowa,2022-09-25,Beverages,111609040,2022-09-25,114396176.0,121017679.0,102026030.0,117302480.28571428,2316057.806712537,9,38,3,False
Iowa,2022-10-02,Beverages,112398449,2022-10-02,111609040.0,118799397.0,106337264.0,115958389.0,2493286.9142754427,10,39,4,False
Iowa,2022-10-09,Beverages,113810898,2022-10-09,112398449.0,117909148.0,106060560.0,115043967.85714285,2457177.2893852075,10,40,4,False
Iowa,2022-10-16,Beverages,110027794,2022-10-16,113810898.0,116479097.0,107590345.0,114458503.57142857,2177018.493029261,10,41,4,False
Iowa,2022-10-23,Beverages,109087987,2022-10-23,110027794.0,118474984.0,105383641.0,113536888.85714285,2472091.0860643866,10,42,4,False
Iowa,2022-10-30,Beverages,107437128,2022-10-30,109087987.0,114040881.0,111445944.0,112195889.28571428,1912314.4356355364,10,43,4,False
Iowa,2022-11-06,Beverages,108982306,2022-11-06,107437128.0,114396176.0,111233416.0,111252496.0,2348571.1100612795,11,44,4,False
Iowa,2022-11-13,Beverages,108897484,2022-11-13,108982306.0,111609040.0,114022027.0,110479086.0,2059625.5315020764,11,45,4,False
Iowa,2022-11-20,Beverages,111104860,2022-11-20,108897484.0,112398449.0,107798902.0,110091720.85714285,2065661.7022532977,11,46,4,False
Iowa,2022-11-27,Beverages,106727485,2022-11-27,111104860.0,113810898.0,114451834.0,109906922.42857143,1902446.2019957374,11,47,4,False
Iowa,2022-12-04,Beverages,107410636,2022-12-04,106727485.0,110027794.0,113497323.0,108895006.28571428,1364608.1593048058,12,48,4,False
Iowa,2022-12-11,Beverages,109326075,2022-12-11,107410636.0,109087987.0,120045447.0,108521126.57142857,1361550.2117222124,12,49,4,False
Iowa,2022-12-18,Beverages,113552627,2022-12-18,109326075.0,107437128.0,116091521.0,108555139.14285715,1378158.50712663,12,50,4,False
Iowa,2022-12-25,Beverages,109408805,2022-12-25,113552627.0,108982306.0,116918119.0,109428781.85714285,2127286.028068844,12,51,4,False
Iowa,2023-01-01,Beverages,103388682,2023-01-01,109408805.0,108897484.0,122942227.0,109489710.28571428,2119720.1091003427,1,52,1,False
Iowa,2023-01-08,Beverages,102855771,2023-01-08,103388682.0,111104860.0,123855971.0,108702738.57142857,3023456.77760857,1,1,1,False
Iowa,2023-01-15,Beverages,104857393,2023-01-15,102855771.0,106727485.0,121225511.0,107524297.28571428,3436875.89823504,1,2,1,False
Iowa,2023-01-22,Beverages,102454897,2023-01-22,104857393.0,107410636.0,123142814.0,107257141.28571428,3558945.9501219955,1,3,1,False
Iowa,2023-01-29,Beverages,103796979,2023-01-29,102454897.0,109326075.0,127666471.0,106549178.57142857,3931415.3222083766,1,4,1,False
Iowa,2023-02-05,Beverages,107185445,2023-02-05,103796979.0,113552627.0,118292839.0,105759307.71428572,3848717.076768806,2,5,1,False
Iowa,2023-02-12,Beverages,111245455,2023-02-12,107185445.0,109408805.0,120250571.0,104849710.28571428,2366275.906303316,2,6,1,False
Iowa,2023-02-19,Beverages,105959999,2023-02-19,111245455.0,103388682.0,121581654.0,105112088.85714285,2899091.9732744577,2,7,1,False
Iowa,2023-02-26,Beverages,106334891,2023-02-26,105959999.0,102855771.0,118833542.0,105479419.85714285,2819256.1292631337,2,8,1,False
Iowa,2023-03-05,Beverages,114188857,2023-03-05,106334891.0,104857393.0,121017679.0,105976437.0,2611965.628884773,3,9,1,False
Iowa,2023-03-12,Beverages,118082890,2023-03-12,114188857.0,102454897.0,118799397.0,107309503.28571428,3808049.2541274843,3,10,1,False
Iowa,2023-03-19,Beverages,115425746,2023-03-19,118082890.0,103796979.0,117909148.0,109542073.71428572,4767699.923586107,3,11,1,False
Iowa,2023-03-26,Beverages,107398798,2023-03-26,115425746.0,107185445.0,116479097.0,111203326.14285715,4494598.453366896,3,12,1,False
Iowa,2023-04-02,Beverages,114064233,2023-04-02,107398798.0,111245455.0,118474984.0,111233805.14285715,4467892.9122068025,4,13,2,False
Iowa,2023-04-09,Beverages,118362929,2023-04-09,114064233.0,105959999.0,114040881.0,111636487.71428572,4576501.828231194,4,14,2,False
Iowa,2023-04-16,Beverages,117667202,2023-04-16,118362929.0,106334891.0,114396176.0,113408334.85714285,4434555.462498122,4,15,2,False
Iowa,2023-04-23,Beverages,116093179,2023-04-23,117667202.0,114188857.0,111609040.0,115027236.42857143,3533824.7249026154,4,16,2,False
Iowa,2023-04-30,Beverages,120826306,2023-04-30,116093179.0,118082890.0,112398449.0,115299282.42857143,3532112.088110808,4,17,2,False
Iowa,2023-05-07,Beverages,123791461,2023-05-07,120826306.0,115425746.0,113810898.0,115691199.0,3947061.092500832,5,18,2,False
Kansas,2020-05-03,Beverages,55107460,2020-05-03,53151527.0,56199276.0,50331959.0,53530567.28571428,2369672.4126060423,5,18,2,False
Kansas,2020-05-10,Beverages,54867045,2020-05-10,55107460.0,56741186.0,48317065.0,53374593.571428575,2220093.9888498383,5,19,2,False
Kansas,2020-05-17,Beverages,55211390,2020-05-17,54867045.0,49573935.0,48601948.0,53106859.14285714,1885789.5599958424,5,20,2,False
Kansas,2020-05-24,Beverages,55036532,2020-05-24,55211390.0,51139583.0,48102110.0,53912209.85714286,1325614.92849814,5,21,2,False
Kansas,2020-05-31,Beverages,54431344,2020-05-31,55036532.0,53992655.0,47489199.0,54468916.85714286,727811.4331554221,5,22,2,False
Kansas,2020-06-07,Beverages,60420222,2020-06-07,54431344.0,53915809.0,48524050.0,54531586.71428572,702552.5055809409,6,23,2,False
Kansas,2020-06-14,Beverages,58714696,2020-06-14,60420222.0,53151527.0,48710294.0,55460788.571428575,2128312.2373375245,6,24,2,False
Kansas,2020-06-21,Beverages,57777801,2020-06-21,58714696.0,55107460.0,50469567.0,56255527.0,2156119.239238396,6,25,2,False
Kansas,2020-06-28,Beverages,59540738,2020-06-28,57777801.0,54867045.0,48255943.0,56637004.28571428,2155475.985705465,6,26,2,False
Kansas,2020-07-05,Beverages,62341967,2020-07-05,59540738.0,55211390.0,48371114.0,57304674.71428572,2226495.1341494485,7,27,3,False
Kansas,2020-07-12,Beverages,57070126,2020-07-12,62341967.0,55036532.0,49474512.0,58323328.571428575,2630313.587732778,7,28,3,False
Kansas,2020-07-19,Beverages,57934642,2020-07-19,57070126.0,54431344.0,52416567.0,58613842.0,2348450.723546973,7,29,3,False
Kansas,2020-07-26,Beverages,55812175,2020-07-26,57934642.0,60420222.0,48921431.0,59114313.14285714,1682738.8037983824,7,30,3,False
Kansas,2020-08-02,Beverages,55336553,2020-08-02,55812175.0,58714696.0,47926649.0,58456020.71428572,1926749.4867712394,8,31,3,False
Kansas,2020-08-09,Beverages,56686281,2020-08-09,55336553.0,57777801.0,47874480.0,57973428.85714286,2204555.2420380884,8,32,3,False
Kansas,2020-08-16,Beverages,56533008,2020-08-16,56686281.0,59540738.0,45970258.0,57817497.428571425,2250991.012900991,8,33,3,False
Kansas,2020-08-23,Beverages,54631653,2020-08-23,56533008.0,62341967.0,45578142.0,57387821.71428572,2166522.2385227643,8,34,3,False
Kansas,2020-08-30,Beverages,54662599,2020-08-30,54631653.0,57070126.0,48454430.0,56286348.28571428,1029350.3320613264,8,35,3,False
Kansas,2020-09-06,Beverages,56449771,2020-09-06,54662599.0,57934642.0,46767766.0,55942415.85714286,1109128.5106715304,9,36,3,False
Kansas,2020-09-13,Beverages,53396659,2020-09-13,56449771.0,55812175.0,46986707.0,55730291.428571425,809287.9759936641,9,37,3,False
Kansas,2020-09-20,Beverages,53610089,2020-09-20,53396659.0,55336553.0,47027994.0,55385217.71428572,1145814.3399217073,9,38,3,False
Kansas,2020-09-27,Beverages,52805521,2020-09-27,53610089.0,56686281.0,49739279.0,55138580.0,1304559.9189054286,9,39,3,False
Kansas,2020-10-04,Beverages,52679711,2020-10-04,52805521.0,56533008.0,50679734.0,54584185.71428572,1352745.9278897936,10,40,4,False
Kansas,2020-10-11,Beverages,53467896,2020-10-11,52679711.0,54631653.0,56199276.0,54033714.71428572,1225761.4660243196,10,41,4,False
Kansas,2020-10-18,Beverages,52216444,2020-10-18,53467896.0,54662599.0,56741186.0,53867463.71428572,1212234.2453996576,10,42,4,False
Kansas,2020-10-25,Beverages,50123548,2020-10-25,52216444.0,56449771.0,49573935.0,53518013.0,1283154.5070316049,10,43,4,False
Kansas,2020-11-01,Beverages,49731547,2020-11-01,50123548.0,53396659.0,51139583.0,52614266.85714286,1117093.57920911,11,44,4,False
Kansas,2020-11-08,Beverages,52059074,2020-11-08,49731547.0,53610089.0,53992655.0,52090679.428571425,1439951.1993233801,11,45,4,False
Kansas,2020-11-15,Beverages,50940709,2020-11-15,52059074.0,52805521.0,53915809.0,51869105.85714286,1301808.9457974841,11,46,4,False
Kansas,2020-11-22,Beverages,52763618,2020-11-22,50940709.0,52679711.0,53151527.0,51602704.14285714,1273420.8153333764,11,47,4,False
Kansas,2020-11-29,Beverages,51187350,2020-11-29,52763618.0,53467896.0,55107460.0,51614690.85714286,1283854.4340388314,11,48,4,False
Kansas,2020-12-06,Beverages,50030283,2020-12-06,51187350.0,52216444.0,54867045.0,51288898.571428575,1038078.0363774712,12,49,4,False
Kansas,2020-12-13,Beverages,51776970,2020-12-13,50030283.0,50123548.0,55211390.0,50976589.85714286,1040896.4248401001,12,50,4,False
Kansas,2020-12-20,Beverages,52936446,2020-12-20,51776970.0,49731547.0,55036532.0,51212793.0,1007588.4974167588,12,51,4,False
Kansas,2020-12-27,Beverages,52101711,2020-12-27,52936446.0,52059074.0,54431344.0,51670635.71428572,957391.7212632902,12,52,4,False
Kansas,2021-01-03,Beverages,50868820,2021-01-03,52101711.0,50940709.0,60420222.0,51676726.71428572,959975.7626242712,1,53,1,False
Kansas,2021-01-10,Beverages,50589576,2021-01-10,50868820.0,52763618.0,58714696.0,51666456.85714286,968144.5543828266,1,1,1,False
Kansas,2021-01-17,Beverages,49405363,2021-01-17,50589576.0,51187350.0,57777801.0,51355879.428571425,913535.4071165127,1,2,1,False
Kansas,2021-01-24,Beverages,49264081,2021-01-24,49405363.0,50030283.0,59540738.0,51101309.85714286,1144196.6041938723,1,3,1,False
Kansas,2021-01-31,Beverages,50249197,2021-01-31,49264081.0,51776970.0,62341967.0,50991852.428571425,1271037.0303391232,1,4,1,False
Kansas,2021-02-07,Beverages,51903922,2021-02-07,50249197.0,52936446.0,57070126.0,50773599.14285714,1248452.2952725808,2,5,1,False
Kansas,2021-02-14,Beverages,49473049,2021-02-14,51903922.0,52101711.0,57934642.0,50626095.71428572,1025242.4339669374,2,6,1,False
Kansas,2021-02-21,Beverages,48029085,2021-02-21,49473049.0,50868820.0,55812175.0,50250572.571428575,888241.2137790588,2,7,1,False
Kansas,2021-02-28,Beverages,52003516,2021-02-28,48029085.0,50589576.0,55336553.0,49844896.14285714,1129068.5649925068,2,8,1,False
Kansas,2021-03-07,Beverages,54781179,2021-03-07,52003516.0,49405363.0,56686281.0,50046887.571428575,1349235.688861407,3,9,1,False
Kansas,2021-03-14,Beverages,59343851,2021-03-14,54781179.0,49264081.0,56533008.0,50814861.28571428,2091360.964359876,3,10,1,False
Kansas,2021-03-21,Beverages,59205729,2021-03-21,59343851.0,50249197.0,54631653.0,52254828.428571425,3514068.5257771434,3,11,1,False
Kansas,2021-03-28,Beverages,52129782,2021-03-28,59205729.0,51903922.0,54662599.0,53534333.0,4127837.221933552,3,12,1,False
Kansas,2021-04-04,Beverages,55653199,2021-04-04,52129782.0,49473049.0,56449771.0,53566598.71428572,4115832.0954214963,4,13,2,False
Kansas,2021-04-11,Beverages,56348860,2021-04-11,55653199.0,48029085.0,53396659.0,54449477.28571428,3793244.8670480773,4,14,2,False
Kansas,2021-04-18,Beverages,54961229,2021-04-18,56348860.0,52003516.0,53610089.0,55638016.571428575,2757296.411517279,4,15,2,False
Kansas,2021-04-25,Beverages,56106391,2021-04-25,54961229.0,54781179.0,52805521.0,56060547.0,2366960.3104404937,4,16,2,False
Kansas,2021-05-02,Beverages,59355868,2021-05-02,56106391.0,59343851.0,52679711.0,56249863.0,2309358.078289371,5,17,2,False
Kansas,2021-05-09,Beverages,58628492,2021-05-09,59355868.0,59205729.0,53467896.0,56251579.71428572,2311660.745699262,5,18,2,False
Kansas,2021-05-16,Beverages,56506821,2021-05-16,58628492.0,52129782.0,52216444.0,56169117.28571428,2212998.65951998,5,19,2,False
Kansas,2021-05-23,Beverages,58120185,2021-05-23,56506821.0,55653199.0,50123548.0,56794408.571428575,1480464.761656706,5,20,2,False
Kansas,2021-05-30,Beverages,58608591,2021-05-30,58120185.0,56348860.0,49731547.0,57146835.14285714,1460348.4813291044,5,21,2,False
Kansas,2021-06-06,Beverages,62516133,2021-06-06,58608591.0,54961229.0,52059074.0,57469653.85714286,1497560.216278533,6,22,2,False
Kansas,2021-06-13,Beverages,63747306,2021-06-13,62516133.0,56106391.0,50940709.0,58548925.85714286,1953742.428378581,6,23,2,False
Kansas,2021-06-20,Beverages,64694666,2021-06-20,63747306.0,59355868.0,52763618.0,59640485.14285714,2373557.733409894,6,24,2,False
Kansas,2021-06-27,Beverages,61546477,2021-06-27,64694666.0,58628492.0,51187350.0,60403170.571428575,2947840.5649564494,6,25,2,False
Kansas,2021-07-04,Beverages,65793576,2021-07-04,61546477.0,56506821.0,50030283.0,60820025.571428575,2872769.616722973,7,26,3,False
Kansas,2021-07-11,Beverages,61453800,2021-07-11,65793576.0,58120185.0,51776970.0,62146704.85714286,2714552.35972724,7,27,3,False
Kansas,2021-07-18,Beverages,60484849,2021-07-18,61453800.0,58608591.0,52936446.0,62622935.571428575,2212343.5126058673,7,28,3,False
Kansas,2021-07-25,Beverages,61028084,2021-07-25,60484849.0,62516133.0,52101711.0,62890972.428571425,1781443.727335426,7,29,3,False
Kansas,2021-08-01,Beverages,60808014,2021-08-01,61028084.0,63747306.0,50868820.0,62678394.0,1898432.2049551755,8,30,3,False
Kansas,2021-08-08,Beverages,61015142,2021-08-08,60808014.0,64694666.0,50589576.0,62258495.14285714,1940171.4573248532,8,31,3,False
Kansas,2021-08-15,Beverages,61587649,2021-08-15,61015142.0,61546477.0,49405363.0,61732848.85714286,1691437.5735110075,8,32,3,False
Kansas,2021-08-22,Beverages,60003063,2021-08-22,61587649.0,65793576.0,49264081.0,61738730.571428575,1690850.750490181,8,33,3,False
Kansas,2021-08-29,Beverages,60315652,2021-08-29,60003063.0,61453800.0,50249197.0,60911514.428571425,506190.03530797834,8,34,3,False
Kansas,2021-09-05,Beverages,61220164,2021-09-05,60315652.0,60484849.0,51903922.0,60748921.85714286,488367.90080164035,9,35,3,False
Kansas,2021-09-12,Beverages,58019746,2021-09-12,61220164.0,61028084.0,49473049.0,60853966.85714286,499230.25962592044,9,36,3,False
Kansas,2021-09-19,Beverages,58620693,2021-09-19,58019746.0,60808014.0,48029085.0,60424204.28571428,1098975.8854696383,9,37,3,False
Kansas,2021-09-26,Beverages,57965250,2021-09-26,58620693.0,61015142.0,52003516.0,60111729.85714286,1246486.3278861588,9,38,3,False
Kansas,2021-10-03,Beverages,82900044,2021-10-03,57965250.0,61587649.0,54781179.0,59676031.0,1380397.7158621335,10,39,4,False
Kansas,2021-10-10,Beverages,84206741,2021-10-10,82900044.0,60003063.0,59343851.0,62720658.85714286,8316512.575288268,10,40,4,False
Kansas,2021-10-17,Beverages,81123034,2021-10-17,84206741.0,60315652.0,59205729.0,66178327.14285714,11050072.906631349,10,41,4,False
Kansas,2021-10-24,Beverages,79347468,2021-10-24,81123034.0,61220164.0,52129782.0,69150810.28571428,11843337.425780956,10,42,4,False
Kansas,2021-10-31,Beverages,78863272,2021-10-31,79347468.0,58019746.0,55653199.0,71740425.14285715,11807905.535464391,10,43,4,False
Kansas,2021-11-07,Beverages,79954985,2021-11-07,78863272.0,58620693.0,56348860.0,74718071.71428572,10531583.040820105,11,44,4,False
Kansas,2021-11-14,Beverages,80314797,2021-11-14,79954985.0,57965250.0,54961229.0,77765827.71428572,8278005.559156728,11,45,4,False
Kansas,2021-11-21,Beverages,82999329,2021-11-21,80314797.0,82900044.0,56106391.0,80958620.14285715,1802955.288980237,11,46,4,False
Kansas,2021-11-28,Beverages,78440980,2021-11-28,82999329.0,84206741.0,59355868.0,80972803.71428572,1818495.9345993728,11,47,4,False
Kansas,2021-12-05,Beverages,78480381,2021-12-05,78440980.0,81123034.0,58628492.0,80149123.57142857,1431838.4963402199,12,48,4,False
Kansas,2021-12-12,Beverages,80608216,2021-12-12,78480381.0,79347468.0,56506821.0,79771601.71428572,1473076.04961711,12,49,4,False
Kansas,2021-12-19,Beverages,84460876,2021-12-19,80608216.0,78863272.0,58120185.0,79951708.57142857,1487213.887548795,12,50,4,False
Kansas,2021-12-26,Beverages,83443647,2021-12-26,84460876.0,79954985.0,58608591.0,80751366.28571428,2075515.9613238578,12,51,4,False
Kansas,2022-01-02,Beverages,79504173,2022-01-02,83443647.0,80314797.0,62516133.0,81249746.57142857,2237020.897403057,1,52,1,False
Kansas,2022-01-09,Beverages,76822109,2022-01-09,79504173.0,82999329.0,63747306.0,81133943.14285715,2302447.7912988835,1,1,1,False
Kansas,2022-01-16,Beverages,78883181,2022-01-16,76822109.0,78440980.0,64694666.0,80251483.14285715,2584844.856905215,1,2,1,False
Kansas,2022-01-23,Beverages,75806888,2022-01-23,78883181.0,78480381.0,61546477.0,80314654.71428572,2544920.8556787195,1,3,1,False
Kansas,2022-01-30,Beverages,78220590,2022-01-30,75806888.0,80608216.0,65793576.0,79932727.14285715,2958539.097365054,1,4,1,False
Kansas,2022-02-06,Beverages,78785428,2022-02-06,78220590.0,84460876.0,61453800.0,79591637.71428572,2998366.449211735,2,5,1,False
Kansas,2022-02-13,Beverages,79062421,2022-02-13,78785428.0,83443647.0,60484849.0,78780859.42857143,2244688.0841717185,2,6,1,False
Kansas,2022-02-20,Beverages,75767595,2022-02-20,79062421.0,79504173.0,61028084.0,78154970.0,1245901.745221149,2,7,1,False
Kansas,2022-02-27,Beverages,80457892,2022-02-27,75767595.0,76822109.0,60808014.0,77621173.14285715,1349631.4403657392,2,8,1,False
Kansas,2022-03-06,Beverages,83339037,2022-03-06,80457892.0,78883181.0,61015142.0,78140570.71428572,1615575.4694929388,3,9,1,False
Kansas,2022-03-13,Beverages,81663312,2022-03-13,83339037.0,75806888.0,61587649.0,78777121.57142857,2446770.2155682053,3,10,1,False
Kansas,2022-03-20,Beverages,83082913,2022-03-20,81663312.0,78220590.0,60003063.0,79613753.57142857,2283947.9419794367,3,11,1,False
Kansas,2022-03-27,Beverages,82019286,2022-03-27,83082913.0,78785428.0,60315652.0,80308371.14285715,2485145.4347217833,3,12,1,False
Kansas,2022-04-03,Beverages,86725019,2022-04-03,82019286.0,79062421.0,61220164.0,80770350.85714285,2459545.017714886,4,13,2,False
Kansas,2022-04-10,Beverages,86064766,2022-04-10,86725019.0,75767595.0,58019746.0,81865007.71428572,3082176.056655997,4,14,2,False
Kansas,2022-04-17,Beverages,87097621,2022-04-17,86064766.0,80457892.0,58620693.0,83336032.14285715,2131759.9192575514,4,15,2,False
Kansas,2022-04-24,Beverages,83057568,2022-04-24,87097621.0,83339037.0,57965250.0,84284564.85714285,2117230.7503376976,4,16,2,False
Kansas,2022-05-01,Beverages,86997853,2022-05-01,83057568.0,81663312.0,82900044.0,84244355.0,2137383.0087199803,5,17,2,False
Kansas,2022-05-08,Beverages,86153843,2022-05-08,86997853.0,83082913.0,84206741.0,85006432.28571428,2029548.8106646675,5,18,2,False
Kansas,2022-05-15,Beverages,90747539,2022-05-15,86153843.0,82019286.0,81123034.0,85445136.57142857,1893706.621443925,5,19,2,False
Kansas,2022-05-22,Beverages,87205384,2022-05-22,90747539.0,86725019.0,79347468.0,86692029.85714285,2090751.4948233606,5,20,2,False
Kansas,2022-05-29,Beverages,88373730,2022-05-29,87205384.0,86064766.0,78863272.0,86760653.42857143,2098576.814424998,5,21,2,False
Kansas,2022-06-05,Beverages,90128642,2022-06-05,88373730.0,87097621.0,79954985.0,87090505.42857143,2144238.554192973,6,22,2,False
Kansas,2022-06-12,Beverages,92872869,2022-06-12,90128642.0,83057568.0,80314797.0,87523508.42857143,2393505.941687157,6,23,2,False
Kansas,2022-06-19,Beverages,95907245,2022-06-19,92872869.0,86997853.0,82999329.0,88925694.28571428,2236395.4804882654,6,24,2,False
Kansas,2022-06-26,Beverages,92862803,2022-06-26,95907245.0,86153843.0,78440980.0,90198464.57142857,3132687.6221975503,6,25,2,False
Kansas,2022-07-03,Beverages,97005014,2022-07-03,92862803.0,90747539.0,78480381.0,91156887.42857143,2751774.4187581376,7,26,3,False
Kansas,2022-07-10,Beverages,92985889,2022-07-10,97005014.0,87205384.0,80608216.0,92050812.42857143,3411014.5554452566,7,27,3,False
Kansas,2022-07-17,Beverages,92242837,2022-07-17,92985889.0,88373730.0,84460876.0,92876598.85714285,2779205.206039705,7,28,3,False
Kansas,2022-07-24,Beverages,91465019,2022-07-24,92242837.0,90128642.0,83443647.0,93429328.42857143,2139930.817772404,7,29,3,False
Kansas,2022-07-31,Beverages,90742378,2022-07-31,91465019.0,92872869.0,79504173.0,93620239.42857143,1880880.450971801,7,30,3,False
Kansas,2022-08-07,Beverages,93112554,2022-08-07,90742378.0,95907245.0,76822109.0,93315883.57142857,2132707.043241832,8,31,3,False
Kansas,2022-08-14,Beverages,92208149,2022-08-14,93112554.0,92862803.0,78883181.0,92916642.0,1853549.003579278,8,32,3,False
Kansas,2022-08-21,Beverages,88534643,2022-08-21,92208149.0,97005014.0,75806888.0,92823120.0,1870345.518210425,8,33,3,False
Kansas,2022-08-28,Beverages,89760228,2022-08-28,88534643.0,92985889.0,78220590.0,91613067.0,1470692.0729986196,8,34,3,False
Kansas,2022-09-04,Beverages,93015446,2022-09-04,89760228.0,92242837.0,78785428.0,91152258.28571428,1473698.2455798239,9,35,3,False
Kansas,2022-09-11,Beverages,90032274,2022-09-11,93015446.0,91465019.0,79062421.0,91262631.0,1576584.7903153189,9,36,3,False
Kansas,2022-09-18,Beverages,89581306,2022-09-18,90032274.0,90742378.0,75767595.0,91057953.14285715,1629149.7991217654,9,37,3,False
Kansas,2022-09-25,Beverages,87433217,2022-09-25,89581306.0,93112554.0,80457892.0,90892085.71428572,1709938.1176164201,9,38,3,False
Kansas,2022-10-02,Beverages,87253392,2022-10-02,87433217.0,92208149.0,83339037.0,90080751.85714285,1808419.7341138138,10,39,4,False
Kansas,2022-10-09,Beverages,88764637,2022-10-09,87253392.0,88534643.0,81663312.0,89372929.42857143,1806880.9182343367,10,40,4,False
Kansas,2022-10-16,Beverages,85774103,2022-10-16,88764637.0,89760228.0,83082913.0,89405785.71428572,1793379.465960804,10,41,4,False
Kansas,2022-10-23,Beverages,84007160,2022-10-23,85774103.0,93015446.0,82019286.0,88836339.28571428,2181319.218165364,10,42,4,False
Kansas,2022-10-30,Beverages,83002733,2022-10-30,84007160.0,90032274.0,86725019.0,87549441.28571428,1984596.7250706367,10,43,4,False
Kansas,2022-11-06,Beverages,84389780,2022-11-06,83002733.0,89581306.0,86064766.0,86545221.14285715,2236683.1440822002,11,44,4,False
Kansas,2022-11-13,Beverages,83975554,2022-11-13,84389780.0,87433217.0,87097621.0,85803574.57142857,1949252.5384773256,11,45,4,False
Kansas,2022-11-20,Beverages,85163591,2022-11-20,83975554.0,87253392.0,83057568.0,85309622.71428572,1911435.6577365478,11,46,4,False
Kansas,2022-11-27,Beverages,86453163,2022-11-27,85163591.0,88764637.0,86997853.0,85011079.71428572,1740044.937072328,11,47,4,False
Kansas,2022-12-04,Beverages,82078819,2022-12-04,86453163.0,85774103.0,86153843.0,84680869.14285715,1096841.7932953164,12,48,4,False
Kansas,2022-12-11,Beverages,84610185,2022-12-11,82078819.0,84007160.0,90747539.0,84152971.42857143,1311825.6710696593,12,49,4,False
Kansas,2022-12-18,Beverages,87682837,2022-12-18,84610185.0,83002733.0,87205384.0,84239117.85714285,1319201.1092241763,12,50,4,False
Kansas,2022-12-25,Beverages,91741790,2022-12-25,87682837.0,84389780.0,88373730.0,84907704.14285715,1664054.4992721593,12,51,4,False
Kansas,2023-01-01,Beverages,82286821,2023-01-01,91741790.0,83975554.0,90128642.0,85957991.28571428,2880930.0121343937,1,52,1,False
Kansas,2023-01-08,Beverages,80180821,2023-01-08,82286821.0,85163591.0,92872869.0,85716743.71428572,3099270.307752141,1,1,1,False
Kansas,2023-01-15,Beverages,81402484,2023-01-15,80180821.0,86453163.0,95907245.0,85004919.42857143,3665124.0626185285,1,2,1,False
Kansas,2023-01-22,Beverages,79711319,2023-01-22,81402484.0,82078819.0,92862803.0,84283393.85714285,3803529.907185232,1,3,1,False
Kansas,2023-01-29,Beverages,82211005,2023-01-29,79711319.0,84610185.0,97005014.0,83945179.57142857,4079756.193015051,1,4,1,False
Kansas,2023-02-05,Beverages,82693189,2023-02-05,82211005.0,87682837.0,92985889.0,83602439.57142857,4110156.556491231,2,5,1,False
Kansas,2023-02-12,Beverages,85796601,2023-02-12,82693189.0,91741790.0,92242837.0,82889632.71428572,3758307.874363173,2,6,1,False
Kansas,2023-02-19,Beverages,82138038,2023-02-19,85796601.0,82286821.0,91465019.0,82040320.0,1848342.8078030192,2,7,1,False
Kansas,2023-02-26,Beverages,84463677,2023-02-26,82138038.0,80180821.0,90742378.0,82019065.28571428,1846240.2594952497,2,8,1,False
Kansas,2023-03-05,Beverages,90385105,2023-03-05,84463677.0,81402484.0,93112554.0,82630901.85714285,1845333.8110396492,3,9,1,False
Kansas,2023-03-12,Beverages,93010721,2023-03-12,90385105.0,79711319.0,92208149.0,83914133.42857143,3183185.089693401,3,10,1,False
Kansas,2023-03-19,Beverages,92039959,2023-03-19,93010721.0,82211005.0,88534643.0,85814048.0,3977529.740919352,3,11,1,False
Kansas,2023-03-26,Beverages,84923537,2023-03-26,92039959.0,82693189.0,89760228.0,87218184.28571428,4187124.1040212717,3,12,1,False
Kansas,2023-04-02,Beverages,88919304,2023-04-02,84923537.0,85796601.0,93015446.0,87536805.42857143,3906098.6316034365,4,13,2,False
Kansas,2023-04-09,Beverages,94272251,2023-04-09,88919304.0,82138038.0,90032274.0,87982905.85714285,3859925.9308007774,4,14,2,False
Kansas,2023-04-16,Beverages,92228322,2023-04-16,94272251.0,84463677.0,89581306.0,89716364.85714285,3558740.119452742,4,15,2,False
Kansas,2023-04-23,Beverages,91618567,2023-04-23,92228322.0,90385105.0,87433217.0,90825599.85714285,2897259.8293414586,4,16,2,False
Kansas,2023-04-30,Beverages,93432681,2023-04-30,91618567.0,93010721.0,87253392.0,91001808.71428572,2902614.975504015,4,17,2,False
Kansas,2023-05-07,Beverages,94692553,2023-05-07,93432681.0,92039959.0,88764637.0,91062088.71428572,2947739.851409182,5,18,2,False
Kentucky,2020-05-03,Beverages,105113498,2020-05-03,98793976.0,108537873.0,106008269.0,100997759.14285715,4759814.773420528,5,18,2,False
Kentucky,2020-05-10,Beverages,105641997,2020-05-10,105113498.0,106471733.0,98289687.0,100508562.71428572,4088339.762270583,5,19,2,False
Kentucky,2020-05-17,Beverages,105373534,2020-05-17,105641997.0,93433676.0,94431653.0,100390029.0,3922390.854380679,5,20,2,False
Kentucky,2020-05-24,Beverages,111736558,2020-05-24,105373534.0,98418689.0,91910509.0,102095723.0,3018390.7958346307,5,21,2,False
Kentucky,2020-05-31,Beverages,108405879,2020-05-31,111736558.0,101853088.0,92866945.0,103998275.71428572,4103342.777023497,5,22,2,False
Kentucky,2020-06-07,Beverages,112052844,2020-06-07,108405879.0,99475279.0,92808301.0,104934388.71428572,4251939.677934945,6,23,2,False
Kentucky,2020-06-14,Beverages,110489789,2020-06-14,112052844.0,98793976.0,92285214.0,106731183.71428572,4222797.956187986,6,24,2,False
Kentucky,2020-06-21,Beverages,108919624,2020-06-21,110489789.0,105113498.0,95351247.0,108402014.14285715,2838769.48186775,6,25,2,False
Kentucky,2020-06-28,Beverages,109608395,2020-06-28,108919624.0,105641997.0,91340443.0,108945746.42857143,2501266.911871557,6,26,2,False
Kentucky,2020-07-05,Beverages,118344909,2020-07-05,109608395.0,105373534.0,92458439.0,109512374.71428572,2106833.192060994,7,27,3,False
Kentucky,2020-07-12,Beverages,111351523,2020-07-12,118344909.0,111736558.0,92535178.0,111365428.28571428,3114900.350943926,7,28,3,False
Kentucky,2020-07-19,Beverages,110998494,2020-07-19,111351523.0,108405879.0,97877583.0,111310423.28571428,3111258.5100875315,7,29,3,False
Kentucky,2020-07-26,Beverages,107452067,2020-07-26,110998494.0,112052844.0,92581515.0,111680796.85714285,2889888.6016805703,7,30,3,False
Kentucky,2020-08-02,Beverages,108364954,2020-08-02,107452067.0,110489789.0,91668507.0,111023543.0,3233309.9274791703,8,31,3,False
Kentucky,2020-08-09,Beverages,110548963,2020-08-09,108364954.0,108919624.0,91660185.0,110719995.14285715,3366181.9116730294,8,32,3,False
Kentucky,2020-08-16,Beverages,110780991,2020-08-16,110548963.0,109608395.0,89904459.0,110952757.85714285,3289093.036321431,8,33,3,False
Kentucky,2020-08-23,Beverages,107156718,2020-08-23,110780991.0,118344909.0,87337779.0,111120271.57142857,3245935.8646352207,8,34,3,False
Kentucky,2020-08-30,Beverages,106359011,2020-08-30,107156718.0,111351523.0,90383282.0,109521958.57142857,1664110.113062391,8,35,3,False
Kentucky,2020-09-06,Beverages,108898997,2020-09-06,106359011.0,110998494.0,90103077.0,108808742.57142857,1792086.9391180128,9,36,3,False
Kentucky,2020-09-13,Beverages,108814338,2020-09-13,108898997.0,107452067.0,88680140.0,108508814.42857143,1561339.4198711957,9,37,3,False
Kentucky,2020-09-20,Beverages,106393444,2020-09-20,108814338.0,108364954.0,89359545.0,108703424.57142857,1501236.7881797832,9,38,3,False
Kentucky,2020-09-27,Beverages,102811444,2020-09-27,106393444.0,110548963.0,96896523.0,108421780.28571428,1708891.313363246,9,39,3,False
Kentucky,2020-10-04,Beverages,105812853,2020-10-04,102811444.0,110780991.0,98146652.0,107316420.42857143,2355552.428036303,10,40,4,False
Kentucky,2020-10-11,Beverages,101261775,2020-10-11,105812853.0,107156718.0,108537873.0,106606686.42857143,1911312.189538905,10,41,4,False
Kentucky,2020-10-18,Beverages,100459116,2020-10-18,101261775.0,106359011.0,106471733.0,105764551.71428572,2642320.6064755386,10,42,4,False
Kentucky,2020-10-25,Beverages,99021954,2020-10-25,100459116.0,108898997.0,93433676.0,104921709.57142857,3200325.729927641,10,43,4,False
Kentucky,2020-11-01,Beverages,97721872,2020-11-01,99021954.0,108814338.0,98418689.0,103510703.42857143,3311157.0185475363,11,44,4,False
Kentucky,2020-11-08,Beverages,99884015,2020-11-08,97721872.0,106393444.0,101853088.0,101926065.42857143,3036699.6209279103,11,45,4,False
Kentucky,2020-11-15,Beverages,101550362,2020-11-15,99884015.0,102811444.0,99475279.0,100996147.0,2470109.1005403656,11,46,4,False
Kentucky,2020-11-22,Beverages,103523877,2020-11-22,101550362.0,105812853.0,98793976.0,100815992.42857143,2375311.533275391,11,47,4,False
Kentucky,2020-11-29,Beverages,98671875,2020-11-29,103523877.0,101261775.0,105113498.0,100488995.85714285,1736592.3174252023,11,48,4,False
Kentucky,2020-12-06,Beverages,96239479,2020-12-06,98671875.0,100459116.0,105641997.0,100119010.14285715,1807001.650050038,12,49,4,False
Kentucky,2020-12-13,Beverages,98495215,2020-12-13,96239479.0,99021954.0,105373534.0,99516204.85714285,2243984.184752337,12,50,4,False
Kentucky,2020-12-20,Beverages,100865902,2020-12-20,98495215.0,97721872.0,111736558.0,99440956.42857143,2267999.5983407246,12,51,4,False
Kentucky,2020-12-27,Beverages,99073802,2020-12-27,100865902.0,99884015.0,108405879.0,99890103.57142857,2193166.0664088796,12,52,4,False
Kentucky,2021-01-03,Beverages,97850319,2021-01-03,99073802.0,101550362.0,112052844.0,99774358.85714285,2211734.1314178905,1,53,1,False
Kentucky,2021-01-10,Beverages,97469454,2021-01-10,97850319.0,103523877.0,110489789.0,99245781.28571428,2165784.501279295,1,1,1,False
Kentucky,2021-01-17,Beverages,99316228,2021-01-17,97469454.0,98671875.0,108919624.0,98380863.71428572,1333685.3553594013,1,2,1,False
Kentucky,2021-01-24,Beverages,95310488,2021-01-24,99316228.0,96239479.0,109608395.0,98472914.14285715,1372272.4739057347,1,3,1,False
Kentucky,2021-01-31,Beverages,96229501,2021-01-31,95310488.0,98495215.0,118344909.0,98340201.14285715,1606742.02692328,1,4,1,False
Kentucky,2021-02-07,Beverages,98295922,2021-02-07,96229501.0,100865902.0,111351523.0,98016527.71428572,1763479.2706538993,2,5,1,False
Kentucky,2021-02-14,Beverages,97978469,2021-02-14,98295922.0,99073802.0,110998494.0,97649387.71428572,1351433.0412980784,2,6,1,False
Kentucky,2021-02-21,Beverages,92934125,2021-02-21,97978469.0,97850319.0,107452067.0,97492911.57142857,1235923.2412632639,2,7,1,False
Kentucky,2021-02-28,Beverages,99976449,2021-02-28,92934125.0,97469454.0,108364954.0,96790598.14285715,1996233.2270785081,2,8,1,False
Kentucky,2021-03-07,Beverages,105832542,2021-03-07,99976449.0,99316228.0,110548963.0,97148740.28571428,2289278.41176433,3,9,1,False
Kentucky,2021-03-14,Beverages,116409590,2021-03-14,105832542.0,95310488.0,110780991.0,98079642.28571428,3804695.0133487843,3,10,1,False
Kentucky,2021-03-21,Beverages,115326865,2021-03-21,116409590.0,96229501.0,107156718.0,101093799.71428572,7231406.519314157,3,11,1,False
Kentucky,2021-03-28,Beverages,103167420,2021-03-28,115326865.0,98295922.0,106359011.0,103821994.57142857,8391067.503421644,3,12,1,False
Kentucky,2021-04-04,Beverages,108849186,2021-04-04,103167420.0,97978469.0,108898997.0,104517922.85714285,8100889.488036931,4,13,2,False
Kentucky,2021-04-11,Beverages,110300930,2021-04-11,108849186.0,92934125.0,108814338.0,106070882.42857143,7731978.799867739,4,14,2,False
Kentucky,2021-04-18,Beverages,107204172,2021-04-18,110300930.0,99976449.0,106393444.0,108551854.57142857,5615244.81638028,4,15,2,False
Kentucky,2021-04-25,Beverages,107620403,2021-04-25,107204172.0,105832542.0,102811444.0,109584386.42857143,4496548.4188578455,4,16,2,False
Kentucky,2021-05-02,Beverages,112421502,2021-05-02,107620403.0,116409590.0,105812853.0,109839795.14285715,4323637.568960688,5,17,2,False
Kentucky,2021-05-09,Beverages,112626698,2021-05-09,112421502.0,115326865.0,101261775.0,109270068.28571428,3627036.920981312,5,18,2,False
Kentucky,2021-05-16,Beverages,111966687,2021-05-16,112626698.0,103167420.0,100459116.0,108884330.14285715,3061941.423807395,5,19,2,False
Kentucky,2021-05-23,Beverages,118306199,2021-05-23,111966687.0,108849186.0,99021954.0,110141368.28571428,2117452.814278517,5,20,2,False
Kentucky,2021-05-30,Beverages,119293343,2021-05-30,118306199.0,110300930.0,97721872.0,111492370.14285715,3455916.8382906653,5,21,2,False
Kentucky,2021-06-06,Beverages,118342925,2021-06-06,119293343.0,107204172.0,99884015.0,112777000.57142857,4334038.843685828,6,22,2,False
Kentucky,2021-06-13,Beverages,120608753,2021-06-13,118342925.0,107620403.0,101550362.0,114368251.0,4029991.1354575795,6,23,2,False
Kentucky,2021-06-20,Beverages,123091896,2021-06-20,120608753.0,112421502.0,103523877.0,116223729.57142857,3443349.850296066,6,24,2,False
Kentucky,2021-06-27,Beverages,117190358,2021-06-27,123091896.0,112626698.0,98671875.0,117748071.57142857,3769161.581564664,6,25,2,False
Kentucky,2021-07-04,Beverages,125646304,2021-07-04,117190358.0,111966687.0,96239479.0,118400023.0,3174751.8622655557,7,26,3,False
Kentucky,2021-07-11,Beverages,118579601,2021-07-11,125646304.0,118306199.0,98495215.0,120354254.0,2801555.444015057,7,27,3,False
Kentucky,2021-07-18,Beverages,117990161,2021-07-18,118579601.0,119293343.0,100865902.0,120393311.42857143,2774505.7719356637,7,28,3,False
Kentucky,2021-07-25,Beverages,118148968,2021-07-25,117990161.0,118342925.0,99073802.0,120207142.57142857,2883642.6736342567,7,29,3,False
Kentucky,2021-08-01,Beverages,117300344,2021-08-01,118148968.0,120608753.0,97850319.0,120179434.42857143,2902293.839338116,8,30,3,False
Kentucky,2021-08-08,Beverages,119557385,2021-08-08,117300344.0,123091896.0,97469454.0,119706804.57142857,3059046.562390258,8,31,3,False
Kentucky,2021-08-15,Beverages,120277717,2021-08-15,119557385.0,117190358.0,99316228.0,119201874.42857143,2732951.3659486347,8,32,3,False
Kentucky,2021-08-22,Beverages,117423059,2021-08-22,120277717.0,125646304.0,95310488.0,119642925.71428572,2619506.97160891,8,33,3,False
Kentucky,2021-08-29,Beverages,120550385,2021-08-29,117423059.0,118579601.0,96229501.0,118468176.42857143,1018382.7247137207,8,34,3,False
Kentucky,2021-09-05,Beverages,119446257,2021-09-05,120550385.0,117990161.0,98295922.0,118749717.0,1255163.3396412395,9,35,3,False
Kentucky,2021-09-12,Beverages,115777033,2021-09-12,119446257.0,118148968.0,97978469.0,118957730.71428572,1232500.349545081,9,36,3,False
Kentucky,2021-09-19,Beverages,115075277,2021-09-19,115777033.0,117300344.0,92934125.0,118618882.85714285,1660138.3552934593,9,37,3,False
Kentucky,2021-09-26,Beverages,109298752,2021-09-26,115075277.0,119557385.0,99976449.0,118301016.14285715,2049520.4500998969,9,38,3,False
Kentucky,2021-10-03,Beverages,163410999,2021-10-03,109298752.0,120277717.0,105832542.0,116835497.14285715,3661221.770016538,10,39,4,False
Kentucky,2021-10-10,Beverages,160624310,2021-10-10,163410999.0,117423059.0,116409590.0,122997394.57142857,16841604.310256768,10,40,4,False
Kentucky,2021-10-17,Beverages,158469038,2021-10-17,160624310.0,120550385.0,115326865.0,129169001.85714285,21056277.796098072,10,41,4,False
Kentucky,2021-10-24,Beverages,154857048,2021-10-24,158469038.0,119446257.0,103167420.0,134585952.2857143,22935860.693334833,10,42,4,False
Kentucky,2021-10-31,Beverages,152099528,2021-10-31,154857048.0,115777033.0,108849186.0,139644636.7142857,22943878.334775146,10,43,4,False
Kentucky,2021-11-07,Beverages,154353903,2021-11-07,152099528.0,115075277.0,110300930.0,144833564.57142857,20982774.823367633,11,44,4,False
Kentucky,2021-11-14,Beverages,157931326,2021-11-14,154353903.0,109298752.0,107204172.0,150444796.85714287,17182289.658158433,11,45,4,False
Kentucky,2021-11-21,Beverages,162353803,2021-11-21,157931326.0,163410999.0,107620403.0,157392307.42857143,3621233.6989723304,11,46,4,False
Kentucky,2021-11-28,Beverages,149030290,2021-11-28,162353803.0,160624310.0,112421502.0,157241279.42857143,3381154.882873241,11,47,4,False
Kentucky,2021-12-05,Beverages,150843600,2021-12-05,149030290.0,158469038.0,112626698.0,155584990.85714287,4084777.7893720865,12,48,4,False
Kentucky,2021-12-12,Beverages,153606722,2021-12-12,150843600.0,154857048.0,111966687.0,154495642.57142857,4185931.687462109,12,49,4,False
Kentucky,2021-12-19,Beverages,160380710,2021-12-19,153606722.0,152099528.0,118306199.0,154317024.57142857,4193368.9799446976,12,50,4,False
Kentucky,2021-12-26,Beverages,154868195,2021-12-26,160380710.0,154353903.0,119293343.0,155500050.57142857,4553562.814346085,12,51,4,False
Kentucky,2022-01-02,Beverages,150002540,2022-01-02,154868195.0,157931326.0,118342925.0,155573520.85714287,4538601.76953275,1,52,1,False
Kentucky,2022-01-09,Beverages,150103193,2022-01-09,150002540.0,162353803.0,120608753.0,154440837.14285713,4791184.136360103,1,1,1,False
Kentucky,2022-01-16,Beverages,156262856,2022-01-16,150103193.0,149030290.0,123091896.0,152690750.0,3692629.9377499647,1,2,1,False
Kentucky,2022-01-23,Beverages,144556709,2022-01-23,156262856.0,150843600.0,117190358.0,153723973.7142857,3532233.735945548,1,3,1,False
Kentucky,2022-01-30,Beverages,147313253,2022-01-30,144556709.0,153606722.0,125646304.0,152825846.42857143,4742399.745395597,1,4,1,False
Kentucky,2022-02-06,Beverages,153560694,2022-02-06,147313253.0,160380710.0,118579601.0,151926779.42857143,5092756.154903551,2,5,1,False
Kentucky,2022-02-13,Beverages,152843859,2022-02-13,153560694.0,154868195.0,117990161.0,150952491.42857143,3893386.9160181084,2,6,1,False
Kentucky,2022-02-20,Beverages,145625624,2022-02-20,152843859.0,150002540.0,118148968.0,150663300.57142857,3659983.394043457,2,7,1,False
Kentucky,2022-02-27,Beverages,156479216,2022-02-27,145625624.0,150103193.0,117300344.0,150038026.85714287,4070330.9674811186,2,8,1,False
Kentucky,2022-03-06,Beverages,160721353,2022-03-06,156479216.0,156262856.0,119557385.0,150948887.2857143,4654493.423400795,3,9,1,False
Kentucky,2022-03-13,Beverages,161981216,2022-03-13,160721353.0,144556709.0,120277717.0,151585815.42857143,5555862.330209709,3,10,1,False
Kentucky,2022-03-20,Beverages,163477369,2022-03-20,161981216.0,147313253.0,117423059.0,154075030.7142857,5748986.374154814,3,11,1,False
Kentucky,2022-03-27,Beverages,164099533,2022-03-27,163477369.0,153560694.0,120550385.0,156384190.14285713,5815161.425436395,3,12,1,False
Kentucky,2022-04-03,Beverages,166881514,2022-04-03,164099533.0,152843859.0,119446257.0,157889738.57142857,6238135.816621284,4,13,2,False
Kentucky,2022-04-10,Beverages,167126414,2022-04-10,166881514.0,145625624.0,115777033.0,159895117.85714287,6542614.936135216,4,14,2,False
Kentucky,2022-04-17,Beverages,169953128,2022-04-17,167126414.0,156479216.0,115075277.0,162966659.2857143,3428312.645194564,4,15,2,False
Kentucky,2022-04-24,Beverages,164162639,2022-04-24,169953128.0,160721353.0,109298752.0,164891503.85714287,3001474.1971624102,4,16,2,False
Kentucky,2022-05-01,Beverages,171664151,2022-05-01,164162639.0,161981216.0,163410999.0,165383116.14285713,2521655.885269808,5,17,2,False
Kentucky,2022-05-08,Beverages,170241063,2022-05-08,171664151.0,163477369.0,160624310.0,166766392.57142857,2903090.406933,5,18,2,False
Kentucky,2022-05-15,Beverages,172918709,2022-05-15,170241063.0,164099533.0,158469038.0,167732634.57142857,2770142.6134408535,5,19,2,False
Kentucky,2022-05-22,Beverages,180195378,2022-05-22,172918709.0,166881514.0,154857048.0,168992516.85714287,2836009.470691608,5,20,2,False
Kentucky,2022-05-29,Beverages,175426519,2022-05-29,180195378.0,167126414.0,152099528.0,170894497.42857143,4660252.937488423,5,21,2,False
Kentucky,2022-06-05,Beverages,175125576,2022-06-05,175426519.0,169953128.0,154353903.0,172080226.7142857,4606281.290892666,6,22,2,False
Kentucky,2022-06-12,Beverages,173551981,2022-06-12,175125576.0,164162639.0,157931326.0,172819147.85714287,4620642.556737655,6,23,2,False
Kentucky,2022-06-19,Beverages,181679225,2022-06-19,173551981.0,171664151.0,162353803.0,174160482.42857143,2987115.504339275,6,24,2,False
Kentucky,2022-06-26,Beverages,178023500,2022-06-26,181679225.0,170241063.0,149030290.0,175591207.2857143,3749876.515872675,6,25,2,False
Kentucky,2022-07-03,Beverages,188779241,2022-07-03,178023500.0,172918709.0,150843600.0,176702984.0,3095404.1721572033,7,26,3,False
Kentucky,2022-07-10,Beverages,177231551,2022-07-10,188779241.0,180195378.0,153606722.0,178968774.2857143,4820333.353108127,7,27,3,False
Kentucky,2022-07-17,Beverages,176803762,2022-07-17,177231551.0,175426519.0,160380710.0,178545370.42857143,4824162.217931635,7,28,3,False
Kentucky,2022-07-24,Beverages,175521543,2022-07-24,176803762.0,175125576.0,154868195.0,178742119.42857143,4719908.9312702725,7,29,3,False
Kentucky,2022-07-31,Beverages,176939927,2022-07-31,175521543.0,173551981.0,150002540.0,178798686.14285713,4678417.15976927,7,30,3,False
Kentucky,2022-08-07,Beverages,182657159,2022-08-07,176939927.0,181679225.0,150103193.0,179282678.42857143,4267827.1623260565,8,31,3,False
Kentucky,2022-08-14,Beverages,182433637,2022-08-14,182657159.0,178023500.0,156262856.0,179422383.2857143,4359021.881447609,8,32,3,False
Kentucky,2022-08-21,Beverages,178715627,2022-08-21,182433637.0,188779241.0,144556709.0,180052402.85714287,4429443.760671097,8,33,3,False
Kentucky,2022-08-28,Beverages,180785746,2022-08-28,178715627.0,177231551.0,147313253.0,178614743.7142857,2632245.734457132,8,34,3,False
Kentucky,2022-09-04,Beverages,183658226,2022-09-04,180785746.0,176803762.0,153560694.0,179122485.85714287,2659120.088092048,9,35,3,False
Kentucky,2022-09-11,Beverages,177213325,2022-09-11,183658226.0,175521543.0,152843859.0,180101695.0,2878018.713329255,9,36,3,False
Kentucky,2022-09-18,Beverages,176248303,2022-09-18,177213325.0,176939927.0,145625624.0,180343378.14285713,2533686.0703872014,9,37,3,False
Kentucky,2022-09-25,Beverages,175430228,2022-09-25,176248303.0,182657159.0,156479216.0,180244574.7142857,2674076.119342586,9,38,3,False
Kentucky,2022-10-02,Beverages,176005999,2022-10-02,175430228.0,182433637.0,160721353.0,179212156.0,2926502.890645642,10,39,4,False
Kentucky,2022-10-09,Beverages,169675964,2022-10-09,176005999.0,178715627.0,161981216.0,178293922.0,2776183.4363719793,10,40,4,False
Kentucky,2022-10-16,Beverages,169028833,2022-10-16,169675964.0,180785746.0,163477369.0,177002541.57142857,4077255.4215930365,10,41,4,False
Kentucky,2022-10-23,Beverages,164783227,2022-10-23,169028833.0,183658226.0,164099533.0,175322982.57142857,4565226.422216458,10,42,4,False
Kentucky,2022-10-30,Beverages,161908388,2022-10-30,164783227.0,177213325.0,166881514.0,172626554.14285713,4417564.400077083,10,43,4,False
Kentucky,2022-11-06,Beverages,163543172,2022-11-06,161908388.0,176248303.0,167126414.0,170440134.57142857,5304738.197060721,11,44,4,False
Kentucky,2022-11-13,Beverages,164839821,2022-11-13,163543172.0,175430228.0,169953128.0,168625115.85714287,5179009.18626716,11,45,4,False
Kentucky,2022-11-20,Beverages,165319823,2022-11-20,164839821.0,176005999.0,164162639.0,167112200.57142857,4468164.696838248,11,46,4,False
Kentucky,2022-11-27,Beverages,163202264,2022-11-27,165319823.0,169675964.0,171664151.0,165585604.0,2606337.263937627,11,47,4,False
Kentucky,2022-12-04,Beverages,156960935,2022-12-04,163202264.0,169028833.0,170241063.0,164660789.7142857,2087830.4500915469,12,48,4,False
Kentucky,2022-12-11,Beverages,159951955,2022-12-11,156960935.0,164783227.0,172918709.0,162936804.2857143,2670375.3638785034,12,49,4,False
Kentucky,2022-12-18,Beverages,167654027,2022-12-18,159951955.0,161908388.0,180195378.0,162246622.57142857,2727686.7466651015,12,50,4,False
Kentucky,2022-12-25,Beverages,171908926,2022-12-25,167654027.0,163543172.0,175426519.0,163067428.14285713,3305655.163973433,12,51,4,False
Kentucky,2023-01-01,Beverages,154450235,2023-01-01,171908926.0,164839821.0,175125576.0,164262535.85714287,4542486.220448616,1,52,1,False
Kentucky,2023-01-08,Beverages,155431103,2023-01-08,154450235.0,165319823.0,173551981.0,162778309.2857143,5669048.2674197955,1,1,1,False
Kentucky,2023-01-15,Beverages,159888962,2023-01-15,155431103.0,163202264.0,181679225.0,161365635.0,6077115.922995335,1,2,1,False
Kentucky,2023-01-22,Beverages,151381165,2023-01-22,159888962.0,156960935.0,178023500.0,160892306.14285713,6044577.749720648,1,3,1,False
Kentucky,2023-01-29,Beverages,152849459,2023-01-29,151381165.0,159951955.0,188779241.0,160095196.14285713,6827642.110449569,1,4,1,False
Kentucky,2023-02-05,Beverages,159539414,2023-02-05,152849459.0,167654027.0,177231551.0,159080553.85714287,7285901.978295883,2,5,1,False
Kentucky,2023-02-12,Beverages,161038287,2023-02-12,159539414.0,171908926.0,176803762.0,157921323.42857143,6424172.854540285,2,6,1,False
Kentucky,2023-02-19,Beverages,162073335,2023-02-19,161038287.0,154450235.0,175521543.0,156368375.0,3506542.3040746097,2,7,1,False
Kentucky,2023-02-26,Beverages,163522695,2023-02-26,162073335.0,155431103.0,176939927.0,157457389.2857143,3903048.5384123595,2,8,1,False
Kentucky,2023-03-05,Beverages,172605245,2023-03-05,163522695.0,159888962.0,182657159.0,158613331.0,4308881.257202657,3,9,1,False
Kentucky,2023-03-12,Beverages,182420654,2023-03-12,172605245.0,151381165.0,182433637.0,160429942.85714287,6557559.174389587,3,10,1,False
Kentucky,2023-03-19,Beverages,176332061,2023-03-19,182420654.0,152849459.0,178715627.0,164864155.57142857,8984799.666828198,3,11,1,False
Kentucky,2023-03-26,Beverages,163351236,2023-03-26,176332061.0,159539414.0,180785746.0,168218813.0,8224269.063004998,3,12,1,False
Kentucky,2023-04-02,Beverages,169379033,2023-04-02,163351236.0,161038287.0,183658226.0,168763359.0,7743714.850231034,4,13,2,False
Kentucky,2023-04-09,Beverages,173760111,2023-04-09,169379033.0,162073335.0,177213325.0,169954894.14285713,7076317.271255281,4,14,2,False
Kentucky,2023-04-16,Beverages,174619209,2023-04-16,173760111.0,163522695.0,176248303.0,171624433.57142857,6362490.868327971,4,15,2,False
Kentucky,2023-04-23,Beverages,175063639,2023-04-23,174619209.0,172605245.0,175430228.0,173209649.85714287,5465595.871674189,4,16,2,False
Kentucky,2023-04-30,Beverages,177480411,2023-04-30,175063639.0,182420654.0,176005999.0,173560849.0,5494383.525436557,4,17,2,False
Kentucky,2023-05-07,Beverages,182477460,2023-05-07,177480411.0,176332061.0,169675964.0,172855100.0,4546552.891224876,5,18,2,False
Louisiana,2020-05-03,Beverages,109850443,2020-05-03,102360002.0,121196145.0,110909955.0,105737002.14285715,7424972.339013219,5,18,2,False
Louisiana,2020-05-10,Beverages,110854351,2020-05-10,109850443.0,111529227.0,109354747.0,104116187.57142857,4558469.641835725,5,19,2,False
Louisiana,2020-05-17,Beverages,109640846,2020-05-17,110854351.0,97224312.0,100499699.0,104019776.71428572,4405226.535049406,5,20,2,False
Louisiana,2020-05-24,Beverages,114631357,2020-05-24,109640846.0,102909681.0,94643764.0,105793567.28571428,3765176.794718143,5,21,2,False
Louisiana,2020-05-31,Beverages,109870801,2020-05-31,114631357.0,102756057.0,98130561.0,107468092.42857143,4619792.509486534,5,22,2,False
Louisiana,2020-06-07,Beverages,117541818,2020-06-07,109870801.0,102183591.0,99092392.0,108484484.42857143,4238189.329189742,6,23,2,False
Louisiana,2020-06-14,Beverages,113522143,2020-06-14,117541818.0,102360002.0,97123839.0,110678516.85714285,4381345.6327111805,6,24,2,False
Louisiana,2020-06-21,Beverages,115258588,2020-06-21,113522143.0,109850443.0,98028446.0,112273108.42857143,2814827.858909915,6,25,2,False
Louisiana,2020-06-28,Beverages,107808978,2020-06-28,115258588.0,110854351.0,94697655.0,113045700.57142857,2785889.990783983,6,26,2,False
Louisiana,2020-07-05,Beverages,120137016,2020-07-05,107808978.0,109640846.0,96719430.0,112610647.28571428,3286870.6806950495,7,27,3,False
Louisiana,2020-07-12,Beverages,120242882,2020-07-12,120137016.0,114631357.0,96959218.0,114110100.14285715,3922692.7040431015,7,28,3,False
Louisiana,2020-07-19,Beverages,107757841,2020-07-19,120242882.0,109870801.0,100853710.0,114911746.57142857,4480967.242102318,7,29,3,False
Louisiana,2020-07-26,Beverages,105961502,2020-07-26,107757841.0,117541818.0,90497589.0,114609895.14285715,4865078.249992603,7,30,3,False
Louisiana,2020-08-02,Beverages,109735019,2020-08-02,105961502.0,113522143.0,89999954.0,112955564.28571428,5512631.765432464,8,31,3,False
Louisiana,2020-08-09,Beverages,119096376,2020-08-09,109735019.0,115258588.0,95317538.0,112414546.57142857,5615358.558662981,8,32,3,False
Louisiana,2020-08-16,Beverages,117135983,2020-08-16,119096376.0,107808978.0,93011764.0,112962802.0,6037737.8327226145,8,33,3,False
Louisiana,2020-08-23,Beverages,117579801,2020-08-23,117135983.0,120137016.0,88883700.0,114295231.28571428,5776873.971554936,8,34,3,False
Louisiana,2020-08-30,Beverages,113353059,2020-08-30,117579801.0,120242882.0,93133151.0,113929914.85714285,5468529.014691456,8,35,3,False
Louisiana,2020-09-06,Beverages,123030206,2020-09-06,113353059.0,107757841.0,94376733.0,112945654.42857143,4825993.539247756,9,36,3,False
Louisiana,2020-09-13,Beverages,116867036,2020-09-13,123030206.0,105961502.0,94246834.0,115127420.85714285,5404965.104568998,9,37,3,False
Louisiana,2020-09-20,Beverages,110526069,2020-09-20,116867036.0,109735019.0,92767325.0,116685354.28571428,3900872.2622686382,9,38,3,False
Louisiana,2020-09-27,Beverages,106003069,2020-09-27,110526069.0,119096376.0,100284982.0,116798361.42857143,3704396.4457765073,9,39,3,False
Louisiana,2020-10-04,Beverages,117294523,2020-10-04,106003069.0,117135983.0,104279827.0,114927889.0,5110558.665266819,10,40,4,False
Louisiana,2020-10-11,Beverages,113938298,2020-10-11,117294523.0,117579801.0,121196145.0,114950537.57142857,5120635.504233852,10,41,4,False
Louisiana,2020-10-18,Beverages,104986484,2020-10-18,113938298.0,113353059.0,111529227.0,114430322.85714285,5010896.62779274,10,42,4,False
Louisiana,2020-10-25,Beverages,103272852,2020-10-25,104986484.0,123030206.0,97224312.0,113235097.85714285,6021262.924460528,10,43,4,False
Louisiana,2020-11-01,Beverages,104994962,2020-11-01,103272852.0,116867036.0,102909681.0,110412618.71428572,5362924.706368562,11,44,4,False
Louisiana,2020-11-08,Beverages,107041449,2020-11-08,104994962.0,110526069.0,102756057.0,108716608.14285715,4911838.012251556,11,45,4,False
Louisiana,2020-11-15,Beverages,103533351,2020-11-15,107041449.0,106003069.0,102183591.0,108218805.28571428,4879701.752866622,11,46,4,False
Louisiana,2020-11-22,Beverages,107565398,2020-11-22,103533351.0,117294523.0,102360002.0,107865988.42857143,5110955.47135769,11,47,4,False
Louisiana,2020-11-29,Beverages,99539467,2020-11-29,107565398.0,113938298.0,109850443.0,106476113.42857143,3391668.0186928497,11,48,4,False
Louisiana,2020-12-06,Beverages,100212642,2020-12-06,99539467.0,104986484.0,110854351.0,104419137.57142857,2488220.85038536,12,49,4,False
Louisiana,2020-12-13,Beverages,103283351,2020-12-13,100212642.0,103272852.0,109640846.0,103737160.14285715,2864955.0366185247,12,50,4,False
Louisiana,2020-12-20,Beverages,103692118,2020-12-20,103283351.0,104994962.0,114631357.0,103738660.0,2864714.308182483,12,51,4,False
Louisiana,2020-12-27,Beverages,96683773,2020-12-27,103692118.0,107041449.0,109870801.0,103552539.42857143,2819004.4302741527,12,52,4,False
Louisiana,2021-01-03,Beverages,96612059,2021-01-03,96683773.0,103533351.0,117541818.0,102072871.42857143,3280005.278010636,1,53,1,False
Louisiana,2021-01-10,Beverages,103409390,2021-01-10,96612059.0,107565398.0,113522143.0,101084115.42857143,3706231.146426213,1,1,1,False
Louisiana,2021-01-17,Beverages,99444705,2021-01-17,103409390.0,99539467.0,115258588.0,100490400.0,2855706.9969284995,1,2,1,False
Louisiana,2021-01-24,Beverages,95771377,2021-01-24,99444705.0,100212642.0,107808978.0,100476862.57142857,2860403.537836539,1,3,1,False
Louisiana,2021-01-31,Beverages,96830454,2021-01-31,95771377.0,103283351.0,120137016.0,99842396.14285715,3306428.958527963,1,4,1,False
Louisiana,2021-02-07,Beverages,103625081,2021-02-07,96830454.0,103692118.0,120242882.0,98920553.71428572,3112426.2035032455,2,5,1,False
Louisiana,2021-02-14,Beverages,101323999,2021-02-14,103625081.0,96683773.0,107757841.0,98910977.0,3097798.466213109,2,6,1,False
Louisiana,2021-02-21,Beverages,93576882,2021-02-21,101323999.0,96612059.0,105961502.0,99573866.42857143,3046327.2527090968,2,7,1,False
Louisiana,2021-02-28,Beverages,105990169,2021-02-28,93576882.0,103409390.0,109735019.0,99140269.71428572,3602305.6967983674,2,8,1,False
Louisiana,2021-03-07,Beverages,110243755,2021-03-07,105990169.0,99444705.0,119096376.0,99508952.42857143,4115831.5933918864,3,9,1,False
Louisiana,2021-03-14,Beverages,129302802,2021-03-14,110243755.0,95771377.0,117135983.0,101051673.85714285,5569719.415969404,3,10,1,False
Louisiana,2021-03-21,Beverages,119445818,2021-03-21,129302802.0,96830454.0,117579801.0,105841877.42857143,10867873.857402215,3,11,1,False
Louisiana,2021-03-28,Beverages,102299326,2021-03-28,119445818.0,103625081.0,113353059.0,109072643.71428572,11068431.72898505,3,12,1,False
Louisiana,2021-04-04,Beverages,111799498,2021-04-04,102299326.0,101323999.0,123030206.0,108883250.14285715,11170893.751382357,4,13,2,False
Louisiana,2021-04-11,Beverages,109647914,2021-04-11,111799498.0,93576882.0,116867036.0,110379750.0,10751795.27467195,4,14,2,False
Louisiana,2021-04-18,Beverages,106648614,2021-04-18,109647914.0,105990169.0,110526069.0,112675611.71428572,8370953.651311199,4,15,2,False
Louisiana,2021-04-25,Beverages,111133389,2021-04-25,106648614.0,110243755.0,106003069.0,112769675.28571428,8298689.024698173,4,16,2,False
Louisiana,2021-05-02,Beverages,115298735,2021-05-02,111133389.0,129302802.0,117294523.0,112896765.85714285,8265779.473451559,5,17,2,False
Louisiana,2021-05-09,Beverages,119514121,2021-05-09,115298735.0,119445818.0,113938298.0,110896184.85714285,5166608.940463217,5,18,2,False
Louisiana,2021-05-16,Beverages,115508714,2021-05-16,119514121.0,102299326.0,104986484.0,110905942.42857143,5182785.594353152,5,19,2,False
Louisiana,2021-05-23,Beverages,115983095,2021-05-23,115508714.0,111799498.0,103272852.0,112792997.85714285,3967973.179559395,5,20,2,False
Louisiana,2021-05-30,Beverages,117946581,2021-05-30,115983095.0,109647914.0,104994962.0,113390654.57142857,4086615.803077196,5,21,2,False
Louisiana,2021-06-06,Beverages,121498262,2021-06-06,117946581.0,106648614.0,107041449.0,114576178.42857143,4032246.661606696,6,22,2,False
Louisiana,2021-06-13,Beverages,121378724,2021-06-13,121498262.0,111133389.0,103533351.0,116697556.71428572,3102541.2248497363,6,23,2,False
Louisiana,2021-06-20,Beverages,127441197,2021-06-20,121378724.0,115298735.0,107565398.0,118161176.0,2488213.049926568,6,24,2,False
Louisiana,2021-06-27,Beverages,113377115,2021-06-27,127441197.0,119514121.0,99539467.0,119895813.42857143,3783439.1288976553,6,25,2,False
Louisiana,2021-07-04,Beverages,125522125,2021-07-04,113377115.0,115508714.0,100212642.0,119019098.28571428,4426675.881115507,7,26,3,False
Louisiana,2021-07-11,Beverages,117870621,2021-07-11,125522125.0,115983095.0,103283351.0,120449585.57142857,4672269.515622871,7,27,3,False
Louisiana,2021-07-18,Beverages,122116303,2021-07-18,117870621.0,117946581.0,103692118.0,120719232.14285715,4456187.869660582,7,28,3,False
Louisiana,2021-07-25,Beverages,118351246,2021-07-25,122116303.0,121498262.0,96683773.0,121314906.71428572,4322428.014149515,7,29,3,False
Louisiana,2021-08-01,Beverages,120506481,2021-08-01,118351246.0,121378724.0,96612059.0,120865333.0,4441983.751805026,8,30,3,False
Louisiana,2021-08-08,Beverages,128188335,2021-08-08,120506481.0,127441197.0,103409390.0,120740726.85714285,4438066.747104107,8,31,3,False
Louisiana,2021-08-15,Beverages,127627599,2021-08-15,128188335.0,113377115.0,99444705.0,120847460.85714285,4603816.383473885,8,32,3,False
Louisiana,2021-08-22,Beverages,130957347,2021-08-22,127627599.0,125522125.0,95771377.0,122883244.28571428,3955451.642692618,8,33,3,False
Louisiana,2021-08-29,Beverages,128868690,2021-08-29,130957347.0,117870621.0,96830454.0,123659704.57142857,4833312.869677333,8,34,3,False
Louisiana,2021-09-05,Beverages,120514382,2021-09-05,128868690.0,122116303.0,103625081.0,125230857.28571428,4470007.7933799755,9,35,3,False
Louisiana,2021-09-12,Beverages,121134945,2021-09-12,120514382.0,118351246.0,101323999.0,125002011.42857143,4660546.95514712,9,36,3,False
Louisiana,2021-09-19,Beverages,115984166,2021-09-19,121134945.0,120506481.0,93576882.0,125399682.71428572,4168922.612869233,9,37,3,False
Louisiana,2021-09-26,Beverages,113668155,2021-09-26,115984166.0,128188335.0,105990169.0,124753637.71428572,5119239.944293919,9,38,3,False
Louisiana,2021-10-03,Beverages,173218605,2021-10-03,113668155.0,127627599.0,110243755.0,122679326.28571428,6146052.501938753,10,39,4,False
Louisiana,2021-10-10,Beverages,177059756,2021-10-10,173218605.0,130957347.0,129302802.0,129192327.14285715,18887701.056679253,10,40,4,False
Louisiana,2021-10-17,Beverages,168011334,2021-10-17,177059756.0,128868690.0,119445818.0,135778385.57142857,25303187.403315037,10,41,4,False
Louisiana,2021-10-24,Beverages,163730358,2021-10-24,168011334.0,120514382.0,102299326.0,141370191.85714287,27396819.518543135,10,42,4,False
Louisiana,2021-10-31,Beverages,164478871,2021-10-31,163730358.0,121134945.0,111799498.0,147543902.7142857,26865562.98904125,10,43,4,False
Louisiana,2021-11-07,Beverages,163231952,2021-11-07,164478871.0,115984166.0,109647914.0,153735892.14285713,24995097.504240423,11,44,4,False
Louisiana,2021-11-14,Beverages,162728719,2021-11-14,163231952.0,113668155.0,106648614.0,160485575.85714287,19709892.400482785,11,45,4,False
Louisiana,2021-11-21,Beverages,162507492,2021-11-21,162728719.0,173218605.0,111133389.0,167494227.85714287,5191633.166038938,11,46,4,False
Louisiana,2021-11-28,Beverages,149328484,2021-11-28,162507492.0,177059756.0,115298735.0,165964068.85714287,4845921.987953214,11,47,4,False
Louisiana,2021-12-05,Beverages,155559149,2021-12-05,149328484.0,168011334.0,119514121.0,162002458.57142857,5453028.481878097,12,48,4,False
Louisiana,2021-12-12,Beverages,159058610,2021-12-12,155559149.0,163730358.0,115508714.0,160223575.0,5229139.568138623,12,49,4,False
Louisiana,2021-12-19,Beverages,161572466,2021-12-19,159058610.0,164478871.0,115983095.0,159556182.42857143,5033445.722548102,12,50,4,False
Louisiana,2021-12-26,Beverages,152224240,2021-12-26,161572466.0,163231952.0,117946581.0,159140981.7142857,4720393.841468296,12,51,4,False
Louisiana,2022-01-02,Beverages,148960742,2022-01-02,152224240.0,162728719.0,121498262.0,157568451.42857143,4924721.075453827,1,52,1,False
Louisiana,2022-01-09,Beverages,155342817,2022-01-09,148960742.0,162507492.0,121378724.0,155601597.57142857,5212003.251117564,1,1,1,False
Louisiana,2022-01-16,Beverages,156687248,2022-01-16,155342817.0,149328484.0,127441197.0,154578072.57142857,4394756.791155079,1,2,1,False
Louisiana,2022-01-23,Beverages,149990486,2022-01-23,156687248.0,155559149.0,113377115.0,155629324.57142857,3861009.0505778445,1,3,1,False
Louisiana,2022-01-30,Beverages,149359134,2022-01-30,149990486.0,159058610.0,125522125.0,154833801.2857143,4337762.934929249,1,4,1,False
Louisiana,2022-02-06,Beverages,157396925,2022-02-06,149359134.0,161572466.0,117870621.0,153448161.85714287,4316021.775934947,2,5,1,False
Louisiana,2022-02-13,Beverages,157276015,2022-02-13,157396925.0,152224240.0,122116303.0,152851656.0,3327246.516735866,2,6,1,False
Louisiana,2022-02-20,Beverages,148218415,2022-02-20,157276015.0,148960742.0,118351246.0,153573338.14285713,3645535.6572605283,2,7,1,False
Louisiana,2022-02-27,Beverages,166316041,2022-02-27,148218415.0,155342817.0,120506481.0,153467291.42857143,3786252.3677875344,2,8,1,False
Louisiana,2022-03-06,Beverages,167521896,2022-03-06,166316041.0,156687248.0,128188335.0,155034894.85714287,5912710.941732108,3,9,1,False
Louisiana,2022-03-13,Beverages,165907039,2022-03-13,167521896.0,149990486.0,127627599.0,156582701.7142857,7378985.982671318,3,10,1,False
Louisiana,2022-03-20,Beverages,167508573,2022-03-20,165907039.0,149359134.0,130957347.0,158856495.0,7449266.937838125,3,11,1,False
Louisiana,2022-03-27,Beverages,164240358,2022-03-27,167508573.0,157396925.0,128868690.0,161449272.0,6824767.76297526,3,12,1,False
Louisiana,2022-04-03,Beverages,171748523,2022-04-03,164240358.0,157276015.0,120514382.0,162426905.2857143,6662479.826733876,4,13,2,False
Louisiana,2022-04-10,Beverages,174670882,2022-04-10,171748523.0,148218415.0,121134945.0,164494406.42857143,6981193.321419766,4,14,2,False
Louisiana,2022-04-17,Beverages,169258764,2022-04-17,174670882.0,166316041.0,115984166.0,168273330.2857143,3377452.9875886855,4,15,2,False
Louisiana,2022-04-24,Beverages,166594559,2022-04-24,169258764.0,167521896.0,113668155.0,168693719.2857143,3289666.302261247,4,16,2,False
Louisiana,2022-05-01,Beverages,174211278,2022-05-01,166594559.0,165907039.0,173218605.0,168561242.57142857,3352265.4215367166,5,17,2,False
Louisiana,2022-05-08,Beverages,180020154,2022-05-08,174211278.0,167508573.0,177059756.0,169747562.42857143,3658461.900002279,5,18,2,False
Louisiana,2022-05-15,Beverages,181429033,2022-05-15,180020154.0,164240358.0,168011334.0,171534931.14285713,4954661.006176044,5,19,2,False
Louisiana,2022-05-22,Beverages,178706788,2022-05-22,181429033.0,171748523.0,163730358.0,173990456.14285713,4990217.470876536,5,20,2,False
Louisiana,2022-05-29,Beverages,179804432,2022-05-29,178706788.0,174670882.0,164478871.0,174984494.0,5135543.31506154,5,21,2,False
Louisiana,2022-06-05,Beverages,179757689,2022-06-05,179804432.0,169258764.0,163231952.0,175717858.2857143,5398218.272124361,6,22,2,False
Louisiana,2022-06-12,Beverages,186536877,2022-06-12,179757689.0,166594559.0,162728719.0,177217704.7142857,4823141.857422175,6,23,2,False
Louisiana,2022-06-19,Beverages,187019146,2022-06-19,186536877.0,174211278.0,162507492.0,180066607.2857143,3381058.7486158917,6,24,2,False
Louisiana,2022-06-26,Beverages,179657907,2022-06-26,187019146.0,180020154.0,149328484.0,181896302.7142857,3176685.6904482,6,25,2,False
Louisiana,2022-07-03,Beverages,186831003,2022-07-03,179657907.0,181429033.0,155559149.0,181844553.14285713,3209607.4321570443,7,26,3,False
Louisiana,2022-07-10,Beverages,185262751,2022-07-10,186831003.0,178706788.0,159058610.0,182616263.14285713,3637784.4513204303,7,27,3,False
Louisiana,2022-07-17,Beverages,175186925,2022-07-17,185262751.0,179804432.0,161572466.0,183552829.2857143,3342670.854819951,7,28,3,False
Louisiana,2022-07-24,Beverages,179277668,2022-07-24,175186925.0,179757689.0,152224240.0,182893185.42857143,4327752.654734995,7,29,3,False
Louisiana,2022-07-31,Beverages,181707227,2022-07-31,179277668.0,186536877.0,148960742.0,182824611.0,4380375.2699789675,7,30,3,False
Louisiana,2022-08-07,Beverages,190762050,2022-08-07,181707227.0,187019146.0,155342817.0,182134661.0,4113552.92508116,8,31,3,False
Louisiana,2022-08-14,Beverages,190112553,2022-08-14,190762050.0,179657907.0,156687248.0,182669361.57142857,4884692.386960333,8,32,3,False
Louisiana,2022-08-21,Beverages,183999611,2022-08-21,190112553.0,186831003.0,149990486.0,184162882.42857143,5314932.416693379,8,33,3,False
Louisiana,2022-08-28,Beverages,189354774,2022-08-28,183999611.0,185262751.0,149359134.0,183758397.85714287,5203049.682008892,8,34,3,False
Louisiana,2022-09-04,Beverages,184547199,2022-09-04,189354774.0,175186925.0,157396925.0,184342972.57142857,5557059.041461305,9,35,3,False
Louisiana,2022-09-11,Beverages,187018948,2022-09-11,184547199.0,179277668.0,157276015.0,185680154.57142857,4137950.626785424,9,36,3,False
Louisiana,2022-09-18,Beverages,179685597,2022-09-18,187018948.0,181707227.0,148218415.0,186786051.7142857,3209315.054671712,9,37,3,False
Louisiana,2022-09-25,Beverages,185329803,2022-09-25,179685597.0,190762050.0,166316041.0,186497247.42857143,3705903.843946716,9,38,3,False
Louisiana,2022-10-02,Beverages,186352065,2022-10-02,185329803.0,190112553.0,167521896.0,185721212.14285713,3275337.131434616,10,39,4,False
Louisiana,2022-10-09,Beverages,190158068,2022-10-09,186352065.0,183999611.0,165907039.0,185183999.57142857,2782310.2591533503,10,40,4,False
Louisiana,2022-10-16,Beverages,183986892,2022-10-16,190158068.0,189354774.0,167508573.0,186063779.14285713,3209567.1366174845,10,41,4,False
Louisiana,2022-10-23,Beverages,175022139,2022-10-23,183986892.0,184547199.0,164240358.0,185296938.85714287,2963486.2027939935,10,42,4,False
Louisiana,2022-10-30,Beverages,171403891,2022-10-30,175022139.0,187018948.0,171748523.0,183936216.0,4683164.203709717,10,43,4,False
Louisiana,2022-11-06,Beverages,174802411,2022-11-06,171403891.0,179685597.0,174670882.0,181705493.57142857,6167278.447706869,11,44,4,False
Louisiana,2022-11-13,Beverages,172481938,2022-11-13,174802411.0,185329803.0,169258764.0,181007895.57142857,6616141.842950844,11,45,4,False
Louisiana,2022-11-20,Beverages,173115456,2022-11-20,172481938.0,186352065.0,166594559.0,179172486.2857143,6936912.73620827,11,46,4,False
Louisiana,2022-11-27,Beverages,162599691,2022-11-27,173115456.0,190158068.0,174211278.0,177281542.14285713,6513248.972846305,11,47,4,False
Louisiana,2022-12-04,Beverages,165763269,2022-12-04,162599691.0,183986892.0,180020154.0,173344631.14285713,5833570.856368503,12,48,4,False
Louisiana,2022-12-11,Beverages,171279354,2022-12-11,165763269.0,175022139.0,181429033.0,170741256.42857143,4391391.888402866,12,49,4,False
Louisiana,2022-12-18,Beverages,171487542,2022-12-18,171279354.0,171403891.0,178706788.0,170206572.85714287,4052382.840076815,12,50,4,False
Louisiana,2022-12-25,Beverages,168922814,2022-12-25,171487542.0,174802411.0,179804432.0,170218523.0,4056017.722315824,12,51,4,False
Louisiana,2023-01-01,Beverages,154640918,2023-01-01,168922814.0,172481938.0,179757689.0,169378580.57142857,3603317.280727385,1,52,1,False
Louisiana,2023-01-08,Beverages,161935636,2023-01-08,154640918.0,173115456.0,186536877.0,166829863.42857143,6011696.043058686,1,1,1,False
Louisiana,2023-01-15,Beverages,163716219,2023-01-15,161935636.0,162599691.0,187019146.0,165232746.2857143,5600672.551086103,1,2,1,False
Louisiana,2023-01-22,Beverages,156680224,2023-01-22,163716219.0,165763269.0,179657907.0,165392250.2857143,5538972.511215421,1,3,1,False
Louisiana,2023-01-29,Beverages,155106852,2023-01-29,156680224.0,171279354.0,186831003.0,164094672.42857143,6310278.51331461,1,4,1,False
Louisiana,2023-02-05,Beverages,164619111,2023-02-05,155106852.0,171487542.0,185262751.0,161784315.0,6216732.157749124,2,5,1,False
Louisiana,2023-02-12,Beverages,171534051,2023-02-12,164619111.0,168922814.0,175186925.0,160803110.57142857,5038117.991612946,2,6,1,False
Louisiana,2023-02-19,Beverages,165177666,2023-02-19,171534051.0,154640918.0,179277668.0,161176144.42857143,5681144.869345901,2,7,1,False
Louisiana,2023-02-26,Beverages,172155748,2023-02-26,165177666.0,161935636.0,181707227.0,162681394.14285713,5118180.517707297,2,8,1,False
Louisiana,2023-03-05,Beverages,180681856,2023-03-05,172155748.0,163716219.0,190762050.0,164141410.14285713,6066960.894217981,3,9,1,False
Louisiana,2023-03-12,Beverages,198036327,2023-03-12,180681856.0,156680224.0,190112553.0,166565072.57142857,8366110.942497293,3,10,1,False
Louisiana,2023-03-19,Beverages,184514764,2023-03-19,198036327.0,155106852.0,183999611.0,172473087.2857143,12752253.834930373,3,11,1,False
Louisiana,2023-03-26,Beverages,169522981,2023-03-26,184514764.0,164619111.0,189354774.0,176674217.57142857,11072547.941664556,3,12,1,False
Louisiana,2023-04-02,Beverages,176985211,2023-04-02,169522981.0,171534051.0,184547199.0,177374770.42857143,10423794.177304821,4,13,2,False
Louisiana,2023-04-09,Beverages,181956635,2023-04-09,176985211.0,165177666.0,187018948.0,178153507.57142857,10158607.382743632,4,14,2,False
Louisiana,2023-04-16,Beverages,173702708,2023-04-16,181956635.0,172155748.0,179685597.0,180550503.14285713,8687045.585748646,4,15,2,False
Louisiana,2023-04-23,Beverages,177272792,2023-04-23,173702708.0,180681856.0,185329803.0,180771497.42857143,8488074.341197832,4,16,2,False
Louisiana,2023-04-30,Beverages,181174167,2023-04-30,177272792.0,198036327.0,186352065.0,180284488.2857143,8576583.57643917,4,17,2,False
Louisiana,2023-05-07,Beverages,193168731,2023-05-07,181174167.0,184514764.0,190158068.0,177875608.2857143,4780157.370412643,5,18,2,False
Maine,2020-05-03,Beverages,27783408,2020-05-03,25890806.0,28773986.0,26536448.0,26781126.285714287,1324946.0311071877,5,18,2,False
Maine,2020-05-10,Beverages,28044139,2020-05-10,27783408.0,28465733.0,26810547.0,26639615.14285714,1145255.7335451853,5,19,2,False
Maine,2020-05-17,Beverages,29233513,2020-05-17,28044139.0,25032203.0,26272241.0,26579387.42857143,1055182.0466263462,5,20,2,False
Maine,2020-05-24,Beverages,31587575,2020-05-24,29233513.0,26134163.0,24846763.0,27179574.57142857,1190611.7700214577,5,21,2,False
Maine,2020-05-31,Beverages,30695406,2020-05-31,31587575.0,25833008.0,24844075.0,27958633.42857143,1852101.054507404,5,22,2,False
Maine,2020-06-07,Beverages,31030852,2020-06-07,30695406.0,27337985.0,24804826.0,28653261.714285713,1836379.5775804871,6,23,2,False
Maine,2020-06-14,Beverages,31735652,2020-06-14,31030852.0,25890806.0,25124019.0,29180814.14285714,1911649.6783077924,6,24,2,False
Maine,2020-06-21,Beverages,33461790,2020-06-21,31735652.0,27783408.0,25092646.0,30015792.14285714,1530805.4145660168,6,25,2,False
Maine,2020-06-28,Beverages,32666217,2020-06-28,33461790.0,28044139.0,25031693.0,30826989.57142857,1633953.5713877655,6,26,2,False
Maine,2020-07-05,Beverages,35955266,2020-07-05,32666217.0,29233513.0,24713978.0,31487286.42857143,1269149.69106952,7,27,3,False
Maine,2020-07-12,Beverages,32885624,2020-07-12,35955266.0,31587575.0,25869599.0,32447536.85714286,1677752.201725189,7,28,3,False
Maine,2020-07-19,Beverages,34398251,2020-07-19,32885624.0,30695406.0,26726615.0,32632972.42857143,1643847.7790013675,7,29,3,False
Maine,2020-07-26,Beverages,34256704,2020-07-26,34398251.0,31030852.0,25243165.0,33161950.285714287,1526853.4591429506,7,30,3,False
Maine,2020-08-02,Beverages,35887496,2020-08-02,34256704.0,31735652.0,25024726.0,33622786.28571428,1281142.7632710016,8,31,3,False
Maine,2020-08-09,Beverages,34201022,2020-08-09,35887496.0,33461790.0,24355262.0,34215906.85714286,1230236.7746012206,8,32,3,False
Maine,2020-08-16,Beverages,34846874,2020-08-16,34201022.0,32666217.0,26100870.0,34321511.428571425,1192107.4194927057,8,33,3,False
Maine,2020-08-23,Beverages,32438671,2020-08-23,34846874.0,35955266.0,23671917.0,34633033.85714286,985938.5172762839,8,34,3,False
Maine,2020-08-30,Beverages,31354861,2020-08-30,32438671.0,32885624.0,24839107.0,34130663.14285714,1076025.7223521906,8,35,3,False
Maine,2020-09-06,Beverages,30068749,2020-09-06,31354861.0,34398251.0,24780924.0,33911982.71428572,1410421.7528460054,9,36,3,False
Maine,2020-09-13,Beverages,29549898,2020-09-13,30068749.0,34256704.0,25099315.0,33293482.42857143,1919122.4541902824,9,37,3,False
Maine,2020-09-20,Beverages,29477979,2020-09-20,29549898.0,35887496.0,25238852.0,32621081.57142857,2258412.3737267987,9,38,3,False
Maine,2020-09-27,Beverages,28839967,2020-09-27,29477979.0,34201022.0,25700047.0,31705436.285714287,2036936.4840089015,9,39,3,False
Maine,2020-10-04,Beverages,28196622,2020-10-04,28839967.0,34846874.0,26842940.0,30939571.285714287,1961081.824680998,10,40,4,False
Maine,2020-10-11,Beverages,28329169,2020-10-11,28196622.0,32438671.0,28773986.0,29989535.285714287,1355395.0892387223,10,41,4,False
Maine,2020-10-18,Beverages,28172232,2020-10-18,28329169.0,31354861.0,28465733.0,29402463.57142857,1014582.8845446002,10,42,4,False
Maine,2020-10-25,Beverages,26759991,2020-10-25,28172232.0,30068749.0,25032203.0,28947802.285714287,703079.4320531798,10,43,4,False
Maine,2020-11-01,Beverages,26208036,2020-11-01,26759991.0,29549898.0,26134163.0,28475122.57142857,880442.9659459476,11,44,4,False
Maine,2020-11-08,Beverages,26444945,2020-11-08,26208036.0,29477979.0,25833008.0,27997713.714285713,1056636.4083617716,11,45,4,False
Maine,2020-11-15,Beverages,27075404,2020-11-15,26444945.0,28839967.0,27337985.0,27564423.14285714,979874.9063953414,11,46,4,False
Maine,2020-11-22,Beverages,26885825,2020-11-22,27075404.0,28196622.0,25890806.0,27312342.714285713,835669.074846925,11,47,4,False
Maine,2020-11-29,Beverages,26273516,2020-11-29,26885825.0,28329169.0,27783408.0,27125086.0,759972.89281827,11,48,4,False
Maine,2020-12-06,Beverages,25819043,2020-12-06,26273516.0,28172232.0,28044139.0,26831421.285714287,622735.2599421695,12,49,4,False
Maine,2020-12-13,Beverages,26552093,2020-12-13,25819043.0,26759991.0,29233513.0,26495251.42857143,405437.9712484553,12,50,4,False
Maine,2020-12-20,Beverages,27075289,2020-12-20,26552093.0,26208036.0,31587575.0,26465551.714285713,392360.8128227107,12,51,4,False
Maine,2020-12-27,Beverages,27093729,2020-12-27,27075289.0,26444945.0,30695406.0,26589445.0,426890.3242959167,12,52,4,False
Maine,2021-01-03,Beverages,26270827,2021-01-03,27093729.0,27075404.0,31030852.0,26682128.42857143,454962.7959633648,1,53,1,False
Maine,2021-01-10,Beverages,26118467,2021-01-10,26270827.0,26885825.0,31735652.0,26567188.85714286,442551.60707574355,1,1,1,False
Maine,2021-01-17,Beverages,27089363,2021-01-17,26118467.0,26273516.0,33461790.0,26457566.285714287,445078.81017287547,1,2,1,False
Maine,2021-01-24,Beverages,26264301,2021-01-24,27089363.0,25819043.0,32666217.0,26574115.85714286,486514.130342911,1,3,1,False
Maine,2021-01-31,Beverages,26116338,2021-01-31,26264301.0,26552093.0,35955266.0,26637724.14285714,406096.42085082515,1,4,1,False
Maine,2021-02-07,Beverages,26379036,2021-02-07,26116338.0,27075289.0,32885624.0,26575473.42857143,445899.55283482635,2,5,1,False
Maine,2021-02-14,Beverages,27211331,2021-02-14,26379036.0,27093729.0,34398251.0,26476008.714285713,398444.17617855355,2,6,1,False
Maine,2021-02-21,Beverages,26945072,2021-02-21,27211331.0,26270827.0,34256704.0,26492809.0,425684.1713220095,2,7,1,False
Maine,2021-02-28,Beverages,27028028,2021-02-28,26945072.0,26118467.0,35887496.0,26589129.714285713,440579.35053740715,2,8,1,False
Maine,2021-03-07,Beverages,27970334,2021-03-07,27028028.0,27089363.0,34201022.0,26719067.0,416051.7783524651,3,9,1,False
Maine,2021-03-14,Beverages,30657060,2021-03-14,27970334.0,26264301.0,34846874.0,26844920.0,601114.5256106935,3,10,1,False
Maine,2021-03-21,Beverages,30670986,2021-03-21,30657060.0,26116338.0,32438671.0,27472457.0,1412598.6621499304,3,11,1,False
Maine,2021-03-28,Beverages,26865895,2021-03-28,30670986.0,26379036.0,31354861.0,28123121.0,1664590.3999637153,3,12,1,False
Maine,2021-04-04,Beverages,28185004,2021-04-04,26865895.0,27211331.0,30068749.0,28192672.285714287,1599149.392467251,4,13,2,False
Maine,2021-04-11,Beverages,27250032,2021-04-11,28185004.0,26945072.0,29549898.0,28331768.42857143,1549310.6937719258,4,14,2,False
Maine,2021-04-18,Beverages,28809628,2021-04-18,27250032.0,27028028.0,29477979.0,28375334.14285714,1513580.7258904425,4,15,2,False
Maine,2021-04-25,Beverages,28539333,2021-04-25,28809628.0,27970334.0,28839967.0,28629848.42857143,1412010.7727660185,4,16,2,False
Maine,2021-05-02,Beverages,29137324,2021-05-02,28539333.0,30657060.0,28196622.0,28711134.0,1387876.2454766715,5,17,2,False
Maine,2021-05-09,Beverages,29339259,2021-05-09,29137324.0,30670986.0,28329169.0,28494028.85714286,1167932.8947545837,5,18,2,False
Maine,2021-05-16,Beverages,31277692,2021-05-16,29339259.0,26865895.0,28172232.0,28303782.14285714,867705.1534307176,5,19,2,False
Maine,2021-05-23,Beverages,33579851,2021-05-23,31277692.0,28185004.0,26759991.0,28934038.85714286,1150555.229600711,5,20,2,False
Maine,2021-05-30,Beverages,33587975,2021-05-30,33579851.0,27250032.0,26208036.0,29704731.285714287,1932104.3623036663,5,21,2,False
Maine,2021-06-06,Beverages,32751826,2021-06-06,33587975.0,28809628.0,26444945.0,30610151.714285713,2051017.8992657003,6,22,2,False
Maine,2021-06-13,Beverages,34354336,2021-06-13,32751826.0,28539333.0,27075404.0,31173322.85714286,2020306.621322295,6,23,2,False
Maine,2021-06-20,Beverages,35928123,2021-06-20,34354336.0,29137324.0,26885825.0,32004037.57142857,1961115.0400033037,6,24,2,False
Maine,2021-06-27,Beverages,34567762,2021-06-27,35928123.0,29339259.0,26273516.0,32974151.714285713,1982579.668721664,6,25,2,False
Maine,2021-07-04,Beverages,36680245,2021-07-04,34567762.0,31277692.0,25819043.0,33721080.71428572,1359421.2624115453,7,26,3,False
Maine,2021-07-11,Beverages,33697577,2021-07-11,36680245.0,33579851.0,26552093.0,34492874.0,1284691.9536552243,7,27,3,False
Maine,2021-07-18,Beverages,35155857,2021-07-18,33697577.0,33587975.0,27075289.0,34509692.0,1273349.9302636595,7,28,3,False
Maine,2021-07-25,Beverages,35574007,2021-07-25,35155857.0,32751826.0,27093729.0,34733675.14285714,1228630.3730730363,7,29,3,False
Maine,2021-08-01,Beverages,36198814,2021-08-01,35574007.0,34354336.0,26270827.0,35136843.85714286,941681.2226237642,8,30,3,False
Maine,2021-08-08,Beverages,36088447,2021-08-08,36198814.0,35928123.0,26118467.0,35400340.71428572,943912.2656759621,8,31,3,False
Maine,2021-08-15,Beverages,37660012,2021-08-15,36088447.0,34567762.0,27089363.0,35423244.14285714,958276.4816584605,8,32,3,False
Maine,2021-08-22,Beverages,35352231,2021-08-22,37660012.0,36680245.0,26264301.0,35864994.14285714,1154700.7045486504,8,33,3,False
Maine,2021-08-29,Beverages,33851395,2021-08-29,35352231.0,33697577.0,26116338.0,35675277.85714286,1113532.488251491,8,34,3,False
Maine,2021-09-05,Beverages,33063174,2021-09-05,33851395.0,35155857.0,26379036.0,35697251.85714286,1075144.5229260244,9,35,3,False
Maine,2021-09-12,Beverages,31746175,2021-09-12,33063174.0,35574007.0,27211331.0,35398297.14285714,1419818.4257170823,9,36,3,False
Maine,2021-09-19,Beverages,31713373,2021-09-19,31746175.0,36198814.0,26945072.0,34851464.0,1902071.3267234194,9,37,3,False
Maine,2021-09-26,Beverages,31024787,2021-09-26,31713373.0,36088447.0,27028028.0,34210686.71428572,2086802.8079944977,9,38,3,False
Maine,2021-10-03,Beverages,43463387,2021-10-03,31024787.0,37660012.0,27970334.0,33487306.714285713,2185806.3123008376,10,39,4,False
Maine,2021-10-10,Beverages,43838076,2021-10-10,43463387.0,35352231.0,30657060.0,34316360.28571428,3977501.8064062637,10,40,4,False
Maine,2021-10-17,Beverages,43846988,2021-10-17,43838076.0,33851395.0,30670986.0,35528623.85714286,5210519.655746189,10,41,4,False
Maine,2021-10-24,Beverages,41226743,2021-10-24,43846988.0,33063174.0,26865895.0,36956565.71428572,5881636.8630642025,10,42,4,False
Maine,2021-10-31,Beverages,40259829,2021-10-31,41226743.0,31746175.0,28185004.0,38122789.85714286,5802843.257201794,10,43,4,False
Maine,2021-11-07,Beverages,41105433,2021-11-07,40259829.0,31713373.0,27250032.0,39339026.14285714,5199753.200414048,11,44,4,False
Maine,2021-11-14,Beverages,42309515,2021-11-14,41105433.0,31024787.0,28809628.0,40680749.0,4168420.3785922853,11,45,4,False
Maine,2021-11-21,Beverages,41755769,2021-11-21,42309515.0,43463387.0,28539333.0,42292853.0,1355055.1152858858,11,46,4,False
Maine,2021-11-28,Beverages,39584633,2021-11-28,41755769.0,43838076.0,29137324.0,42048907.571428575,1273631.7213437832,11,47,4,False
Maine,2021-12-05,Beverages,40174636,2021-12-05,39584633.0,43846988.0,29339259.0,41441272.85714286,1289626.203144136,12,48,4,False
Maine,2021-12-12,Beverages,41096061,2021-12-12,40174636.0,41226743.0,31277692.0,40916651.14285714,889000.8986379863,12,49,4,False
Maine,2021-12-19,Beverages,43594914,2021-12-19,41096061.0,40259829.0,33579851.0,40897982.28571428,883649.0445742328,12,50,4,False
Maine,2021-12-26,Beverages,41576613,2021-12-26,43594914.0,41105433.0,33587975.0,41374423.0,1238840.4840059788,12,51,4,False
Maine,2022-01-02,Beverages,40280283,2022-01-02,41576613.0,42309515.0,32751826.0,41441734.428571425,1235191.6907780864,1,52,1,False
Maine,2022-01-09,Beverages,39650663,2022-01-09,40280283.0,41755769.0,34354336.0,41151844.14285714,1235635.247109356,1,1,1,False
Maine,2022-01-16,Beverages,43350787,2022-01-16,39650663.0,39584633.0,35928123.0,40851114.71428572,1306211.1792414233,1,2,1,False
Maine,2022-01-23,Beverages,39822332,2022-01-23,43350787.0,40174636.0,34567762.0,41389136.71428572,1442291.1044279775,1,3,1,False
Maine,2022-01-30,Beverages,41230769,2022-01-30,39822332.0,41096061.0,36680245.0,41338807.571428575,1489178.070458765,1,4,1,False
Maine,2022-02-06,Beverages,40438798,2022-02-06,41230769.0,43594914.0,33697577.0,41358051.571428575,1486785.2853422163,2,5,1,False
Maine,2022-02-13,Beverages,41681664,2022-02-13,40438798.0,41576613.0,35155857.0,40907177.85714286,1188767.5042163918,2,6,1,False
Maine,2022-02-20,Beverages,41618979,2022-02-20,41681664.0,40280283.0,35574007.0,40922185.14285714,1197753.021177573,2,7,1,False
Maine,2022-02-27,Beverages,41625884,2022-02-27,41618979.0,39650663.0,36198814.0,41113427.428571425,1186817.721809644,2,8,1,False
Maine,2022-03-06,Beverages,42524511,2022-03-06,41625884.0,43350787.0,36088447.0,41395601.85714286,1029932.6774626665,3,9,1,False
Maine,2022-03-13,Beverages,42707838,2022-03-13,42524511.0,39822332.0,37660012.0,41277562.428571425,826307.0169506614,3,10,1,False
Maine,2022-03-20,Beverages,42695172,2022-03-20,42707838.0,41230769.0,35352231.0,41689777.571428575,708925.378484064,3,11,1,False
Maine,2022-03-27,Beverages,42142863,2022-03-27,42695172.0,40438798.0,33851395.0,41898978.0,757043.2804165279,3,12,1,False
Maine,2022-04-03,Beverages,42883243,2022-04-03,42142863.0,41681664.0,33063174.0,42142415.85714286,466647.929042632,4,13,2,False
Maine,2022-04-10,Beverages,42469419,2022-04-10,42883243.0,41618979.0,31746175.0,42314070.0,486180.2423221217,4,14,2,False
Maine,2022-04-17,Beverages,45834936,2022-04-17,42469419.0,41625884.0,31713373.0,42435561.428571425,395015.2328303168,4,15,2,False
Maine,2022-04-24,Beverages,41993771,2022-04-24,45834936.0,42524511.0,31024787.0,43036854.571428575,1162605.1456093364,4,16,2,False
Maine,2022-05-01,Beverages,44706505,2022-05-01,41993771.0,42707838.0,43463387.0,42961034.571428575,1209890.300055664,5,17,2,False
Maine,2022-05-08,Beverages,46270969,2022-05-08,44706505.0,42695172.0,43838076.0,43246558.428571425,1344764.0881491958,5,18,2,False
Maine,2022-05-15,Beverages,49489860,2022-05-15,46270969.0,42142863.0,43846988.0,43757386.571428575,1676524.7959326801,5,19,2,False
Maine,2022-05-22,Beverages,49955615,2022-05-22,49489860.0,42883243.0,41226743.0,44806957.571428575,2455853.590270949,5,20,2,False
Maine,2022-05-29,Beverages,50620252,2022-05-29,49955615.0,42469419.0,40259829.0,45817296.428571425,2875537.746445009,5,21,2,False
Maine,2022-06-05,Beverages,50254515,2022-06-05,50620252.0,45834936.0,41105433.0,46981701.14285714,2933799.3867637627,6,22,2,False
Maine,2022-06-12,Beverages,52791108,2022-06-12,50254515.0,41993771.0,42309515.0,47613069.571428575,3090448.6381402826,6,23,2,False
Maine,2022-06-19,Beverages,53278673,2022-06-19,52791108.0,44706505.0,41755769.0,49155546.28571428,2547745.0570198135,6,24,2,False
Maine,2022-06-26,Beverages,53405147,2022-06-26,53278673.0,46270969.0,39584633.0,50380141.71428572,2142955.2999569937,6,25,2,False
Maine,2022-07-03,Beverages,60165439,2022-07-03,53405147.0,49489860.0,40174636.0,51399310.0,1564801.70098414,7,26,3,False
Maine,2022-07-10,Beverages,54669440,2022-07-10,60165439.0,49955615.0,41096061.0,52924392.71428572,3252649.642721233,7,27,3,False
Maine,2022-07-17,Beverages,57223096,2022-07-17,54669440.0,50620252.0,43594914.0,53597796.28571428,3049949.6532263476,7,28,3,False
Maine,2022-07-24,Beverages,56848076,2022-07-24,57223096.0,50254515.0,41576613.0,54541059.71428572,3003905.956910864,7,29,3,False
Maine,2022-07-31,Beverages,56910943,2022-07-31,56848076.0,52791108.0,40280283.0,55482997.0,2504318.971844896,7,30,3,False
Maine,2022-08-07,Beverages,56130667,2022-08-07,56910943.0,53278673.0,39650663.0,56071544.85714286,2276254.376908192,8,31,3,False
Maine,2022-08-14,Beverages,55607960,2022-08-14,56130667.0,53405147.0,43350787.0,56478972.571428575,1975229.4166766251,8,32,3,False
Maine,2022-08-21,Beverages,54262439,2022-08-21,55607960.0,60165439.0,39822332.0,56793660.14285714,1600347.289196422,8,33,3,False
Maine,2022-08-28,Beverages,52309755,2022-08-28,54262439.0,54669440.0,41230769.0,55950374.428571425,1068246.3843284354,8,34,3,False
Maine,2022-09-04,Beverages,50340572,2022-09-04,52309755.0,57223096.0,40438798.0,55613276.571428575,1639073.1012974172,9,35,3,False
Maine,2022-09-11,Beverages,48100551,2022-09-11,50340572.0,56848076.0,41681664.0,54630058.85714286,2306785.01719673,9,36,3,False
Maine,2022-09-18,Beverages,49097846,2022-09-18,48100551.0,56910943.0,41618979.0,53380412.428571425,3024480.1027695504,9,37,3,False
Maine,2022-09-25,Beverages,46571182,2022-09-25,49097846.0,56130667.0,41625884.0,52264255.71428572,2956529.038000176,9,38,3,False
Maine,2022-10-02,Beverages,45716879,2022-10-02,46571182.0,55607960.0,42524511.0,50898615.0,3061152.393419445,10,39,4,False
Maine,2022-10-09,Beverages,46496664,2022-10-09,45716879.0,54262439.0,42707838.0,49485603.428571425,2835762.018221253,10,40,4,False
Maine,2022-10-16,Beverages,46908089,2022-10-16,46496664.0,52309755.0,42695172.0,48376207.0,2197111.7843017625,10,41,4,False
Maine,2022-10-23,Beverages,44300277,2022-10-23,46908089.0,50340572.0,42142863.0,47604540.428571425,1526217.8678225318,10,42,4,False
Maine,2022-10-30,Beverages,43331366,2022-10-30,44300277.0,48100551.0,42883243.0,46741641.14285714,1440511.2517518974,10,43,4,False
Maine,2022-11-06,Beverages,43840591,2022-11-06,43331366.0,49097846.0,42469419.0,46060329.0,1734504.686938743,11,44,4,False
Maine,2022-11-13,Beverages,44716273,2022-11-13,43840591.0,46571182.0,45834936.0,45309292.571428575,1352874.337272668,11,45,4,False
Maine,2022-11-20,Beverages,44409591,2022-11-20,44716273.0,45716879.0,41993771.0,45044305.571428575,1258097.3910820396,11,46,4,False
Maine,2022-11-27,Beverages,43874865,2022-11-27,44409591.0,46496664.0,44706505.0,44857550.14285714,1241314.2665158282,11,47,4,False
Maine,2022-12-04,Beverages,42473739,2022-12-04,43874865.0,46908089.0,46270969.0,44483007.428571425,1074578.1828456356,12,48,4,False
Maine,2022-12-11,Beverages,44077650,2022-12-11,42473739.0,44300277.0,49489860.0,43849528.85714286,700010.3248315186,12,49,4,False
Maine,2022-12-18,Beverages,46588231,2022-12-18,44077650.0,43331366.0,49955615.0,43817725.0,683675.5866345213,12,50,4,False
Maine,2022-12-25,Beverages,47018806,2022-12-25,46588231.0,43840591.0,50620252.0,44282991.428571425,1146157.2209894443,12,51,4,False
Maine,2023-01-01,Beverages,42599536,2023-01-01,47018806.0,44716273.0,50254515.0,44737022.14285714,1465882.9923106092,1,52,1,False
Maine,2023-01-08,Beverages,42122441,2023-01-08,42599536.0,44409591.0,52791108.0,44434631.14285714,1646208.8435393474,1,1,1,False
Maine,2023-01-15,Beverages,44353321,2023-01-15,42122441.0,43874865.0,53278673.0,44107895.428571425,1834912.514647676,1,2,1,False
Maine,2023-01-22,Beverages,43405432,2023-01-22,44353321.0,42473739.0,53405147.0,44176246.28571428,1833870.0377554398,1,3,1,False
Maine,2023-01-29,Beverages,43975211,2023-01-29,43405432.0,44077650.0,60165439.0,44309345.28571428,1736711.6466876331,1,4,1,False
Maine,2023-02-05,Beverages,42648132,2023-02-05,43975211.0,46588231.0,54669440.0,44294711.14285714,1739032.3793375439,2,5,1,False
Maine,2023-02-12,Beverages,46050376,2023-02-12,42648132.0,47018806.0,57223096.0,43731839.85714286,1530772.7396554456,2,6,1,False
Maine,2023-02-19,Beverages,45523131,2023-02-19,46050376.0,42599536.0,56848076.0,43593492.71428572,1244435.6243003695,2,7,1,False
Maine,2023-02-26,Beverages,44869121,2023-02-26,45523131.0,42122441.0,56910943.0,44011149.14285714,1328524.2015497726,2,8,1,False
Maine,2023-03-05,Beverages,46290151,2023-03-05,44869121.0,44353321.0,56130667.0,44403532.0,1098439.3468800127,3,9,1,False
Maine,2023-03-12,Beverages,48906544,2023-03-12,46290151.0,43405432.0,55607960.0,44680222.0,1279893.500332736,3,10,1,False
Maine,2023-03-19,Beverages,48532857,2023-03-19,48906544.0,43975211.0,54262439.0,45466095.14285714,1827583.2415002785,3,11,1,False
Maine,2023-03-26,Beverages,44174255,2023-03-26,48532857.0,42648132.0,52309755.0,46117187.428571425,1985492.6751554685,3,12,1,False
Maine,2023-04-02,Beverages,44473895,2023-04-02,44174255.0,46050376.0,50340572.0,46335205.0,1647647.1261860167,4,13,2,False
Maine,2023-04-09,Beverages,45983215,2023-04-09,44473895.0,45523131.0,48100551.0,46109993.428571425,1774078.9546178658,4,14,2,False
Maine,2023-04-16,Beverages,48286698,2023-04-16,45983215.0,44869121.0,49097846.0,46175719.71428572,1759582.686238478,4,15,2,False
Maine,2023-04-23,Beverages,45977852,2023-04-23,48286698.0,46290151.0,46571182.0,46663945.0,1802910.3544498591,4,16,2,False
Maine,2023-04-30,Beverages,47178282,2023-04-30,45977852.0,48906544.0,45716879.0,46619330.85714286,1815428.6751260983,4,17,2,False
Maine,2023-05-07,Beverages,49205689,2023-05-07,47178282.0,48532857.0,46496664.0,46372436.28571428,1591264.2249270384,5,18,2,False
Maryland,2020-05-03,Beverages,95277517,2020-05-03,93906193.0,111894147.0,97008034.0,98824599.57142857,6829502.316058662,5,18,2,False
Maryland,2020-05-10,Beverages,96078169,2020-05-10,95277517.0,106607340.0,93758115.0,96450795.28571428,4289835.3359689,5,19,2,False
Maryland,2020-05-17,Beverages,98558237,2020-05-17,96078169.0,92700910.0,90181316.0,94946628.0,1193112.7188833063,5,20,2,False
Maryland,2020-05-24,Beverages,105278232,2020-05-24,98558237.0,94743296.0,88416679.0,95783389.0,1366116.1399714595,5,21,2,False
Maryland,2020-05-31,Beverages,103364485,2020-05-31,105278232.0,95539930.0,88673878.0,97288379.85714285,3510783.0005903863,5,22,2,False
Maryland,2020-06-07,Beverages,104723816,2020-06-07,103364485.0,96380381.0,88525553.0,98406173.42857143,3989180.37529477,6,23,2,False
Maryland,2020-06-14,Beverages,105414880,2020-06-14,104723816.0,93906193.0,90307205.0,99598092.71428572,4428140.404238047,6,24,2,False
Maryland,2020-06-21,Beverages,104003906,2020-06-21,105414880.0,95277517.0,93588028.0,101242190.85714285,4136507.7251891713,6,25,2,False
Maryland,2020-06-28,Beverages,108601124,2020-06-28,104003906.0,96078169.0,89261853.0,102488817.85714285,3400547.3780416525,6,26,2,False
Maryland,2020-07-05,Beverages,115323226,2020-07-05,108601124.0,98558237.0,87415041.0,104277811.42857143,2798122.8124855873,7,27,3,False
Maryland,2020-07-12,Beverages,106991408,2020-07-12,115323226.0,105278232.0,90575816.0,106672809.85714285,3853420.8923833505,7,28,3,False
Maryland,2020-07-19,Beverages,112171286,2020-07-19,106991408.0,103364485.0,97500112.0,106917549.28571428,3811249.208006494,7,29,3,False
Maryland,2020-07-26,Beverages,108600663,2020-07-26,112171286.0,104723816.0,92797310.0,108175663.71428572,3883607.7467747726,7,30,3,False
Maryland,2020-08-02,Beverages,107791835,2020-08-02,108600663.0,105414880.0,88313854.0,108729499.0,3619295.5312953857,8,31,3,False
Maryland,2020-08-09,Beverages,105563907,2020-08-09,107791835.0,104003906.0,89531136.0,109069064.0,3397067.746856769,8,32,3,False
Maryland,2020-08-16,Beverages,104793631,2020-08-16,105563907.0,108601124.0,88445894.0,109291921.28571428,3095229.6794134695,8,33,3,False
Maryland,2020-08-23,Beverages,103139793,2020-08-23,104793631.0,115323226.0,85581663.0,108747993.71428572,3479522.577311363,8,34,3,False
Maryland,2020-08-30,Beverages,103695376,2020-08-30,103139793.0,106991408.0,87410693.0,107007503.28571428,2719312.6410683403,8,35,3,False
Maryland,2020-09-06,Beverages,103513800,2020-09-06,103695376.0,112171286.0,88660395.0,106536641.57142857,2956363.14944588,9,36,3,False
Maryland,2020-09-13,Beverages,100237643,2020-09-13,103513800.0,108600663.0,87373770.0,105299857.85714285,1995047.3369924864,9,37,3,False
Maryland,2020-09-20,Beverages,99489150,2020-09-20,100237643.0,107791835.0,88053306.0,104105140.71428572,2158066.54361192,9,38,3,False
Maryland,2020-09-27,Beverages,99204981,2020-09-27,99489150.0,105563907.0,90814110.0,102919042.85714285,2086302.850143783,9,39,3,False
Maryland,2020-10-04,Beverages,98860220,2020-10-04,99204981.0,104793631.0,95686987.0,102010624.85714285,2121017.3900773795,10,40,4,False
Maryland,2020-10-11,Beverages,97253304,2020-10-11,98860220.0,103139793.0,111894147.0,101162994.71428572,2022784.2531042972,10,41,4,False
Maryland,2020-10-18,Beverages,94137274,2020-10-18,97253304.0,103695376.0,106607340.0,100322067.71428572,2238284.911837527,10,42,4,False
Maryland,2020-10-25,Beverages,94352307,2020-10-25,94137274.0,103513800.0,92700910.0,98956624.57142857,2642803.0327420193,10,43,4,False
Maryland,2020-11-01,Beverages,92795122,2020-11-01,94352307.0,100237643.0,94743296.0,97647839.85714285,2309369.9048643988,11,44,4,False
Maryland,2020-11-08,Beverages,94532177,2020-11-08,92795122.0,99489150.0,95539930.0,96584622.57142857,2570744.7172323833,11,45,4,False
Maryland,2020-11-15,Beverages,95314038,2020-11-15,94532177.0,99204981.0,96380381.0,95876483.57142857,2346033.9220954115,11,46,4,False
Maryland,2020-11-22,Beverages,98100247,2020-11-22,95314038.0,98860220.0,93906193.0,95320634.57142857,1912432.97767026,11,47,4,False
Maryland,2020-11-29,Beverages,97386230,2020-11-29,98100247.0,97253304.0,95277517.0,95212067.0,1720335.145193597,11,48,4,False
Maryland,2020-12-06,Beverages,87783075,2020-12-06,97386230.0,94137274.0,96078169.0,95231056.42857143,1743341.7480777518,12,49,4,False
Maryland,2020-12-13,Beverages,94176748,2020-12-13,87783075.0,94352307.0,98558237.0,94323313.71428572,3157367.1822775165,12,50,4,False
Maryland,2020-12-20,Beverages,97236200,2020-12-20,94176748.0,92795122.0,105278232.0,94298233.85714285,3157734.508187996,12,51,4,False
Maryland,2020-12-27,Beverages,98295541,2020-12-27,97236200.0,94532177.0,103364485.0,94932673.57142857,3237144.1142167468,12,52,4,False
Maryland,2021-01-03,Beverages,91957431,2021-01-03,98295541.0,95314038.0,104723816.0,95470297.0,3432594.214610299,1,53,1,False
Maryland,2021-01-10,Beverages,91814739,2021-01-10,91957431.0,98100247.0,105414880.0,94990781.71428572,3648584.6099054883,1,1,1,False
Maryland,2021-01-17,Beverages,94368591,2021-01-17,91814739.0,97386230.0,104003906.0,94092852.0,3544809.407465735,1,2,1,False
Maryland,2021-01-24,Beverages,92456852,2021-01-24,94368591.0,87783075.0,108601124.0,93661760.71428572,3292600.6138376915,1,3,1,False
Maryland,2021-01-31,Beverages,93789248,2021-01-31,92456852.0,94176748.0,115323226.0,94329443.14285715,2380299.864667738,1,4,1,False
Maryland,2021-02-07,Beverages,91691006,2021-02-07,93789248.0,97236200.0,106991408.0,94274086.0,2387701.7106419704,2,5,1,False
Maryland,2021-02-14,Beverages,91850611,2021-02-14,91691006.0,98295541.0,112171286.0,93481915.42857143,2184794.192686067,2,6,1,False
Maryland,2021-02-21,Beverages,92005610,2021-02-21,91850611.0,91957431.0,108600663.0,92561211.14285715,997823.9162873087,2,7,1,False
Maryland,2021-02-28,Beverages,94576326,2021-02-28,92005610.0,91814739.0,107791835.0,92568093.85714285,993793.4926438307,2,8,1,False
Maryland,2021-03-07,Beverages,98503358,2021-03-07,94576326.0,94368591.0,105563907.0,92962606.28571428,1151976.6209736674,3,9,1,False
Maryland,2021-03-14,Beverages,116997061,2021-03-14,98503358.0,92456852.0,104793631.0,93553287.28571428,2254207.4686846198,3,10,1,False
Maryland,2021-03-21,Beverages,112804604,2021-03-21,116997061.0,93789248.0,103139793.0,97059031.42857143,8434172.16572585,3,11,1,False
Maryland,2021-03-28,Beverages,98218067,2021-03-28,112804604.0,91691006.0,103695376.0,99775510.85714285,9881610.405041141,3,12,1,False
Maryland,2021-04-04,Beverages,99821595,2021-04-04,98218067.0,91850611.0,103513800.0,100707948.14285715,9369432.875957947,4,13,2,False
Maryland,2021-04-11,Beverages,99364240,2021-04-11,99821595.0,92005610.0,100237643.0,101846660.14285715,8682992.015746104,4,14,2,False
Maryland,2021-04-18,Beverages,99378358,2021-04-18,99364240.0,94576326.0,99489150.0,102897893.0,7831629.64824095,4,15,2,False
Maryland,2021-04-25,Beverages,98801109,2021-04-25,99378358.0,98503358.0,99204981.0,103583897.57142857,7262284.115375362,4,16,2,False
Maryland,2021-05-02,Beverages,102050026,2021-05-02,98801109.0,116997061.0,98860220.0,103626433.42857143,7233216.169620033,5,17,2,False
Maryland,2021-05-09,Beverages,102307391,2021-05-09,102050026.0,112804604.0,97253304.0,101491142.71428572,4751406.209603099,5,18,2,False
Maryland,2021-05-16,Beverages,104297428,2021-05-16,102307391.0,98218067.0,94137274.0,99991540.85714285,1461957.6733926837,5,19,2,False
Maryland,2021-05-23,Beverages,109786682,2021-05-23,104297428.0,99821595.0,94352307.0,100860021.0,1892726.3754712427,5,20,2,False
Maryland,2021-05-30,Beverages,108404730,2021-05-30,109786682.0,99364240.0,92795122.0,102283604.85714285,3575665.8319025263,5,21,2,False
Maryland,2021-06-06,Beverages,110224578,2021-06-06,108404730.0,99378358.0,94532177.0,103575103.42857143,3905443.1779874964,6,22,2,False
Maryland,2021-06-13,Beverages,112928439,2021-06-13,110224578.0,98801109.0,95314038.0,105124563.42857143,4080694.2819304066,6,23,2,False
Maryland,2021-06-20,Beverages,110913679,2021-06-20,112928439.0,102050026.0,98100247.0,107142753.42857143,3945471.5932041747,6,24,2,False
Maryland,2021-06-27,Beverages,112115089,2021-06-27,110913679.0,102307391.0,97386230.0,108408989.57142857,3505663.822743501,6,25,2,False
Maryland,2021-07-04,Beverages,120566973,2021-07-04,112115089.0,104297428.0,87783075.0,109810089.28571428,2640125.9939804734,7,26,3,False
Maryland,2021-07-11,Beverages,114821638,2021-07-11,120566973.0,109786682.0,94176748.0,112134310.0,3709042.158587927,7,27,3,False
Maryland,2021-07-18,Beverages,117222485,2021-07-18,114821638.0,108404730.0,97236200.0,112853589.42857143,3672052.567665911,7,28,3,False
Maryland,2021-07-25,Beverages,115587895,2021-07-25,117222485.0,110224578.0,98295541.0,114113268.71428572,3434595.9503840744,7,29,3,False
Maryland,2021-08-01,Beverages,113493003,2021-08-01,115587895.0,112928439.0,91957431.0,114879456.85714285,3059375.3497854243,8,30,3,False
Maryland,2021-08-08,Beverages,109789879,2021-08-08,113493003.0,110913679.0,91814739.0,114960108.85714285,3013983.911216194,8,31,3,False
Maryland,2021-08-15,Beverages,111549136,2021-08-15,109789879.0,112115089.0,94368591.0,114799566.0,3246227.6401902973,8,32,3,False
Maryland,2021-08-22,Beverages,109293517,2021-08-22,111549136.0,120566973.0,92456852.0,114718715.57142857,3318327.4212495824,8,33,3,False
Maryland,2021-08-29,Beverages,111588540,2021-08-29,109293517.0,114821638.0,93789248.0,113108221.85714285,2781415.690015181,8,34,3,False
Maryland,2021-09-05,Beverages,110387783,2021-09-05,111588540.0,117222485.0,91691006.0,112646350.71428572,2726438.704996919,9,35,3,False
Maryland,2021-09-12,Beverages,107980698,2021-09-12,110387783.0,115587895.0,91850611.0,111669964.71428572,2053606.300316349,9,36,3,False
Maryland,2021-09-19,Beverages,107129225,2021-09-19,107980698.0,113493003.0,92005610.0,110583222.28571428,1669668.0285919793,9,37,3,False
Maryland,2021-09-26,Beverages,104892964,2021-09-26,107129225.0,109789879.0,94576326.0,109674111.14285715,1567182.6967041718,9,38,3,False
Maryland,2021-10-03,Beverages,153026721,2021-10-03,104892964.0,111549136.0,98503358.0,108974551.85714285,2287004.1126593538,10,39,4,False
Maryland,2021-10-10,Beverages,151554136,2021-10-10,153026721.0,109293517.0,116997061.0,114899921.14285715,15697169.12220099,10,40,4,False
Maryland,2021-10-17,Beverages,148289348,2021-10-17,151554136.0,111588540.0,112804604.0,120937152.42857143,19934787.961024072,10,41,4,False
Maryland,2021-10-24,Beverages,146769139,2021-10-24,148289348.0,110387783.0,98218067.0,126180125.0,21547605.488120224,10,42,4,False
Maryland,2021-10-31,Beverages,144129654,2021-10-31,146769139.0,107980698.0,99821595.0,131377461.57142857,21499230.536037896,10,43,4,False
Maryland,2021-11-07,Beverages,143534790,2021-11-07,144129654.0,107129225.0,99364240.0,136541598.14285713,19508423.51363466,11,44,4,False
Maryland,2021-11-14,Beverages,149358981,2021-11-14,143534790.0,104892964.0,99378358.0,141742393.14285713,15392620.0960223,11,45,4,False
Maryland,2021-11-21,Beverages,151367134,2021-11-21,149358981.0,153026721.0,98801109.0,148094681.2857143,3299357.163041781,11,46,4,False
Maryland,2021-11-28,Beverages,145305604,2021-11-28,151367134.0,151554136.0,102050026.0,147857597.42857143,2980670.431821075,11,47,4,False
Maryland,2021-12-05,Beverages,137448770,2021-12-05,145305604.0,148289348.0,102307391.0,146964950.0,2658176.3509485945,12,48,4,False
Maryland,2021-12-12,Beverages,146342295,2021-12-12,137448770.0,146769139.0,104297428.0,145416296.0,4165790.232651567,12,49,4,False
Maryland,2021-12-19,Beverages,152395983,2021-12-19,146342295.0,144129654.0,109786682.0,145355318.2857143,4148630.0635797153,12,50,4,False
Maryland,2021-12-26,Beverages,154213595,2021-12-26,152395983.0,143534790.0,108404730.0,146536222.42857143,4762725.575406973,12,51,4,False
Maryland,2022-01-02,Beverages,141611466,2022-01-02,154213595.0,149358981.0,110224578.0,148061766.0,5243054.657699873,1,52,1,False
Maryland,2022-01-09,Beverages,143613037,2022-01-09,141611466.0,151367134.0,112928439.0,146954978.14285713,5654026.413781158,1,1,1,False
Maryland,2022-01-16,Beverages,147214262,2022-01-16,143613037.0,145305604.0,110913679.0,145847250.0,5436492.075901865,1,2,1,False
Maryland,2022-01-23,Beverages,141914537,2022-01-23,147214262.0,137448770.0,112115089.0,146119915.42857143,5450334.70802701,1,3,1,False
Maryland,2022-01-30,Beverages,144339585,2022-01-30,141914537.0,146342295.0,120566973.0,146757882.14285713,4591770.168946173,1,4,1,False
Maryland,2022-02-06,Beverages,141116007,2022-02-06,144339585.0,152395983.0,114821638.0,146471780.7142857,4670468.670223845,2,5,1,False
Maryland,2022-02-13,Beverages,144626242,2022-02-13,141116007.0,154213595.0,117222485.0,144860355.57142857,4277920.817008287,2,6,1,False
Maryland,2022-02-20,Beverages,141913018,2022-02-20,144626242.0,141611466.0,115587895.0,143490733.7142857,1983680.5168803441,2,7,1,False
Maryland,2022-02-27,Beverages,145837844,2022-02-27,141913018.0,143613037.0,113493003.0,143533812.57142857,1945304.5288214548,2,8,1,False
Maryland,2022-03-06,Beverages,146518927,2022-03-06,145837844.0,147214262.0,109789879.0,143851642.14285713,2107288.129577675,3,9,1,False
Maryland,2022-03-13,Beverages,150915471,2022-03-13,146518927.0,141914537.0,111549136.0,143752308.57142857,1957504.5675559202,3,10,1,False
Maryland,2022-03-20,Beverages,150518690,2022-03-20,150915471.0,144339585.0,109293517.0,145038156.2857143,3004340.434937927,3,11,1,False
Maryland,2022-03-27,Beverages,151339044,2022-03-27,150518690.0,141116007.0,111588540.0,145920885.57142857,3531009.591608376,3,12,1,False
Maryland,2022-04-03,Beverages,151946477,2022-04-03,151339044.0,144626242.0,110387783.0,147381319.42857143,3351241.0167303244,4,13,2,False
Maryland,2022-04-10,Beverages,153379324,2022-04-10,151946477.0,141913018.0,107980698.0,148427067.2857143,3468445.6464165747,4,14,2,False
Maryland,2022-04-17,Beverages,159304621,2022-04-17,153379324.0,145837844.0,107129225.0,150065111.0,2605502.54031498,4,15,2,False
Maryland,2022-04-24,Beverages,154619703,2022-04-24,159304621.0,146518927.0,104892964.0,151988936.2857143,3567943.326228405,4,16,2,False
Maryland,2022-05-01,Beverages,156961460,2022-05-01,154619703.0,150915471.0,153026721.0,153146190.0,2846973.728084865,5,17,2,False
Maryland,2022-05-08,Beverages,155643664,2022-05-08,156961460.0,150518690.0,151554136.0,154009902.7142857,2954294.602899384,5,18,2,False
Maryland,2022-05-15,Beverages,159139094,2022-05-15,155643664.0,151339044.0,148289348.0,154742041.85714287,2613793.407942464,5,19,2,False
Maryland,2022-05-22,Beverages,171654882,2022-05-22,159139094.0,151946477.0,146769139.0,155856334.7142857,2588036.900453135,5,20,2,False
Maryland,2022-05-29,Beverages,166991883,2022-05-29,171654882.0,153379324.0,144129654.0,158671821.14285713,5678328.566619909,5,21,2,False
Maryland,2022-06-05,Beverages,167237091,2022-06-05,166991883.0,159304621.0,143534790.0,160616472.42857143,5860827.953598323,6,22,2,False
Maryland,2022-06-12,Beverages,165507600,2022-06-12,167237091.0,154619703.0,149358981.0,161749682.42857143,6251486.816073126,6,23,2,False
Maryland,2022-06-19,Beverages,169788282,2022-06-19,165507600.0,156961460.0,151367134.0,163305096.2857143,5605071.222098829,6,24,2,False
Maryland,2022-06-26,Beverages,169627955,2022-06-26,169788282.0,155643664.0,145305604.0,165137499.42857143,5321168.380942761,6,25,2,False
Maryland,2022-07-03,Beverages,175871844,2022-07-03,169627955.0,159139094.0,137448770.0,167135255.2857143,3785270.5396679,7,26,3,False
Maryland,2022-07-10,Beverages,167386564,2022-07-10,175871844.0,171654882.0,146342295.0,169525648.14285713,3222453.643341789,7,27,3,False
Maryland,2022-07-17,Beverages,173216759,2022-07-17,167386564.0,166991883.0,152395983.0,168915888.42857143,3165186.705665882,7,28,3,False
Maryland,2022-07-24,Beverages,172047281,2022-07-24,173216759.0,167237091.0,154213595.0,169805156.42857143,3367681.608726972,7,29,3,False
Maryland,2022-07-31,Beverages,168398689,2022-07-31,172047281.0,165507600.0,141611466.0,170492326.42857143,3262682.949668064,7,30,3,False
Maryland,2022-08-07,Beverages,168221663,2022-08-07,168398689.0,169788282.0,143613037.0,170905339.14285713,2747920.351566322,8,31,3,False
Maryland,2022-08-14,Beverages,170001105,2022-08-14,168221663.0,169627955.0,147214262.0,170681536.42857143,2889912.287466484,8,32,3,False
Maryland,2022-08-21,Beverages,167354557,2022-08-21,170001105.0,175871844.0,141914537.0,170734843.57142857,2873380.6059549977,8,33,3,False
Maryland,2022-08-28,Beverages,169874500,2022-08-28,167354557.0,167386564.0,144339585.0,169518088.2857143,2153678.6692074547,8,34,3,False
Maryland,2022-09-04,Beverages,170224235,2022-09-04,169874500.0,173216759.0,141116007.0,169873507.7142857,1970050.5943264186,9,35,3,False
Maryland,2022-09-11,Beverages,165517969,2022-09-11,170224235.0,172047281.0,144626242.0,169446004.2857143,1455730.6270085268,9,36,3,False
Maryland,2022-09-18,Beverages,165694956,2022-09-18,165517969.0,168398689.0,141913018.0,168513245.42857143,1576914.1960242486,9,37,3,False
Maryland,2022-09-25,Beverages,164059545,2022-09-25,165694956.0,168221663.0,145837844.0,168126997.85714287,1862867.6240904178,9,38,3,False
Maryland,2022-10-02,Beverages,160004007,2022-10-02,164059545.0,170001105.0,146518927.0,167532409.57142857,2340707.925376379,10,39,4,False
Maryland,2022-10-09,Beverages,156839384,2022-10-09,160004007.0,167354557.0,150915471.0,166104252.7142857,3265782.7598482985,10,40,4,False
Maryland,2022-10-16,Beverages,157264032,2022-10-16,156839384.0,169874500.0,150518690.0,164602085.14285713,4521951.835833327,10,41,4,False
Maryland,2022-10-23,Beverages,154739355,2022-10-23,157264032.0,170224235.0,151339044.0,162800589.7142857,4574265.028966936,10,42,4,False
Maryland,2022-10-30,Beverages,151763864,2022-10-30,154739355.0,165517969.0,151946477.0,160588464.0,4176221.7792553133,10,43,4,False
Maryland,2022-11-06,Beverages,152058115,2022-11-06,151763864.0,165694956.0,153379324.0,158623591.85714287,4607978.892207893,11,44,4,False
Maryland,2022-11-13,Beverages,155282600,2022-11-13,152058115.0,164059545.0,159304621.0,156675471.7142857,4056201.1992396764,11,45,4,False
Maryland,2022-11-20,Beverages,156895972,2022-11-20,155282600.0,160004007.0,154619703.0,155421622.42857143,2714510.3290504892,11,46,4,False
Maryland,2022-11-27,Beverages,161803868,2022-11-27,156895972.0,156839384.0,156961460.0,154977617.42857143,2117122.019014906,11,47,4,False
Maryland,2022-12-04,Beverages,143324166,2022-12-04,161803868.0,157264032.0,155643664.0,155686829.42857143,3184473.268277402,12,48,4,False
Maryland,2022-12-11,Beverages,152772242,2022-12-11,143324166.0,154739355.0,159139094.0,153695420.0,5258652.577093642,12,49,4,False
Maryland,2022-12-18,Beverages,159337882,2022-12-18,152772242.0,151763864.0,171654882.0,153414403.85714287,5247906.457594728,12,50,4,False
Maryland,2022-12-25,Beverages,166936861,2022-12-25,159337882.0,152058115.0,166991883.0,154496406.42857143,5567146.740996165,12,51,4,False
Maryland,2023-01-01,Beverages,150104016,2023-01-01,166936861.0,155282600.0,167237091.0,156621941.57142857,6909064.513882871,1,52,1,False
Maryland,2023-01-08,Beverages,149468285,2023-01-08,150104016.0,156895972.0,165507600.0,155882143.85714287,7280155.223053393,1,1,1,False
Maryland,2023-01-15,Beverages,152126380,2023-01-15,149468285.0,161803868.0,169788282.0,154821045.7142857,7589775.5806925865,1,2,1,False
Maryland,2023-01-22,Beverages,147502187,2023-01-22,152126380.0,143324166.0,169627955.0,153438547.42857143,7054432.84370905,1,3,1,False
Maryland,2023-01-29,Beverages,147866864,2023-01-29,147502187.0,152772242.0,175871844.0,154035407.57142857,6311000.9220766025,1,4,1,False
Maryland,2023-02-05,Beverages,146919673,2023-02-05,147866864.0,159337882.0,167386564.0,153334639.2857143,6674246.21392981,2,5,1,False
Maryland,2023-02-12,Beverages,152386026,2023-02-12,146919673.0,166936861.0,173216759.0,151560609.42857143,6490669.495416245,2,6,1,False
Maryland,2023-02-19,Beverages,152990036,2023-02-19,152386026.0,150104016.0,172047281.0,149481918.7142857,2032136.3853281955,2,7,1,False
Maryland,2023-02-26,Beverages,154630462,2023-02-26,152990036.0,149468285.0,168398689.0,149894207.2857143,2379587.5037055584,2,8,1,False
Maryland,2023-03-05,Beverages,158093685,2023-03-05,154630462.0,152126380.0,168221663.0,150631661.14285713,2880498.181112824,3,9,1,False
Maryland,2023-03-12,Beverages,174669998,2023-03-12,158093685.0,147502187.0,170001105.0,151484133.2857143,3899478.769234883,3,10,1,False
Maryland,2023-03-19,Beverages,171998766,2023-03-19,174669998.0,147866864.0,167354557.0,155365249.14285713,8641499.100708866,3,11,1,False
Maryland,2023-03-26,Beverages,156952581,2023-03-26,171998766.0,146919673.0,169874500.0,158812663.7142857,9709965.276148004,3,12,1,False
Maryland,2023-04-02,Beverages,156180976,2023-04-02,156952581.0,152386026.0,170224235.0,160245936.2857143,8515706.223324943,4,13,2,False
Maryland,2023-04-09,Beverages,161274665,2023-04-09,156180976.0,152990036.0,165517969.0,160788072.0,8109157.978746294,4,14,2,False
Maryland,2023-04-16,Beverages,166631665,2023-04-16,161274665.0,154630462.0,165694956.0,161971590.42857143,7463544.715719616,4,15,2,False
Maryland,2023-04-23,Beverages,163795397,2023-04-23,166631665.0,158093685.0,164059545.0,163686048.0,6940358.915396962,4,16,2,False
Maryland,2023-04-30,Beverages,160364863,2023-04-30,163795397.0,174669998.0,160004007.0,164500578.2857143,6560414.722270871,4,17,2,False
Maryland,2023-05-07,Beverages,160481700,2023-05-07,160364863.0,171998766.0,156839384.0,162456987.57142857,5150956.80215838,5,18,2,False
Massachusetts,2020-05-03,Beverages,104091231,2020-05-03,97588683.0,122297192.0,102038881.0,107290384.14285715,8789396.910238104,5,18,2,False
Massachusetts,2020-05-10,Beverages,109906368,2020-05-10,104091231.0,118886720.0,100926963.0,104689532.57142857,6307068.402242529,5,19,2,False
Massachusetts,2020-05-17,Beverages,107763998,2020-05-17,109906368.0,100640614.0,98350433.0,103406625.14285715,3636875.8871315643,5,20,2,False
Massachusetts,2020-05-24,Beverages,115031093,2020-05-24,107763998.0,103980879.0,97284879.0,104424251.42857143,3716276.9637848935,5,21,2,False
Massachusetts,2020-05-31,Beverages,114382692,2020-05-31,115031093.0,105781835.0,97717029.0,106002853.42857143,5230946.65553052,5,22,2,False
Massachusetts,2020-06-07,Beverages,117164234,2020-06-07,114382692.0,101856766.0,99983395.0,107231547.28571428,5989808.553659007,6,23,2,False
Massachusetts,2020-06-14,Beverages,117959015,2020-06-14,117164234.0,97588683.0,101260431.0,109418328.42857143,6408036.858887119,6,24,2,False
Massachusetts,2020-06-21,Beverages,117600667,2020-06-21,117959015.0,104091231.0,100546660.0,112328375.85714285,4798284.493797043,6,25,2,False
Massachusetts,2020-06-28,Beverages,120778035,2020-06-28,117600667.0,109906368.0,98820411.0,114258295.28571428,3684700.2994222394,6,26,2,False
Massachusetts,2020-07-05,Beverages,126221632,2020-07-05,120778035.0,107763998.0,98415703.0,115811390.57142857,3812050.707057897,7,27,3,False
Massachusetts,2020-07-12,Beverages,120946165,2020-07-12,126221632.0,115031093.0,101028461.0,118448195.42857143,3716095.0044012074,7,28,3,False
Massachusetts,2020-07-19,Beverages,121563171,2020-07-19,120946165.0,114382692.0,106502083.0,119293205.71428572,3509792.441234736,7,29,3,False
Massachusetts,2020-07-26,Beverages,121049651,2020-07-26,121563171.0,117164234.0,100487052.0,120318988.42857143,2925369.0142198517,7,30,3,False
Massachusetts,2020-08-02,Beverages,126577658,2020-08-02,121049651.0,117959015.0,98080456.0,120874048.0,2627580.1327825603,8,31,3,False
Massachusetts,2020-08-09,Beverages,124107249,2020-08-09,126577658.0,117600667.0,97046660.0,122105282.71428572,2970123.101554777,8,32,3,False
Massachusetts,2020-08-16,Beverages,121577326,2020-08-16,124107249.0,120778035.0,103176944.0,123034794.42857143,2373056.520773756,8,33,3,False
Massachusetts,2020-08-23,Beverages,116069140,2020-08-23,121577326.0,126221632.0,93592336.0,123148978.85714285,2279090.2091858173,8,34,3,False
Massachusetts,2020-08-30,Beverages,114640152,2020-08-30,116069140.0,120946165.0,98287115.0,121698622.85714285,2983716.725612556,8,35,3,False
Massachusetts,2020-09-06,Beverages,115596196,2020-09-06,114640152.0,121563171.0,98116057.0,120797763.85714285,3889416.92178177,9,36,3,False
Massachusetts,2020-09-13,Beverages,111668740,2020-09-13,115596196.0,121049651.0,95306387.0,119945338.85714285,4264086.057725958,9,37,3,False
Massachusetts,2020-09-20,Beverages,109099053,2020-09-20,111668740.0,126577658.0,96000960.0,118605208.71428572,5098850.72608794,9,38,3,False
Massachusetts,2020-09-27,Beverages,109181659,2020-09-27,109099053.0,124107249.0,100072373.0,116108265.14285715,4857275.978911498,9,39,3,False
Massachusetts,2020-10-04,Beverages,108992157,2020-10-04,109181659.0,121577326.0,107069451.0,113976038.0,4093920.4287308864,10,40,4,False
Massachusetts,2020-10-11,Beverages,106668504,2020-10-11,108992157.0,116069140.0,122297192.0,112178156.71428572,2970188.596177343,10,41,4,False
Massachusetts,2020-10-18,Beverages,104434742,2020-10-18,106668504.0,114640152.0,118886720.0,110835208.71428572,3031880.57778005,10,42,4,False
Massachusetts,2020-10-25,Beverages,103649446,2020-10-25,104434742.0,115596196.0,100640614.0,109377293.0,3294060.7160874526,10,43,4,False
Massachusetts,2020-11-01,Beverages,101437846,2020-11-01,103649446.0,111668740.0,103980879.0,107670614.42857143,2664584.30201162,11,44,4,False
Massachusetts,2020-11-08,Beverages,106566022,2020-11-08,101437846.0,109099053.0,105781835.0,106209058.14285715,2868783.5471503288,11,45,4,False
Massachusetts,2020-11-15,Beverages,105674941,2020-11-15,106566022.0,109181659.0,101856766.0,105847196.57142857,2631354.339652639,11,46,4,False
Massachusetts,2020-11-22,Beverages,106618339,2020-11-22,105674941.0,108992157.0,97588683.0,105346236.85714285,2255864.974196207,11,47,4,False
Massachusetts,2020-11-29,Beverages,105979943,2020-11-29,106618339.0,106668504.0,104091231.0,105007120.0,1818280.0329204143,11,48,4,False
Massachusetts,2020-12-06,Beverages,100040170,2020-12-06,105979943.0,104434742.0,109906368.0,104908754.14285715,1742799.5888279763,12,49,4,False
Massachusetts,2020-12-13,Beverages,105601030,2020-12-13,100040170.0,103649446.0,107763998.0,104280958.14285715,2448935.108774756,12,50,4,False
Massachusetts,2020-12-20,Beverages,107378984,2020-12-20,105601030.0,101437846.0,115031093.0,104559755.85714285,2472149.646763036,12,51,4,False
Massachusetts,2020-12-27,Beverages,107240560,2020-12-27,107378984.0,106566022.0,114382692.0,105408489.85714285,2265894.5719387587,12,52,4,False
Massachusetts,2021-01-03,Beverages,100200812,2021-01-03,107240560.0,105674941.0,117164234.0,105504852.42857143,2326602.29299494,1,53,1,False
Massachusetts,2021-01-10,Beverages,101930997,2021-01-10,100200812.0,106618339.0,117959015.0,104722834.0,2969237.3382450687,1,1,1,False
Massachusetts,2021-01-17,Beverages,105181890,2021-01-17,101930997.0,105979943.0,117600667.0,104053213.71428572,2994692.160093223,1,2,1,False
Massachusetts,2021-01-24,Beverages,101011304,2021-01-24,105181890.0,100040170.0,120778035.0,103939206.14285715,2933742.326526469,1,3,1,False
Massachusetts,2021-01-31,Beverages,101284680,2021-01-31,101011304.0,105601030.0,126221632.0,104077939.57142857,2764140.466623754,1,4,1,False
Massachusetts,2021-02-07,Beverages,105261774,2021-02-07,101284680.0,107378984.0,120946165.0,103461318.14285715,2836100.1471121926,2,5,1,False
Massachusetts,2021-02-14,Beverages,101586370,2021-02-14,105261774.0,107240560.0,121563171.0,103158859.57142857,2494491.5177369956,2,6,1,False
Massachusetts,2021-02-21,Beverages,101300592,2021-02-21,101586370.0,100200812.0,121049651.0,102351118.14285715,1882351.761572793,2,7,1,False
Massachusetts,2021-02-28,Beverages,104298975,2021-02-28,101300592.0,101930997.0,126577658.0,102508229.57142857,1736570.4190392694,2,8,1,False
Massachusetts,2021-03-07,Beverages,112113204,2021-03-07,104298975.0,105181890.0,124107249.0,102846512.14285715,1819821.9616010818,3,9,1,False
Massachusetts,2021-03-14,Beverages,129799071,2021-03-14,112113204.0,101011304.0,121577326.0,103836699.85714285,3717459.7716417476,3,10,1,False
Massachusetts,2021-03-21,Beverages,125122200,2021-03-21,129799071.0,101284680.0,116069140.0,107949238.0,9594698.043719787,3,11,1,False
Massachusetts,2021-03-28,Beverages,108325976,2021-03-28,125122200.0,105261774.0,114640152.0,111354598.0,10781774.087134186,3,12,1,False
Massachusetts,2021-04-04,Beverages,111306106,2021-04-04,108325976.0,101586370.0,115596196.0,111792341.14285715,10585942.705656296,4,13,2,False
Massachusetts,2021-04-11,Beverages,110485619,2021-04-11,111306106.0,101300592.0,111668740.0,113180874.85714285,9761540.256738016,4,14,2,False
Massachusetts,2021-04-18,Beverages,107478311,2021-04-18,110485619.0,104298975.0,109099053.0,114493021.57142857,8627902.059667291,4,15,2,False
Massachusetts,2021-04-25,Beverages,107558960,2021-04-25,107478311.0,112113204.0,109181659.0,114947212.42857143,8149745.054872642,4,16,2,False
Massachusetts,2021-05-02,Beverages,111117669,2021-05-02,107558960.0,129799071.0,108992157.0,114296606.14285715,8523246.04175421,5,17,2,False
Massachusetts,2021-05-09,Beverages,115952141,2021-05-09,111117669.0,125122200.0,106668504.0,111627834.42857143,5712678.74479278,5,18,2,False
Massachusetts,2021-05-16,Beverages,115585390,2021-05-16,115952141.0,108325976.0,104434742.0,110317826.0,2752447.2138782404,5,19,2,False
Massachusetts,2021-05-23,Beverages,124162314,2021-05-23,115585390.0,111306106.0,103649446.0,111354885.14285715,3146042.458786436,5,20,2,False
Massachusetts,2021-05-30,Beverages,123610501,2021-05-30,124162314.0,110485619.0,101437846.0,113191486.28571428,5473301.566797943,5,21,2,False
Massachusetts,2021-06-06,Beverages,122917889,2021-06-06,123610501.0,107478311.0,106566022.0,115066469.42857143,6395583.6060563335,6,22,2,False
Massachusetts,2021-06-13,Beverages,129161970,2021-06-13,122917889.0,107558960.0,105674941.0,117272123.42857143,6051383.568005466,6,23,2,False
Massachusetts,2021-06-20,Beverages,127096548,2021-06-20,129161970.0,111117669.0,106618339.0,120358267.71428572,5814852.945519503,6,24,2,False
Massachusetts,2021-06-27,Beverages,126489173,2021-06-27,127096548.0,115952141.0,105979943.0,122640964.71428572,4784325.910121684,6,25,2,False
Massachusetts,2021-07-04,Beverages,130187266,2021-07-04,126489173.0,115585390.0,100040170.0,124146255.0,4043256.7022038377,7,26,3,False
Massachusetts,2021-07-11,Beverages,123103940,2021-07-11,130187266.0,124162314.0,105601030.0,126232237.28571428,2596195.650758021,7,27,3,False
Massachusetts,2021-07-18,Beverages,122629909,2021-07-18,123103940.0,123610501.0,107378984.0,126081041.0,2739219.4477487113,7,28,3,False
Massachusetts,2021-07-25,Beverages,126815289,2021-07-25,122629909.0,122917889.0,107240560.0,125940956.42857143,2883268.0035045454,7,29,3,False
Massachusetts,2021-08-01,Beverages,129061308,2021-08-01,126815289.0,129161970.0,100200812.0,126497727.85714285,2609000.916122225,8,30,3,False
Massachusetts,2021-08-08,Beverages,131700960,2021-08-08,129061308.0,127096548.0,101930997.0,126483347.57142857,2594513.7135072756,8,31,3,False
Massachusetts,2021-08-15,Beverages,132546156,2021-08-15,131700960.0,126489173.0,105181890.0,127141120.71428572,3183423.9429531572,8,32,3,False
Massachusetts,2021-08-22,Beverages,127194933,2021-08-22,132546156.0,130187266.0,101011304.0,128006404.0,3673995.1098394,8,33,3,False
Massachusetts,2021-08-29,Beverages,123227747,2021-08-29,127194933.0,123103940.0,101284680.0,127578927.85714285,3567929.684238295,8,34,3,False
Massachusetts,2021-09-05,Beverages,123991822,2021-09-05,123227747.0,122629909.0,105261774.0,127596614.57142857,3545941.833634537,9,35,3,False
Massachusetts,2021-09-12,Beverages,122654220,2021-09-12,123991822.0,126815289.0,101586370.0,127791173.57142857,3296693.521676257,9,36,3,False
Massachusetts,2021-09-19,Beverages,118252910,2021-09-19,122654220.0,129061308.0,101300592.0,127196735.14285715,3761454.1111452603,9,37,3,False
Massachusetts,2021-09-26,Beverages,116054678,2021-09-26,118252910.0,131700960.0,104298975.0,125652678.28571428,4763947.259087157,9,38,3,False
Massachusetts,2021-10-03,Beverages,165592566,2021-10-03,116054678.0,132546156.0,112113204.0,123417495.14285715,5062945.873500604,10,39,4,False
Massachusetts,2021-10-10,Beverages,168719601,2021-10-10,165592566.0,127194933.0,129799071.0,128138410.85714285,15669938.384948224,10,40,4,False
Massachusetts,2021-10-17,Beverages,163959288,2021-10-17,168719601.0,123227747.0,125122200.0,134070506.28571428,21106679.1481632,10,41,4,False
Massachusetts,2021-10-24,Beverages,159998296,2021-10-24,163959288.0,123991822.0,108325976.0,139889297.85714287,22857349.01707515,10,42,4,False
Massachusetts,2021-10-31,Beverages,156339095,2021-10-31,159998296.0,122654220.0,111306106.0,145033079.85714287,22752210.076181944,10,43,4,False
Massachusetts,2021-11-07,Beverages,164369047,2021-11-07,156339095.0,118252910.0,110485619.0,149845204.85714287,21005299.413823053,11,44,4,False
Massachusetts,2021-11-14,Beverages,166340125,2021-11-14,164369047.0,116054678.0,107478311.0,156433224.42857143,16892995.621117875,11,45,4,False
Massachusetts,2021-11-21,Beverages,166372087,2021-11-21,166340125.0,165592566.0,107558960.0,163616859.7142857,3856357.7043348863,11,46,4,False
Massachusetts,2021-11-28,Beverages,156827506,2021-11-28,166372087.0,168719601.0,111117669.0,163728219.85714287,3922490.420731165,11,47,4,False
Massachusetts,2021-12-05,Beverages,158595895,2021-12-05,156827506.0,163959288.0,115952141.0,162029349.14285713,3967805.2912156247,12,48,4,False
Massachusetts,2021-12-12,Beverages,164054126,2021-12-12,158595895.0,159998296.0,115585390.0,161263150.14285713,4038367.2232471826,12,49,4,False
Massachusetts,2021-12-19,Beverages,170030427,2021-12-19,164054126.0,156339095.0,124162314.0,161842554.42857143,4105720.6389708873,12,50,4,False
Massachusetts,2021-12-26,Beverages,166617351,2021-12-26,170030427.0,164369047.0,123610501.0,163798459.0,4275726.278710131,12,51,4,False
Massachusetts,2022-01-02,Beverages,153065563,2022-01-02,166617351.0,166340125.0,122917889.0,164119645.2857143,4389456.580491952,1,52,1,False
Massachusetts,2022-01-09,Beverages,158862331,2022-01-09,153065563.0,166372087.0,129161970.0,162223279.2857143,5694108.239227544,1,1,1,False
Massachusetts,2022-01-16,Beverages,164439406,2022-01-16,158862331.0,156827506.0,127096548.0,161150457.0,5516039.143292305,1,2,1,False
Massachusetts,2022-01-23,Beverages,153540342,2022-01-23,164439406.0,158595895.0,126489173.0,162237871.2857143,5302813.352862754,1,3,1,False
Massachusetts,2022-01-30,Beverages,161443006,2022-01-30,153540342.0,164054126.0,130187266.0,161515649.42857143,6042357.625495771,1,4,1,False
Massachusetts,2022-02-06,Beverages,158406497,2022-02-06,161443006.0,170030427.0,123103940.0,161142632.2857143,5954086.483400355,2,5,1,False
Massachusetts,2022-02-13,Beverages,159118510,2022-02-13,158406497.0,166617351.0,122629909.0,159482070.85714287,4741146.825922954,2,6,1,False
Massachusetts,2022-02-20,Beverages,154232600,2022-02-20,159118510.0,153065563.0,126815289.0,158410807.85714287,3751876.3962341403,2,7,1,False
Massachusetts,2022-02-27,Beverages,157138186,2022-02-27,154232600.0,158862331.0,129061308.0,158577527.42857143,3530019.139052288,2,8,1,False
Massachusetts,2022-03-06,Beverages,163066212,2022-03-06,157138186.0,164439406.0,131700960.0,158331221.0,3561564.033056738,3,9,1,False
Massachusetts,2022-03-13,Beverages,163037760,2022-03-13,163066212.0,153540342.0,132546156.0,158135050.42857143,3243322.9004291752,3,10,1,False
Massachusetts,2022-03-20,Beverages,163395006,2022-03-20,163037760.0,161443006.0,127194933.0,159491824.42857143,3015990.001967892,3,11,1,False
Massachusetts,2022-03-27,Beverages,162460276,2022-03-27,163395006.0,158406497.0,123227747.0,159770681.57142857,3263581.6774079613,3,12,1,False
Massachusetts,2022-04-03,Beverages,167967264,2022-04-03,162460276.0,159118510.0,123991822.0,160349792.85714287,3329137.3192374203,4,13,2,False
Massachusetts,2022-04-10,Beverages,170005396,2022-04-10,167967264.0,154232600.0,122654220.0,161613900.57142857,4190228.7352690347,4,14,2,False
Massachusetts,2022-04-17,Beverages,172565019,2022-04-17,170005396.0,157138186.0,118252910.0,163867157.14285713,3841494.484893522,4,15,2,False
Massachusetts,2022-04-24,Beverages,158701796,2022-04-24,172565019.0,163066212.0,116054678.0,166070990.42857143,3773500.4463124657,4,16,2,False
Massachusetts,2022-05-01,Beverages,167023123,2022-05-01,158701796.0,163037760.0,165592566.0,165447502.42857143,4507617.5437731,5,17,2,False
Massachusetts,2022-05-08,Beverages,176540605,2022-05-08,167023123.0,163395006.0,168719601.0,166016840.0,4418096.166706799,5,18,2,False
Massachusetts,2022-05-15,Beverages,177877294,2022-05-15,176540605.0,162460276.0,163959288.0,167894782.7142857,5552682.113210502,5,19,2,False
Massachusetts,2022-05-22,Beverages,189028816,2022-05-22,177877294.0,167967264.0,159998296.0,170097213.85714287,5999853.5496552335,5,20,2,False
Massachusetts,2022-05-29,Beverages,185048236,2022-05-29,189028816.0,170005396.0,156339095.0,173106007.0,8803300.666609762,5,21,2,False
Massachusetts,2022-06-05,Beverages,186095043,2022-06-05,185048236.0,172565019.0,164369047.0,175254984.14285713,9585428.256164802,6,22,2,False
Massachusetts,2022-06-12,Beverages,193394268,2022-06-12,186095043.0,158701796.0,166340125.0,177187844.7142857,10193011.314586531,6,23,2,False
Massachusetts,2022-06-19,Beverages,188196405,2022-06-19,193394268.0,167023123.0,166372087.0,182143912.14285713,8248448.215685998,6,24,2,False
Massachusetts,2022-06-26,Beverages,187493717,2022-06-26,188196405.0,176540605.0,156827506.0,185168666.7142857,5608777.683612597,6,25,2,False
Massachusetts,2022-07-03,Beverages,204951138,2022-07-03,187493717.0,177877294.0,158595895.0,186733397.0,4375784.885442762,7,26,3,False
Massachusetts,2022-07-10,Beverages,193110485,2022-07-10,204951138.0,189028816.0,164054126.0,190601089.0,6355815.003309901,7,27,3,False
Massachusetts,2022-07-17,Beverages,193560295,2022-07-17,193110485.0,185048236.0,170030427.0,191184184.57142857,6372033.912501029,7,28,3,False
Massachusetts,2022-07-24,Beverages,195271675,2022-07-24,193560295.0,186095043.0,166617351.0,192400193.0,5878107.247399211,7,29,3,False
Massachusetts,2022-07-31,Beverages,196278490,2022-07-31,195271675.0,193394268.0,153065563.0,193711140.42857143,5322800.335939757,7,30,3,False
Massachusetts,2022-08-07,Beverages,202942318,2022-08-07,196278490.0,188196405.0,158862331.0,194123172.14285713,5393486.927566913,8,31,3,False
Massachusetts,2022-08-14,Beverages,196904701,2022-08-14,202942318.0,187493717.0,164439406.0,196229731.14285713,5544824.328086503,8,32,3,False
Massachusetts,2022-08-21,Beverages,193340173,2022-08-21,196904701.0,204951138.0,153540342.0,197574157.42857143,4254422.9883262,8,33,3,False
Massachusetts,2022-08-28,Beverages,188222737,2022-08-28,193340173.0,193110485.0,161443006.0,195915448.14285713,3183627.111010837,8,34,3,False
Massachusetts,2022-09-04,Beverages,191887582,2022-09-04,188222737.0,193560295.0,158406497.0,195217198.42857143,4120428.0104290084,9,35,3,False
Massachusetts,2022-09-11,Beverages,184280870,2022-09-11,191887582.0,195271675.0,159118510.0,194978239.42857143,4255866.466888979,9,36,3,False
Massachusetts,2022-09-18,Beverages,181562852,2022-09-18,184280870.0,196278490.0,154232600.0,193408124.42857143,5655308.203703288,9,37,3,False
Massachusetts,2022-09-25,Beverages,175969773,2022-09-25,181562852.0,202942318.0,157138186.0,191305890.42857143,6813991.299527583,9,38,3,False
Massachusetts,2022-10-02,Beverages,173632118,2022-10-02,175969773.0,196904701.0,163066212.0,187452669.7142857,6770442.315758589,10,39,4,False
Massachusetts,2022-10-09,Beverages,178377597,2022-10-09,173632118.0,193340173.0,163037760.0,184128015.0,7022063.957206399,10,40,4,False
Massachusetts,2022-10-16,Beverages,176001420,2022-10-16,178377597.0,188222737.0,163395006.0,181990504.14285713,6110721.947535233,10,41,4,False
Massachusetts,2022-10-23,Beverages,171676982,2022-10-23,176001420.0,191887582.0,162460276.0,180244601.7142857,5819642.042189743,10,42,4,False
Massachusetts,2022-10-30,Beverages,167136325,2022-10-30,171676982.0,184280870.0,167967264.0,177357373.14285713,4080793.5216421606,10,43,4,False
Massachusetts,2022-11-06,Beverages,176404236,2022-11-06,167136325.0,181562852.0,170005396.0,174908152.42857143,4327889.159207099,11,44,4,False
Massachusetts,2022-11-13,Beverages,176252526,2022-11-13,176404236.0,175969773.0,172565019.0,174171207.2857143,3490108.362671775,11,45,4,False
Massachusetts,2022-11-20,Beverages,176237995,2022-11-20,176252526.0,173632118.0,158701796.0,174211600.57142857,3512256.5461427136,11,46,4,False
Massachusetts,2022-11-27,Beverages,174763674,2022-11-27,176237995.0,178377597.0,167023123.0,174583868.7142857,3568753.51708022,11,47,4,False
Massachusetts,2022-12-04,Beverages,166677968,2022-12-04,174763674.0,176001420.0,176540605.0,174067594.0,3227696.884121535,12,48,4,False
Massachusetts,2022-12-11,Beverages,177121214,2022-12-11,166677968.0,171676982.0,177877294.0,172735672.2857143,3988823.161232227,12,49,4,False
Massachusetts,2022-12-18,Beverages,178862351,2022-12-18,177121214.0,167136325.0,189028816.0,173513419.7142857,4230043.651399292,12,50,4,False
Massachusetts,2022-12-25,Beverages,186342066,2022-12-25,178862351.0,176404236.0,185048236.0,175188566.2857143,3655793.8692894173,12,51,4,False
Massachusetts,2023-01-01,Beverages,160477106,2023-01-01,186342066.0,176252526.0,186095043.0,176608256.2857143,5376773.685462496,1,52,1,False
Massachusetts,2023-01-08,Beverages,171797787,2023-01-08,160477106.0,176237995.0,193394268.0,174354624.85714287,7809365.714557954,1,1,1,False
Massachusetts,2023-01-15,Beverages,171327113,2023-01-15,171797787.0,174763674.0,188196405.0,173720309.42857143,7810955.624160592,1,2,1,False
Massachusetts,2023-01-22,Beverages,165436773,2023-01-22,171327113.0,166677968.0,187493717.0,173229372.14285713,7837900.9391684765,1,3,1,False
Massachusetts,2023-01-29,Beverages,168952907,2023-01-29,165436773.0,177121214.0,204951138.0,173052058.57142857,7996539.0939317355,1,4,1,False
Massachusetts,2023-02-05,Beverages,166383018,2023-02-05,168952907.0,178862351.0,193110485.0,171885157.57142857,7913152.473324033,2,5,1,False
Massachusetts,2023-02-12,Beverages,172523686,2023-02-12,166383018.0,186342066.0,193560295.0,170102395.7142857,7537245.682147154,2,6,1,False
Massachusetts,2023-02-19,Beverages,168441552,2023-02-19,172523686.0,160477106.0,195271675.0,168128341.42857143,4009418.032398964,2,7,1,False
Massachusetts,2023-02-26,Beverages,167491556,2023-02-26,168441552.0,171797787.0,196278490.0,169266119.42857143,2536109.409179964,2,8,1,False
Massachusetts,2023-03-05,Beverages,178456878,2023-03-05,167491556.0,171327113.0,202942318.0,168650943.57142857,2363822.626613816,3,9,1,False
Massachusetts,2023-03-12,Beverages,198158712,2023-03-12,178456878.0,165436773.0,196904701.0,169669481.42857143,4154964.904658842,3,10,1,False
Massachusetts,2023-03-19,Beverages,193309289,2023-03-19,198158712.0,168952907.0,193340173.0,174344044.14285713,10430763.671773992,3,11,1,False
Massachusetts,2023-03-26,Beverages,171791059,2023-03-26,193309289.0,166383018.0,188222737.0,177823527.2857143,11996870.708903871,3,12,1,False
Massachusetts,2023-04-02,Beverages,173074201,2023-04-02,171791059.0,172523686.0,191887582.0,178596104.57142857,11394244.404885864,4,13,2,False
Massachusetts,2023-04-09,Beverages,186152613,2023-04-09,173074201.0,168441552.0,184280870.0,178674749.57142857,11353888.543460464,4,14,2,False
Massachusetts,2023-04-16,Beverages,186665075,2023-04-16,186152613.0,167491556.0,181562852.0,181204901.14285713,10748846.685647652,4,15,2,False
Massachusetts,2023-04-23,Beverages,175645878,2023-04-23,186665075.0,178456878.0,175969773.0,183943975.2857143,9242787.990980739,4,16,2,False
Massachusetts,2023-04-30,Beverages,178048134,2023-04-30,175645878.0,198158712.0,173632118.0,183542403.85714287,9529092.848280823,4,17,2,False
Massachusetts,2023-05-07,Beverages,189283132,2023-05-07,178048134.0,193309289.0,178377597.0,180669464.14285713,7506181.575406667,5,18,2,False
Michigan,2020-05-03,Beverages,173001965,2020-05-03,168937387.0,193774523.0,162440135.0,171810692.42857143,11430768.687996605,5,18,2,False
Michigan,2020-05-10,Beverages,179161368,2020-05-10,173001965.0,183042984.0,168139636.0,168843184.14285713,7289952.464845368,5,19,2,False
Michigan,2020-05-17,Beverages,179738021,2020-05-17,179161368.0,159059104.0,160589166.0,168288667.57142857,6264207.056294454,5,20,2,False
Michigan,2020-05-24,Beverages,192231243,2020-05-24,179738021.0,161383567.0,158253214.0,171242798.57142857,6088591.800197941,5,21,2,False
Michigan,2020-05-31,Beverages,186690850,2020-05-31,192231243.0,168931513.0,160641810.0,175649609.42857143,8166719.306374727,5,22,2,False
Michigan,2020-06-07,Beverages,195960018,2020-06-07,186690850.0,167545769.0,155458754.0,178186657.57142857,8439592.156548606,6,23,2,False
Michigan,2020-06-14,Beverages,193843110,2020-06-14,195960018.0,168937387.0,160513280.0,182245836.0,9148866.714451674,6,24,2,False
Michigan,2020-06-21,Beverages,199111018,2020-06-21,193843110.0,173001965.0,165476023.0,185803796.42857143,8059428.441965274,6,25,2,False
Michigan,2020-06-28,Beverages,203494179,2020-06-28,199111018.0,179161368.0,161601849.0,189533661.14285713,7275131.12494019,6,26,2,False
Michigan,2020-07-05,Beverages,225361219,2020-07-05,203494179.0,179738021.0,160909877.0,193009777.0,7301865.259035647,7,27,3,False
Michigan,2020-07-12,Beverages,201011507,2020-07-12,225361219.0,192231243.0,162990876.0,199527376.7142857,11627204.57580889,7,28,3,False
Michigan,2020-07-19,Beverages,205059564,2020-07-19,201011507.0,186690850.0,177117117.0,200781700.14285713,11239591.937292587,7,29,3,False
Michigan,2020-07-26,Beverages,197142081,2020-07-26,205059564.0,195960018.0,164138402.0,203405802.14285713,9679475.123793192,7,30,3,False
Michigan,2020-08-02,Beverages,195412528,2020-08-02,197142081.0,193843110.0,160060281.0,203574668.2857143,9557648.854182156,8,31,3,False
Michigan,2020-08-09,Beverages,193099997,2020-08-09,195412528.0,199111018.0,159009553.0,203798870.85714287,9342728.273621796,8,32,3,False
Michigan,2020-08-16,Beverages,197251509,2020-08-16,193099997.0,203494179.0,163068417.0,202940153.57142857,9988094.1334204,8,33,3,False
Michigan,2020-08-23,Beverages,190621389,2020-08-23,197251509.0,225361219.0,155634421.0,202048343.57142857,10175745.87142186,8,34,3,False
Michigan,2020-08-30,Beverages,190178820,2020-08-30,190621389.0,201011507.0,158579175.0,197085510.7142857,4464107.470099405,8,35,3,False
Michigan,2020-09-06,Beverages,182313622,2020-09-06,190178820.0,205059564.0,156307498.0,195537984.0,4705966.513746906,9,36,3,False
Michigan,2020-09-13,Beverages,175433575,2020-09-13,182313622.0,197142081.0,159950056.0,192288563.7142857,4859967.446359636,9,37,3,False
Michigan,2020-09-20,Beverages,177142088,2020-09-20,175433575.0,195412528.0,160533882.0,189187348.57142857,7156877.332205996,9,38,3,False
Michigan,2020-09-27,Beverages,178833440,2020-09-27,177142088.0,193099997.0,160937018.0,186577285.7142857,7720054.575360069,9,39,3,False
Michigan,2020-10-04,Beverages,171357368,2020-10-04,178833440.0,197251509.0,169691117.0,184539206.14285713,7611454.75187919,10,40,4,False
Michigan,2020-10-11,Beverages,174354212,2020-10-11,171357368.0,190621389.0,193774523.0,180840043.14285713,6781395.438657616,10,41,4,False
Michigan,2020-10-18,Beverages,169329452,2020-10-18,174354212.0,190178820.0,183042984.0,178516160.7142857,5738336.502506418,10,42,4,False
Michigan,2020-10-25,Beverages,169076115,2020-10-25,169329452.0,182313622.0,159059104.0,175537679.57142857,4084431.8833832378,10,43,4,False
Michigan,2020-11-01,Beverages,169836316,2020-11-01,169076115.0,175433575.0,161383567.0,173646607.14285713,3537218.9050296955,11,44,4,False
Michigan,2020-11-08,Beverages,170455154,2020-11-08,169836316.0,177142088.0,168931513.0,172846998.7142857,3672929.388926433,11,45,4,False
Michigan,2020-11-15,Beverages,175140544,2020-11-15,170455154.0,178833440.0,167545769.0,171891722.42857143,3280203.211539164,11,46,4,False
Michigan,2020-11-22,Beverages,175298866,2020-11-22,175140544.0,171357368.0,168937387.0,171364165.85714287,2259498.015427393,11,47,4,False
Michigan,2020-11-29,Beverages,171246211,2020-11-29,175298866.0,174354212.0,173001965.0,171927237.0,2645745.7547636437,11,48,4,False
Michigan,2020-12-06,Beverages,167074284,2020-12-06,171246211.0,169329452.0,179161368.0,171483236.85714287,2455123.7986243553,12,49,4,False
Michigan,2020-12-13,Beverages,170268476,2020-12-13,167074284.0,169076115.0,179738021.0,171161070.0,2835161.0124285556,12,50,4,False
Michigan,2020-12-20,Beverages,179747536,2020-12-20,170268476.0,169836316.0,192231243.0,171331407.2857143,2738966.14815682,12,51,4,False
Michigan,2020-12-27,Beverages,175213629,2020-12-27,179747536.0,170455154.0,186690850.0,172747295.85714287,3911088.456119302,12,52,4,False
Michigan,2021-01-03,Beverages,167656813,2021-01-03,175213629.0,175140544.0,195960018.0,173427078.0,3866900.732539131,1,53,1,False
Michigan,2021-01-10,Beverages,168509581,2021-01-10,167656813.0,175298866.0,193843110.0,172357973.57142857,4259938.822664652,1,1,1,False
Michigan,2021-01-17,Beverages,172757738,2021-01-17,168509581.0,171246211.0,199111018.0,171388075.7142857,4252829.571411232,1,2,1,False
Michigan,2021-01-24,Beverages,164797691,2021-01-24,172757738.0,167074284.0,203494179.0,171604008.14285713,4278440.587545142,1,3,1,False
Michigan,2021-01-31,Beverages,168703717,2021-01-31,164797691.0,170268476.0,225361219.0,171278780.57142857,4678255.451009853,1,4,1,False
Michigan,2021-02-07,Beverages,167159465,2021-02-07,168703717.0,179747536.0,201011507.0,171055243.57142857,4757895.302871261,2,5,1,False
Michigan,2021-02-14,Beverages,166337862,2021-02-14,167159465.0,175213629.0,205059564.0,169256947.7142857,3283009.0961251087,2,6,1,False
Michigan,2021-02-21,Beverages,166888782,2021-02-21,166337862.0,167656813.0,197142081.0,167988981.0,2306260.8396864966,2,7,1,False
Michigan,2021-02-28,Beverages,171250581,2021-02-28,166888782.0,168509581.0,195412528.0,167879262.2857143,2337511.1400873195,2,8,1,False
Michigan,2021-03-07,Beverages,176250345,2021-03-07,171250581.0,172757738.0,193099997.0,168270833.7142857,2622509.681753181,3,9,1,False
Michigan,2021-03-14,Beverages,203367036,2021-03-14,176250345.0,164797691.0,197251509.0,168769777.57142857,3584501.852177312,3,10,1,False
Michigan,2021-03-21,Beverages,197126612,2021-03-21,203367036.0,168703717.0,190621389.0,174279684.0,12297618.3047134,3,11,1,False
Michigan,2021-03-28,Beverages,175334448,2021-03-28,197126612.0,167159465.0,190178820.0,178340097.57142857,14313340.002717445,3,12,1,False
Michigan,2021-04-04,Beverages,178056650,2021-04-04,175334448.0,166337862.0,182313622.0,179507952.2857143,13672611.342424251,4,13,2,False
Michigan,2021-04-11,Beverages,177152745,2021-04-11,178056650.0,166888782.0,175433575.0,181182064.85714287,12635655.539130175,4,14,2,False
Michigan,2021-04-18,Beverages,176226692,2021-04-18,177152745.0,171250581.0,177142088.0,182648345.2857143,11429949.20583165,4,15,2,False
Michigan,2021-04-25,Beverages,179434937,2021-04-25,176226692.0,176250345.0,178833440.0,183359218.2857143,10838406.506424641,4,16,2,False
Michigan,2021-05-02,Beverages,187527660,2021-05-02,179434937.0,203367036.0,171357368.0,183814160.0,10594557.158296213,5,17,2,False
Michigan,2021-05-09,Beverages,189621245,2021-05-09,187527660.0,197126612.0,174354212.0,181551392.0,7380928.8893617485,5,18,2,False
Michigan,2021-05-16,Beverages,188840159,2021-05-16,189621245.0,175334448.0,169329452.0,180479196.7142857,5289269.584558665,5,19,2,False
Michigan,2021-05-23,Beverages,209732476,2021-05-23,188840159.0,178056650.0,169076115.0,182408584.0,5518981.700704963,5,20,2,False
Michigan,2021-05-30,Beverages,208722391,2021-05-30,209732476.0,177152745.0,169836316.0,186933702.0,10673953.660187645,5,21,2,False
Michigan,2021-06-06,Beverages,206905514,2021-06-06,208722391.0,176226692.0,170455154.0,191443651.42857143,12155159.684816869,6,22,2,False
Michigan,2021-06-13,Beverages,212793407,2021-06-13,206905514.0,179434937.0,175140544.0,195826340.2857143,11384782.809529107,6,23,2,False
Michigan,2021-06-20,Beverages,216301358,2021-06-20,212793407.0,187527660.0,175298866.0,200591836.0,10471229.718566911,6,24,2,False
Michigan,2021-06-27,Beverages,203598154,2021-06-27,216301358.0,189621245.0,171246211.0,204702364.2857143,10179586.36634319,6,25,2,False
Michigan,2021-07-04,Beverages,234922042,2021-07-04,203598154.0,188840159.0,167074284.0,206699065.57142857,8204870.151348219,7,26,3,False
Michigan,2021-07-11,Beverages,211704347,2021-07-11,234922042.0,209732476.0,170268476.0,213282191.7142857,9602620.663686879,7,27,3,False
Michigan,2021-07-18,Beverages,210437920,2021-07-18,211704347.0,208722391.0,179747536.0,213563887.57142857,9522949.045582274,7,28,3,False
Michigan,2021-07-25,Beverages,211852514,2021-07-25,210437920.0,206905514.0,175213629.0,213808963.14285713,9416680.18260139,7,29,3,False
Michigan,2021-08-01,Beverages,208089145,2021-08-01,211852514.0,212793407.0,167656813.0,214515677.42857143,9050580.306879489,8,30,3,False
Michigan,2021-08-08,Beverages,203345533,2021-08-08,208089145.0,216301358.0,168509581.0,213843640.0,9324037.221285863,8,31,3,False
Michigan,2021-08-15,Beverages,211394867,2021-08-15,203345533.0,203598154.0,172757738.0,211992807.85714287,9919349.82169534,8,32,3,False
Michigan,2021-08-22,Beverages,210581436,2021-08-22,211394867.0,234922042.0,164797691.0,213106624.0,9334710.350414421,8,33,3,False
Michigan,2021-08-29,Beverages,211585141,2021-08-29,210581436.0,211704347.0,168703717.0,209629394.57142857,2822966.062017398,8,34,3,False
Michigan,2021-09-05,Beverages,205489318,2021-09-05,211585141.0,210437920.0,167159465.0,209612365.14285713,2810730.667919626,9,35,3,False
Michigan,2021-09-12,Beverages,190209866,2021-09-12,205489318.0,211852514.0,166337862.0,208905422.0,3119547.698042412,9,36,3,False
Michigan,2021-09-19,Beverages,192769391,2021-09-19,190209866.0,208089145.0,166888782.0,205813615.14285713,6990244.429428469,9,37,3,False
Michigan,2021-09-26,Beverages,192597473,2021-09-26,192769391.0,203345533.0,171250581.0,203625078.85714287,8224445.5316646695,9,38,3,False
Michigan,2021-10-03,Beverages,272388963,2021-10-03,192597473.0,211394867.0,176250345.0,202089641.7142857,9090949.224678895,10,39,4,False
Michigan,2021-10-10,Beverages,272107322,2021-10-10,272388963.0,210581436.0,203367036.0,210803084.0,26464143.73392436,10,40,4,False
Michigan,2021-10-17,Beverages,266644798,2021-10-17,272107322.0,211585141.0,197126612.0,219592496.2857143,34058438.04743232,10,41,4,False
Michigan,2021-10-24,Beverages,265041404,2021-10-24,266644798.0,205489318.0,175334448.0,227458161.57142857,37486304.05294283,10,42,4,False
Michigan,2021-10-31,Beverages,264137985,2021-10-31,265041404.0,190209866.0,178056650.0,235965602.42857143,38284265.91184518,10,43,4,False
Michigan,2021-11-07,Beverages,262312014,2021-11-07,264137985.0,192769391.0,177152745.0,246526762.2857143,34182543.90724515,11,44,4,False
Michigan,2021-11-14,Beverages,270617457,2021-11-14,262312014.0,192597473.0,176226692.0,256461422.7142857,26315560.34828935,11,45,4,False
Michigan,2021-11-21,Beverages,272869740,2021-11-21,270617457.0,272388963.0,179434937.0,267607134.7142857,3775143.834384756,11,46,4,False
Michigan,2021-11-28,Beverages,258449519,2021-11-28,272869740.0,272107322.0,187527660.0,267675817.14285713,3864824.677214844,11,47,4,False
Michigan,2021-12-05,Beverages,256907912,2021-12-05,258449519.0,266644798.0,189621245.0,265724702.42857143,4526059.311257806,12,48,4,False
Michigan,2021-12-12,Beverages,263995027,2021-12-12,256907912.0,265041404.0,188840159.0,264333718.7142857,5434570.004939297,12,49,4,False
Michigan,2021-12-19,Beverages,280540700,2021-12-19,263995027.0,264137985.0,209732476.0,264184236.2857143,5427434.761187833,12,50,4,False
Michigan,2021-12-26,Beverages,272997721,2021-12-26,280540700.0,262312014.0,208722391.0,266527481.2857143,7885751.370612135,12,51,4,False
Michigan,2022-01-02,Beverages,258795361,2022-01-02,272997721.0,270617457.0,206905514.0,268054010.85714287,7955926.026285076,1,52,1,False
Michigan,2022-01-09,Beverages,253295724,2022-01-09,258795361.0,272869740.0,212793407.0,266365140.0,8470643.930617481,1,1,1,False
Michigan,2022-01-16,Beverages,267939091,2022-01-16,253295724.0,258449519.0,216301358.0,263568852.0,9071366.943486122,1,2,1,False
Michigan,2022-01-23,Beverages,260937458,2022-01-23,267939091.0,256907912.0,203598154.0,264924505.14285713,8912709.528770583,1,3,1,False
Michigan,2022-01-30,Beverages,258918927,2022-01-30,260937458.0,263995027.0,234922042.0,265500154.57142857,8496771.752164142,1,4,1,False
Michigan,2022-02-06,Beverages,259324079,2022-02-06,258918927.0,280540700.0,211704347.0,264774997.42857143,8805291.336353429,2,5,1,False
Michigan,2022-02-13,Beverages,259641534,2022-02-13,259324079.0,272997721.0,210437920.0,261744051.57142857,6089578.841267744,2,6,1,False
Michigan,2022-02-20,Beverages,255986594,2022-02-20,259641534.0,258795361.0,211852514.0,259836024.85714287,3997719.6389536033,2,7,1,False
Michigan,2022-02-27,Beverages,263844273,2022-02-27,255986594.0,253295724.0,208089145.0,259434772.42857143,4216980.101955973,2,8,1,False
Michigan,2022-03-06,Beverages,267495330,2022-03-06,263844273.0,267939091.0,203345533.0,260941708.0,3592457.2614629795,3,9,1,False
Michigan,2022-03-13,Beverages,272357558,2022-03-13,267495330.0,260937458.0,211394867.0,260878313.57142857,3470255.336905438,3,10,1,False
Michigan,2022-03-20,Beverages,270874843,2022-03-20,272357558.0,258918927.0,210581436.0,262509756.42857143,5310865.126428977,3,11,1,False
Michigan,2022-03-27,Beverages,271333899,2022-03-27,270874843.0,259324079.0,211585141.0,264217744.42857143,5782943.82575938,3,12,1,False
Michigan,2022-04-03,Beverages,269775009,2022-04-03,271333899.0,259641534.0,205489318.0,265933433.0,5857640.415754518,4,13,2,False
Michigan,2022-04-10,Beverages,272790230,2022-04-10,269775009.0,255986594.0,190209866.0,267381072.2857143,5354354.106822507,4,14,2,False
Michigan,2022-04-17,Beverages,287040671,2022-04-17,272790230.0,263844273.0,192769391.0,269781591.71428573,2922111.5749323936,4,15,2,False
Michigan,2022-04-24,Beverages,275580398,2022-04-24,287040671.0,267495330.0,192597473.0,273095362.85714287,5922447.157810394,4,16,2,False
Michigan,2022-05-01,Beverages,282586895,2022-05-01,275580398.0,272357558.0,272388963.0,274250372.5714286,5490307.8490175195,5,17,2,False
Michigan,2022-05-08,Beverages,285495850,2022-05-08,282586895.0,270874843.0,272107322.0,275711706.4285714,6117547.882291609,5,18,2,False
Michigan,2022-05-15,Beverages,300641016,2022-05-15,285495850.0,271333899.0,266644798.0,277800421.71428573,6587497.264094224,5,19,2,False
Michigan,2022-05-22,Beverages,314840284,2022-05-22,300641016.0,269775009.0,265041404.0,281987152.71428573,9717007.604319528,5,20,2,False
Michigan,2022-05-29,Beverages,306388135,2022-05-29,314840284.0,272790230.0,264137985.0,288425049.14285713,13632984.505443899,5,21,2,False
Michigan,2022-06-05,Beverages,306853012,2022-06-05,306388135.0,287040671.0,262312014.0,293224749.85714287,13190758.999790726,6,22,2,False
Michigan,2022-06-12,Beverages,308788146,2022-06-12,306853012.0,275580398.0,270617457.0,296055084.28571427,13676800.000700247,6,23,2,False
Michigan,2022-06-19,Beverages,320570867,2022-06-19,308788146.0,282586895.0,272869740.0,300799048.28571427,11305913.300458388,6,24,2,False
Michigan,2022-06-26,Beverages,316322911,2022-06-26,320570867.0,285495850.0,258449519.0,306225330.0,10336456.177537203,6,25,2,False
Michigan,2022-07-03,Beverages,336691120,2022-07-03,316322911.0,300641016.0,256907912.0,310629195.85714287,6373918.325468568,7,26,3,False
Michigan,2022-07-10,Beverages,307970545,2022-07-10,336691120.0,314840284.0,263995027.0,315779210.71428573,9842977.378430359,7,27,3,False
Michigan,2022-07-17,Beverages,313980317,2022-07-17,307970545.0,306388135.0,280540700.0,314797819.4285714,10222812.029818252,7,28,3,False
Michigan,2022-07-24,Beverages,317499495,2022-07-24,313980317.0,306853012.0,272997721.0,315882416.85714287,9660318.373466121,7,29,3,False
Michigan,2022-07-31,Beverages,310660975,2022-07-31,317499495.0,308788146.0,258795361.0,317403343.0,8929441.934720464,7,30,3,False
Michigan,2022-08-07,Beverages,311504645,2022-08-07,310660975.0,320570867.0,253295724.0,317670890.0,8692208.086860333,8,31,3,False
Michigan,2022-08-14,Beverages,312440272,2022-08-14,311504645.0,316322911.0,267939091.0,316375715.4285714,8837838.622190194,8,32,3,False
Michigan,2022-08-21,Beverages,314265560,2022-08-21,312440272.0,336691120.0,260937458.0,315821052.71428573,8944935.61558412,8,33,3,False
Michigan,2022-08-28,Beverages,315632708,2022-08-28,314265560.0,307970545.0,258918927.0,312617401.28571427,2805588.400523678,8,34,3,False
Michigan,2022-09-04,Beverages,304680805,2022-09-04,315632708.0,313980317.0,259324079.0,313711996.0,2210724.575253371,9,35,3,False
Michigan,2022-09-11,Beverages,294312537,2022-09-11,304680805.0,317499495.0,259641534.0,312383494.28571427,3842378.7111414303,9,36,3,False
Michigan,2022-09-18,Beverages,294166542,2022-09-18,294312537.0,310660975.0,255986594.0,309071071.71428573,6834034.052241962,9,37,3,False
Michigan,2022-09-25,Beverages,288160495,2022-09-25,294166542.0,311504645.0,263844273.0,306714724.14285713,8516192.529485827,9,38,3,False
Michigan,2022-10-02,Beverages,282399899,2022-10-02,288160495.0,312440272.0,267495330.0,303379845.5714286,10358881.06243453,10,39,4,False
Michigan,2022-10-09,Beverages,286499168,2022-10-09,282399899.0,314265560.0,272357558.0,299088363.71428573,11833934.45876739,10,40,4,False
Michigan,2022-10-16,Beverages,279710141,2022-10-16,286499168.0,315632708.0,270874843.0,295121736.28571427,10679056.024083927,10,41,4,False
Michigan,2022-10-23,Beverages,278567340,2022-10-23,279710141.0,304680805.0,271333899.0,289989941.0,7844613.3617166,10,42,4,False
Michigan,2022-10-30,Beverages,278843205,2022-10-30,278567340.0,294312537.0,269775009.0,286259446.0,5952237.148301113,10,43,4,False
Michigan,2022-11-06,Beverages,271352831,2022-11-06,278843205.0,294166542.0,272790230.0,284049541.4285714,5397969.167055558,11,44,4,False
Michigan,2022-11-13,Beverages,278438333,2022-11-13,271352831.0,288160495.0,287040671.0,280790439.85714287,5188821.111277728,11,45,4,False
Michigan,2022-11-20,Beverages,281746513,2022-11-20,278438333.0,282399899.0,275580398.0,279401559.5714286,4245650.318624302,11,46,4,False
Michigan,2022-11-27,Beverages,283287869,2022-11-27,281746513.0,286499168.0,282586895.0,279308218.71428573,4185461.333852166,11,47,4,False
Michigan,2022-12-04,Beverages,267733289,2022-12-04,283287869.0,279710141.0,285495850.0,278849461.71428573,3490420.869255331,12,48,4,False
Michigan,2022-12-11,Beverages,274538192,2022-12-11,267733289.0,278567340.0,300641016.0,277138482.85714287,5177115.183265496,12,49,4,False
Michigan,2022-12-18,Beverages,289247309,2022-12-18,274538192.0,278843205.0,314840284.0,276562890.28571427,5210132.758037822,12,50,4,False
Michigan,2022-12-25,Beverages,306638295,2022-12-25,289247309.0,271352831.0,306388135.0,278049190.85714287,6868659.681037504,12,51,4,False
Michigan,2023-01-01,Beverages,265936218,2023-01-01,306638295.0,278438333.0,306853012.0,283089971.4285714,11494587.295562001,1,52,1,False
Michigan,2023-01-08,Beverages,260463422,2023-01-08,265936218.0,281746513.0,308788146.0,281303955.0,12956869.62581877,1,1,1,False
Michigan,2023-01-15,Beverages,271479464,2023-01-15,260463422.0,283287869.0,320570867.0,278263513.4285714,14854461.845323045,1,2,1,False
Michigan,2023-01-22,Beverages,267805472,2023-01-22,271479464.0,267733289.0,316322911.0,276576598.4285714,14858593.757821,1,3,1,False
Michigan,2023-01-29,Beverages,268217254,2023-01-29,267805472.0,274538192.0,336691120.0,276586910.28571427,14852476.715327596,1,4,1,False
Michigan,2023-02-05,Beverages,269131633,2023-02-05,268217254.0,289247309.0,307970545.0,275683919.14285713,15138968.641761532,2,5,1,False
Michigan,2023-02-12,Beverages,277413870,2023-02-12,269131633.0,306638295.0,313980317.0,272810251.14285713,14169785.438516492,2,6,1,False
Michigan,2023-02-19,Beverages,271158933,2023-02-19,277413870.0,265936218.0,317499495.0,268635333.28571427,4785796.204827922,2,7,1,False
Michigan,2023-02-26,Beverages,278286361,2023-02-26,271158933.0,260463422.0,310660975.0,269381435.4285714,4713408.99589892,2,8,1,False
Michigan,2023-03-05,Beverages,285143962,2023-03-05,278286361.0,271479464.0,311504645.0,271927569.5714286,3962335.403428999,3,9,1,False
Michigan,2023-03-12,Beverages,307906237,2023-03-12,285143962.0,267805472.0,312440272.0,273879640.71428573,6067464.414402428,3,10,1,False
Michigan,2023-03-19,Beverages,298998448,2023-03-19,307906237.0,268217254.0,314265560.0,279608321.4285714,12811201.131810993,3,11,1,False
Michigan,2023-03-26,Beverages,274857748,2023-03-26,298998448.0,269131633.0,315632708.0,284005634.85714287,13415098.92753081,3,12,1,False
Michigan,2023-04-02,Beverages,270892077,2023-04-02,274857748.0,277413870.0,304680805.0,284823651.28571427,12635087.207630355,4,13,2,False
Michigan,2023-04-09,Beverages,289077747,2023-04-09,270892077.0,271158933.0,294312537.0,283891966.5714286,13366405.915788583,4,14,2,False
Michigan,2023-04-16,Beverages,294447762,2023-04-16,289077747.0,278286361.0,294166542.0,286451797.14285713,12360759.89677853,4,15,2,False
Michigan,2023-04-23,Beverages,290478740,2023-04-23,294447762.0,285143962.0,288160495.0,288760568.71428573,12127105.531417549,4,16,2,False
Michigan,2023-04-30,Beverages,293332903,2023-04-30,290478740.0,307906237.0,282399899.0,289522679.85714287,12043216.197592778,4,17,2,False
Michigan,2023-05-07,Beverages,302279586,2023-05-07,293332903.0,298998448.0,286499168.0,287440775.0,9721079.65056241,5,18,2,False
Minnesota,2020-05-03,Beverages,98819370,2020-05-03,93791800.0,98503916.0,86019275.0,93642920.0,4497968.047284368,5,18,2,False
Minnesota,2020-05-10,Beverages,100800109,2020-05-10,98819370.0,100365404.0,85073032.0,93687984.85714285,4547749.089726798,5,19,2,False
Minnesota,2020-05-17,Beverages,99939397,2020-05-17,100800109.0,89170025.0,86824087.0,93750085.57142857,4640528.609125546,5,20,2,False
Minnesota,2020-05-24,Beverages,105025249,2020-05-24,99939397.0,86761913.0,85277458.0,95288567.28571428,4652244.920931415,5,21,2,False
Minnesota,2020-05-31,Beverages,100116563,2020-05-31,105025249.0,91817825.0,86713264.0,97897615.28571428,4241847.590435602,5,22,2,False
Minnesota,2020-06-07,Beverages,110837793,2020-06-07,100116563.0,95089557.0,84792562.0,99083149.28571428,3465634.137968236,6,23,2,False
Minnesota,2020-06-14,Beverages,106339901,2020-06-14,110837793.0,93791800.0,88150642.0,101332897.28571428,4940613.711278159,6,24,2,False
Minnesota,2020-06-21,Beverages,104235251,2020-06-21,106339901.0,98819370.0,88882997.0,103125483.14285715,4080896.8979893904,6,25,2,False
Minnesota,2020-06-28,Beverages,108051411,2020-06-28,104235251.0,100800109.0,85728575.0,103899180.42857143,3685391.2045173747,6,26,2,False
Minnesota,2020-07-05,Beverages,113631395,2020-07-05,108051411.0,99939397.0,84846098.0,104935080.71428572,3687815.991257986,7,27,3,False
Minnesota,2020-07-12,Beverages,102530353,2020-07-12,113631395.0,105025249.0,89138966.0,106891080.42857143,4124619.2846711474,7,28,3,False
Minnesota,2020-07-19,Beverages,106131721,2020-07-19,102530353.0,100116563.0,97405942.0,106534666.71428572,4370890.581705693,7,29,3,False
Minnesota,2020-07-26,Beverages,102315871,2020-07-26,106131721.0,110837793.0,85599586.0,107393975.0,3536225.311841301,7,30,3,False
Minnesota,2020-08-02,Beverages,103683539,2020-08-02,102315871.0,106339901.0,84911772.0,106176557.57142857,3607269.3994750986,8,31,3,False
Minnesota,2020-08-09,Beverages,102633994,2020-08-09,103683539.0,104235251.0,84123001.0,105797077.28571428,3708429.994212782,8,32,3,False
Minnesota,2020-08-16,Beverages,100593499,2020-08-16,102633994.0,108051411.0,83780774.0,105568326.28571428,3844600.6023188103,8,33,3,False
Minnesota,2020-08-23,Beverages,100912474,2020-08-23,100593499.0,113631395.0,83457389.0,104502910.28571428,4037398.2887221603,8,34,3,False
Minnesota,2020-08-30,Beverages,101213004,2020-08-30,100912474.0,102530353.0,86519041.0,102685921.57142857,1713640.99509064,8,35,3,False
Minnesota,2020-09-06,Beverages,97276162,2020-09-06,101213004.0,106131721.0,83420524.0,102497728.85714285,1790982.4649466034,9,36,3,False
Minnesota,2020-09-13,Beverages,90902813,2020-09-13,97276162.0,102315871.0,84249164.0,101232649.0,1901473.096720387,9,37,3,False
Minnesota,2020-09-20,Beverages,94896310,2020-09-20,90902813.0,103683539.0,85538889.0,99602212.14285715,4004159.81971209,9,38,3,False
Minnesota,2020-09-27,Beverages,93622893,2020-09-27,94896310.0,102633994.0,87428014.0,98346893.71428572,3904037.9571508686,9,39,3,False
Minnesota,2020-10-04,Beverages,90137231,2020-10-04,93622893.0,100593499.0,93072470.0,97059593.57142857,3761222.234485846,10,40,4,False
Minnesota,2020-10-11,Beverages,92733966,2020-10-11,90137231.0,100912474.0,98503916.0,95565841.0,4120317.041546864,10,41,4,False
Minnesota,2020-10-18,Beverages,91361911,2020-10-18,92733966.0,101213004.0,100365404.0,94397482.71428572,3560029.9286943483,10,42,4,False
Minnesota,2020-10-25,Beverages,88195717,2020-10-25,91361911.0,97276162.0,89170025.0,92990183.71428572,2318146.536756991,10,43,4,False
Minnesota,2020-11-01,Beverages,90227674,2020-11-01,88195717.0,90902813.0,86761913.0,91692977.28571428,2085826.7679627885,11,44,4,False
Minnesota,2020-11-08,Beverages,92381903,2020-11-08,90227674.0,94896310.0,91817825.0,91596528.85714285,2135159.7854808006,11,45,4,False
Minnesota,2020-11-15,Beverages,90527955,2020-11-15,92381903.0,93622893.0,95089557.0,91237327.85714285,1721188.5682138423,11,46,4,False
Minnesota,2020-11-22,Beverages,94588919,2020-11-22,90527955.0,90137231.0,93791800.0,90795193.85714285,1423343.2521154466,11,47,4,False
Minnesota,2020-11-29,Beverages,90436876,2020-11-29,94588919.0,92733966.0,98819370.0,91431149.28571428,1901491.9811878903,11,48,4,False
Minnesota,2020-12-06,Beverages,88823001,2020-12-06,90436876.0,91361911.0,100800109.0,91102993.57142857,1845734.3504721583,12,49,4,False
Minnesota,2020-12-13,Beverages,91835639,2020-12-13,88823001.0,88195717.0,99939397.0,90740292.14285715,2002056.3947576685,12,50,4,False
Minnesota,2020-12-20,Beverages,97675929,2020-12-20,91835639.0,90227674.0,105025249.0,91260281.0,1727500.748540794,12,51,4,False
Minnesota,2020-12-27,Beverages,91777387,2020-12-27,97675929.0,92381903.0,100116563.0,92324317.42857143,2753150.383719379,12,52,4,False
Minnesota,2021-01-03,Beverages,90331996,2021-01-03,91777387.0,90527955.0,110837793.0,92237958.0,2759463.4671813133,1,53,1,False
Minnesota,2021-01-10,Beverages,89294777,2021-01-10,90331996.0,94588919.0,106339901.0,92209963.85714285,2777603.4265982737,1,1,1,False
Minnesota,2021-01-17,Beverages,89602683,2021-01-17,89294777.0,90436876.0,104235251.0,91453657.85714285,2747478.3516380987,1,2,1,False
Minnesota,2021-01-24,Beverages,88667427,2021-01-24,89602683.0,88823001.0,108051411.0,91334487.42857143,2806454.6136280703,1,3,1,False
Minnesota,2021-01-31,Beverages,90183510,2021-01-31,88667427.0,91835639.0,113631395.0,91312262.57142857,2826797.8382238224,1,4,1,False
Minnesota,2021-02-07,Beverages,90126133,2021-02-07,90183510.0,97675929.0,102530353.0,91076244.14285715,2842175.442419701,2,5,1,False
Minnesota,2021-02-14,Beverages,86753736,2021-02-14,90126133.0,91777387.0,106131721.0,89997701.85714285,906313.2109288306,2,6,1,False
Minnesota,2021-02-21,Beverages,88350366,2021-02-21,86753736.0,90331996.0,102315871.0,89280037.42857143,1164999.3932849485,2,7,1,False
Minnesota,2021-02-28,Beverages,92126306,2021-02-28,88350366.0,89294777.0,103683539.0,88996947.42857143,1114659.3071352453,2,8,1,False
Minnesota,2021-03-07,Beverages,93828613,2021-03-07,92126306.0,89602683.0,102633994.0,89401451.57142857,1570080.753187782,3,9,1,False
Minnesota,2021-03-14,Beverages,104257441,2021-03-14,93828613.0,88667427.0,100593499.0,90005155.85714285,2212436.509996768,3,10,1,False
Minnesota,2021-03-21,Beverages,104974234,2021-03-21,104257441.0,90183510.0,100912474.0,92232300.71428572,5356985.039187297,3,11,1,False
Minnesota,2021-03-28,Beverages,92657850,2021-03-28,104974234.0,90126133.0,101213004.0,94345261.28571428,6843016.511141489,3,12,1,False
Minnesota,2021-04-04,Beverages,94421283,2021-04-04,92657850.0,86753736.0,97276162.0,94706935.14285715,6675314.677500118,4,13,2,False
Minnesota,2021-04-11,Beverages,95832544,2021-04-11,94421283.0,88350366.0,90902813.0,95802299.0,5859647.100411925,4,14,2,False
Minnesota,2021-04-18,Beverages,93521570,2021-04-18,95832544.0,92126306.0,94896310.0,96871181.57142857,5025936.851581029,4,15,2,False
Minnesota,2021-04-25,Beverages,100056679,2021-04-25,93521570.0,93828613.0,93622893.0,97070505.0,4858692.259966756,4,16,2,False
Minnesota,2021-05-02,Beverages,103977711,2021-05-02,100056679.0,104257441.0,90137231.0,97960228.71428572,4752658.605509941,5,17,2,False
Minnesota,2021-05-09,Beverages,105321958,2021-05-09,103977711.0,104974234.0,92733966.0,97920267.28571428,4700431.269283615,5,18,2,False
Minnesota,2021-05-16,Beverages,104100075,2021-05-16,105321958.0,92657850.0,91361911.0,97969942.14285715,4775946.947307657,5,19,2,False
Minnesota,2021-05-23,Beverages,110002060,2021-05-23,104100075.0,94421283.0,88195717.0,99604545.71428572,4634103.222945486,5,20,2,False
Minnesota,2021-05-30,Beverages,109039999,2021-05-30,110002060.0,95832544.0,90227674.0,101830371.0,5303454.296224977,5,21,2,False
Minnesota,2021-06-06,Beverages,115436091,2021-06-06,109039999.0,93521570.0,92381903.0,103717150.28571428,5181996.953332978,6,22,2,False
Minnesota,2021-06-13,Beverages,117915848,2021-06-13,115436091.0,100056679.0,90527955.0,106847796.14285715,4671322.185007725,6,23,2,False
Minnesota,2021-06-20,Beverages,114274509,2021-06-20,117915848.0,103977711.0,94588919.0,109399106.0,5120923.223785108,6,24,2,False
Minnesota,2021-06-27,Beverages,111124011,2021-06-27,114274509.0,105321958.0,90436876.0,110870077.14285715,4822547.053637801,6,25,2,False
Minnesota,2021-07-04,Beverages,122951160,2021-07-04,111124011.0,104100075.0,88823001.0,111698941.85714285,4264009.849395581,7,26,3,False
Minnesota,2021-07-11,Beverages,106159315,2021-07-11,122951160.0,110002060.0,91835639.0,114391954.0,4557190.468777296,7,27,3,False
Minnesota,2021-07-18,Beverages,111405611,2021-07-18,106159315.0,109039999.0,97675929.0,113842990.42857143,5234112.605028161,7,28,3,False
Minnesota,2021-07-25,Beverages,111300951,2021-07-25,111405611.0,115436091.0,91777387.0,114180935.0,4983461.066613762,7,29,3,False
Minnesota,2021-08-01,Beverages,110440238,2021-08-01,111300951.0,117915848.0,90331996.0,113590200.71428572,5044378.932448085,8,30,3,False
Minnesota,2021-08-08,Beverages,107412088,2021-08-08,110440238.0,114274509.0,89294777.0,112522256.42857143,4801009.081107635,8,31,3,False
Minnesota,2021-08-15,Beverages,108478416,2021-08-15,107412088.0,111124011.0,89602683.0,111541910.57142857,5037909.198908441,8,32,3,False
Minnesota,2021-08-22,Beverages,109695212,2021-08-22,108478416.0,122951160.0,88667427.0,111163968.42857143,5153004.404770193,8,33,3,False
Minnesota,2021-08-29,Beverages,106212318,2021-08-29,109695212.0,106159315.0,90183510.0,109270261.57142857,1851279.9220487827,8,34,3,False
Minnesota,2021-09-05,Beverages,106419904,2021-09-05,106212318.0,111405611.0,90126133.0,109277833.42857143,1838605.4666155677,9,35,3,False
Minnesota,2021-09-12,Beverages,98946363,2021-09-12,106419904.0,111300951.0,86753736.0,108565589.57142857,1842070.8251484775,9,36,3,False
Minnesota,2021-09-19,Beverages,101096975,2021-09-19,98946363.0,110440238.0,88350366.0,106800648.42857143,3525311.9719571024,9,37,3,False
Minnesota,2021-09-26,Beverages,101130925,2021-09-26,101096975.0,107412088.0,92126306.0,105465896.57142857,3660778.8435112135,9,38,3,False
Minnesota,2021-10-03,Beverages,142310494,2021-10-03,101130925.0,108478416.0,93828613.0,104568587.57142857,3839220.2620879025,10,39,4,False
Minnesota,2021-10-10,Beverages,142365708,2021-10-10,142310494.0,109695212.0,104257441.0,109401741.57142857,13881263.759645384,10,40,4,False
Minnesota,2021-10-17,Beverages,141654269,2021-10-17,142365708.0,106212318.0,104974234.0,114068955.28571428,18058963.566929046,10,41,4,False
Minnesota,2021-10-24,Beverages,138827291,2021-10-24,141654269.0,106419904.0,92657850.0,119132091.14285715,20009492.48340018,10,42,4,False
Minnesota,2021-10-31,Beverages,139945356,2021-10-31,138827291.0,98946363.0,94421283.0,123761717.85714285,20279918.346430022,10,43,4,False
Minnesota,2021-11-07,Beverages,139426569,2021-11-07,139945356.0,101096975.0,95832544.0,129618716.85714285,18066950.34276694,11,44,4,False
Minnesota,2021-11-14,Beverages,142219907,2021-11-14,139426569.0,101130925.0,93521570.0,135094373.14285713,13926990.166023865,11,45,4,False
Minnesota,2021-11-21,Beverages,144134749,2021-11-21,142219907.0,142310494.0,100056679.0,140964227.7142857,1403997.3423015894,11,46,4,False
Minnesota,2021-11-28,Beverages,135947926,2021-11-28,144134749.0,142365708.0,103977711.0,141224835.57142857,1755107.5215338033,11,47,4,False
Minnesota,2021-12-05,Beverages,136907438,2021-12-05,135947926.0,141654269.0,105321958.0,140308009.57142857,2455984.301131971,12,48,4,False
Minnesota,2021-12-12,Beverages,143149995,2021-12-12,136907438.0,138827291.0,104100075.0,139629890.85714287,2639144.0668896367,12,49,4,False
Minnesota,2021-12-19,Beverages,150556757,2021-12-19,143149995.0,139945356.0,110002060.0,140247420.0,2874348.1444995403,12,50,4,False
Minnesota,2021-12-26,Beverages,143077721,2021-12-26,150556757.0,139426569.0,109039999.0,141763334.42857143,4597178.507779362,12,51,4,False
Minnesota,2022-01-02,Beverages,136647628,2022-01-02,143077721.0,142219907.0,115436091.0,142284927.57142857,4508738.739872212,1,52,1,False
Minnesota,2022-01-09,Beverages,136449092,2022-01-09,136647628.0,144134749.0,117915848.0,141488887.7142857,4922836.5483903885,1,1,1,False
Minnesota,2022-01-16,Beverages,138917297,2022-01-16,136449092.0,135947926.0,114274509.0,140390936.7142857,5065298.212697147,1,2,1,False
Minnesota,2022-01-23,Beverages,137356428,2022-01-23,138917297.0,136907438.0,111124011.0,140815132.57142857,4792440.428254977,1,3,1,False
Minnesota,2022-01-30,Beverages,137044187,2022-01-30,137356428.0,143149995.0,122951160.0,140879274.0,4742455.036272172,1,4,1,False
Minnesota,2022-02-06,Beverages,136857025,2022-02-06,137044187.0,150556757.0,106159315.0,140007015.7142857,4805681.685198969,2,5,1,False
Minnesota,2022-02-13,Beverages,137682763,2022-02-13,136857025.0,143077721.0,111405611.0,138049911.14285713,2186831.6087843706,2,6,1,False
Minnesota,2022-02-20,Beverages,137238387,2022-02-20,137682763.0,136647628.0,111300951.0,137279202.85714287,772159.713659907,2,7,1,False
Minnesota,2022-02-27,Beverages,137778767,2022-02-27,137238387.0,136449092.0,110440238.0,137363597.0,729631.6975388414,2,8,1,False
Minnesota,2022-03-06,Beverages,143332612,2022-03-06,137778767.0,138917297.0,107412088.0,137553550.57142857,633584.7126986505,3,9,1,False
Minnesota,2022-03-13,Beverages,139805622,2022-03-13,143332612.0,137356428.0,108478416.0,138184309.85714287,2123432.290800845,3,10,1,False
Minnesota,2022-03-20,Beverages,143171252,2022-03-20,139805622.0,137044187.0,109695212.0,138534194.7142857,2159665.3728129733,3,11,1,False
Minnesota,2022-03-27,Beverages,140142116,2022-03-27,143171252.0,136857025.0,106212318.0,139409489.7142857,2579265.3876879243,3,12,1,False
Minnesota,2022-04-03,Beverages,146116218,2022-04-03,140142116.0,137682763.0,106419904.0,139878788.42857143,2361846.9091280787,4,13,2,False
Minnesota,2022-04-10,Beverages,143712011,2022-04-10,146116218.0,137238387.0,98946363.0,141083567.7142857,2999304.5346187097,4,14,2,False
Minnesota,2022-04-17,Beverages,154502102,2022-04-17,143712011.0,137778767.0,101096975.0,142008371.14285713,2648645.571659545,4,15,2,False
Minnesota,2022-04-24,Beverages,143095708,2022-04-24,154502102.0,143332612.0,101130925.0,144397419.0,4588155.1759363115,4,16,2,False
Minnesota,2022-05-01,Beverages,149729277,2022-05-01,143095708.0,139805622.0,142310494.0,144363575.57142857,4596750.332975431,5,17,2,False
Minnesota,2022-05-08,Beverages,156582183,2022-05-08,149729277.0,143171252.0,142365708.0,145781240.57142857,4501716.943276133,5,18,2,False
Minnesota,2022-05-15,Beverages,161717721,2022-05-15,156582183.0,140142116.0,141654269.0,147697087.85714287,5682217.993866155,5,19,2,False
Minnesota,2022-05-22,Beverages,163927826,2022-05-22,161717721.0,146116218.0,138827291.0,150779317.14285713,6535756.614687789,5,20,2,False
Minnesota,2022-05-29,Beverages,164135791,2022-05-29,163927826.0,143712011.0,139945356.0,153323832.57142857,7604788.73447144,5,21,2,False
Minnesota,2022-06-05,Beverages,168279111,2022-06-05,164135791.0,154502102.0,139426569.0,156241515.42857143,7267844.052770095,6,22,2,False
Minnesota,2022-06-12,Beverages,173059131,2022-06-12,168279111.0,143095708.0,142219907.0,158209659.57142857,8319631.763176812,6,23,2,False
Minnesota,2022-06-19,Beverages,169844069,2022-06-19,173059131.0,149729277.0,144134749.0,162490148.57142857,7054188.986234736,6,24,2,False
Minnesota,2022-06-26,Beverages,170761157,2022-06-26,169844069.0,156582183.0,135947926.0,165363690.2857143,5095806.178973721,6,25,2,False
Minnesota,2022-07-03,Beverages,177884742,2022-07-03,170761157.0,161717721.0,136907438.0,167389258.0,3874237.050464089,7,26,3,False
Minnesota,2022-07-10,Beverages,160262968,2022-07-10,177884742.0,163927826.0,143149995.0,169698832.42857143,4562547.897617989,7,27,3,False
Minnesota,2022-07-17,Beverages,168999832,2022-07-17,160262968.0,164135791.0,150556757.0,169175281.2857143,5338942.979224462,7,28,3,False
Minnesota,2022-07-24,Beverages,167503484,2022-07-24,168999832.0,168279111.0,143077721.0,169870144.2857143,4939413.830731196,7,29,3,False
Minnesota,2022-07-31,Beverages,165469005,2022-07-31,167503484.0,173059131.0,136647628.0,169759340.42857143,4982374.856387747,7,30,3,False
Minnesota,2022-08-07,Beverages,164476856,2022-08-07,165469005.0,169844069.0,136449092.0,168675036.7142857,4972162.1184872035,8,31,3,False
Minnesota,2022-08-14,Beverages,162917111,2022-08-14,164476856.0,170761157.0,138917297.0,167908292.0,5143644.838247406,8,32,3,False
Minnesota,2022-08-21,Beverages,161040274,2022-08-21,162917111.0,177884742.0,137356428.0,166787714.0,5253335.800669398,8,33,3,False
Minnesota,2022-08-28,Beverages,157247429,2022-08-28,161040274.0,160262968.0,137044187.0,164381361.42857143,2988981.347665778,8,34,3,False
Minnesota,2022-09-04,Beverages,158827611,2022-09-04,157247429.0,168999832.0,136857025.0,163950570.14285713,3687252.674840968,9,35,3,False
Minnesota,2022-09-11,Beverages,152012109,2022-09-11,158827611.0,167503484.0,137682763.0,162497395.7142857,3404586.8147728653,9,36,3,False
Minnesota,2022-09-18,Beverages,155422657,2022-09-18,152012109.0,165469005.0,137238387.0,160284342.14285713,4338129.195889808,9,37,3,False
Minnesota,2022-09-25,Beverages,150349561,2022-09-25,155422657.0,164476856.0,137778767.0,158849149.57142857,4036836.8789028456,9,38,3,False
Minnesota,2022-10-02,Beverages,147925689,2022-10-02,150349561.0,162917111.0,143332612.0,156830964.57142857,4244875.823287438,10,39,4,False
Minnesota,2022-10-09,Beverages,149476006,2022-10-09,147925689.0,161040274.0,139805622.0,154689332.85714287,4412473.312611533,10,40,4,False
Minnesota,2022-10-16,Beverages,148281618,2022-10-16,149476006.0,157247429.0,143171252.0,153037294.57142857,3855036.6901846994,10,41,4,False
Minnesota,2022-10-23,Beverages,146004889,2022-10-23,148281618.0,158827611.0,140142116.0,151756464.42857143,3730888.4797848132,10,42,4,False
Minnesota,2022-10-30,Beverages,145187253,2022-10-30,146004889.0,152012109.0,146116218.0,149924647.0,2854253.026494005,10,43,4,False
Minnesota,2022-11-06,Beverages,147112423,2022-11-06,145187253.0,155422657.0,143712011.0,148949667.57142857,3127267.9194829757,11,44,4,False
Minnesota,2022-11-13,Beverages,145251407,2022-11-13,147112423.0,150349561.0,154502102.0,147762491.2857143,1693213.1424734676,11,45,4,False
Minnesota,2022-11-20,Beverages,148888193,2022-11-20,145251407.0,147925689.0,143095708.0,147034183.57142857,1510363.4812044515,11,46,4,False
Minnesota,2022-11-27,Beverages,149075120,2022-11-27,148888193.0,149476006.0,149729277.0,147171684.14285713,1624746.5340585927,11,47,4,False
Minnesota,2022-12-04,Beverages,141815147,2022-12-04,149075120.0,148281618.0,156582183.0,147114414.7142857,1547755.0299134674,12,48,4,False
Minnesota,2022-12-11,Beverages,147925775,2022-12-11,141815147.0,146004889.0,161717721.0,146190633.14285713,2315015.8124692347,12,49,4,False
Minnesota,2022-12-18,Beverages,155565500,2022-12-18,147925775.0,145187253.0,163927826.0,146465045.42857143,2389386.92506862,12,50,4,False
Minnesota,2022-12-25,Beverages,158967123,2022-12-25,155565500.0,147112423.0,164135791.0,147947652.14285713,3887026.9647933063,12,51,4,False
Minnesota,2023-01-01,Beverages,142235161,2023-01-01,158967123.0,145251407.0,168279111.0,149641180.7142857,5430307.903264825,1,52,1,False
Minnesota,2023-01-08,Beverages,139611641,2023-01-08,142235161.0,148888193.0,173059131.0,149210288.42857143,5863897.351985593,1,1,1,False
Minnesota,2023-01-15,Beverages,146028384,2023-01-15,139611641.0,149075120.0,169844069.0,147885066.7142857,6765815.798463757,1,2,1,False
Minnesota,2023-01-22,Beverages,142633406,2023-01-22,146028384.0,141815147.0,170761157.0,147449818.7142857,6773254.145738608,1,3,1,False
Minnesota,2023-01-29,Beverages,143647987,2023-01-29,142633406.0,147925775.0,177884742.0,147566712.85714287,6681439.734512709,1,4,1,False
Minnesota,2023-02-05,Beverages,142903528,2023-02-05,143647987.0,155565500.0,160262968.0,146955600.2857143,6814949.2732393965,2,5,1,False
Minnesota,2023-02-12,Beverages,149857578,2023-02-12,142903528.0,158967123.0,168999832.0,145146747.14285713,5909919.071834445,2,6,1,False
Minnesota,2023-02-19,Beverages,144808511,2023-02-19,149857578.0,142235161.0,167503484.0,143845383.57142857,3019562.706421075,2,7,1,False
Minnesota,2023-02-26,Beverages,145381583,2023-02-26,144808511.0,139611641.0,165469005.0,144213005.0,2957148.5222127056,2,8,1,False
Minnesota,2023-03-05,Beverages,150408045,2023-03-05,145381583.0,146028384.0,164476856.0,145037282.42857143,2288170.9040749837,3,9,1,False
Minnesota,2023-03-12,Beverages,159753821,2023-03-12,150408045.0,142633406.0,162917111.0,145662948.2857143,2970634.528754298,3,10,1,False
Minnesota,2023-03-19,Beverages,160661473,2023-03-19,159753821.0,143647987.0,161040274.0,148108721.85714287,5467757.380111529,3,11,1,False
Minnesota,2023-03-26,Beverages,148335593,2023-03-26,160661473.0,142903528.0,157247429.0,150539219.85714287,6607320.155566306,3,12,1,False
Minnesota,2023-04-02,Beverages,145671349,2023-04-02,148335593.0,149857578.0,158827611.0,151315229.14285713,5951393.663609291,4,13,2,False
Minnesota,2023-04-09,Beverages,158004187,2023-04-09,145671349.0,144808511.0,152012109.0,150717196.42857143,6269640.455582305,4,14,2,False
Minnesota,2023-04-16,Beverages,156591378,2023-04-16,158004187.0,145381583.0,155422657.0,152602293.0,6192983.179199057,4,15,2,False
Minnesota,2023-04-23,Beverages,153923321,2023-04-23,156591378.0,150408045.0,150349561.0,154203692.2857143,5532941.262914119,4,16,2,False
Minnesota,2023-04-30,Beverages,160640376,2023-04-30,153923321.0,159753821.0,147925689.0,154705874.57142857,5321122.780763278,4,17,2,False
Minnesota,2023-05-07,Beverages,168499755,2023-05-07,160640376.0,160661473.0,149476006.0,154832525.2857143,5448783.544080406,5,18,2,False
Mississippi,2020-05-03,Beverages,80084004,2020-05-03,74321524.0,80995359.0,44056171.0,76833761.28571428,3719737.6008711755,5,18,2,False
Mississippi,2020-05-10,Beverages,80520035,2020-05-10,80084004.0,83519431.0,41552217.0,76703567.71428572,3585320.5542934802,5,19,2,False
Mississippi,2020-05-17,Beverages,81316607,2020-05-17,80520035.0,72978267.0,38851699.0,76275082.57142857,2848706.4214459932,5,20,2,False
Mississippi,2020-05-24,Beverages,85387819,2020-05-24,81316607.0,77455655.0,36538417.0,77466274.0,2962173.778167849,5,21,2,False
Mississippi,2020-05-31,Beverages,83005768,2020-05-31,85387819.0,73920525.0,36599073.0,78599440.28571428,4056451.9340138496,5,22,2,False
Mississippi,2020-06-07,Beverages,85302924,2020-06-07,83005768.0,74645568.0,38349706.0,79897332.14285715,3796905.2965289624,6,23,2,False
Mississippi,2020-06-14,Beverages,84243209,2020-06-14,85302924.0,74321524.0,36392273.0,81419811.57142857,3511800.927007189,6,24,2,False
Mississippi,2020-06-21,Beverages,85725635,2020-06-21,84243209.0,80084004.0,38443750.0,82837195.14285715,2065093.3403174118,6,25,2,False
Mississippi,2020-06-28,Beverages,83644914,2020-06-28,85725635.0,80520035.0,37637324.0,83643142.42857143,1929783.0994821398,6,26,2,False
Mississippi,2020-07-05,Beverages,88490037,2020-07-05,83644914.0,81316607.0,36069396.0,84089553.71428572,1459924.7315871944,7,27,3,False
Mississippi,2020-07-12,Beverages,84387136,2020-07-12,88490037.0,85387819.0,35860883.0,85114329.42857143,1658033.4465325305,7,28,3,False
Mississippi,2020-07-19,Beverages,84440406,2020-07-19,84387136.0,83005768.0,37353845.0,84971374.71428572,1671376.0692173427,7,29,3,False
Mississippi,2020-07-26,Beverages,83261697,2020-07-26,84440406.0,85302924.0,35853471.0,85176323.0,1496604.5939702245,7,30,3,False
Mississippi,2020-08-02,Beverages,84643249,2020-08-02,83261697.0,84243209.0,68052452.0,84884719.14285715,1635905.7087315428,8,31,3,False
Mississippi,2020-08-09,Beverages,88015157,2020-08-09,84643249.0,85725635.0,70894239.0,84941867.71428572,1619401.2679740258,8,32,3,False
Mississippi,2020-08-16,Beverages,87084174,2020-08-16,88015157.0,83644914.0,70297795.0,85268942.28571428,1943457.6960963176,8,33,3,False
Mississippi,2020-08-23,Beverages,85014743,2020-08-23,87084174.0,88490037.0,68431296.0,85760265.14285715,1905143.637993089,8,34,3,False
Mississippi,2020-08-30,Beverages,82928450,2020-08-30,85014743.0,84387136.0,70528160.0,85263794.57142857,1548537.2658038281,8,35,3,False
Mississippi,2020-09-06,Beverages,88797296,2020-09-06,82928450.0,84440406.0,71994582.0,85055410.85714285,1738928.703659218,9,36,3,False
Mississippi,2020-09-13,Beverages,86952829,2020-09-13,88797296.0,83261697.0,68943575.0,85677823.71428572,2140720.851546844,9,37,3,False
Mississippi,2020-09-20,Beverages,85302068,2020-09-20,86952829.0,84643249.0,67299689.0,86205128.28571428,1924296.5227210782,9,38,3,False
Mississippi,2020-09-27,Beverages,80731913,2020-09-27,85302068.0,88015157.0,74436058.0,86299245.28571428,1860662.887259044,9,39,3,False
Mississippi,2020-10-04,Beverages,84063070,2020-10-04,80731913.0,87084174.0,76961885.0,85258781.85714285,2527204.8762316615,10,40,4,False
Mississippi,2020-10-11,Beverages,82272528,2020-10-11,84063070.0,85014743.0,80995359.0,84827195.57142857,2434899.6670774953,10,41,4,False
Mississippi,2020-10-18,Beverages,78326190,2020-10-18,82272528.0,82928450.0,83519431.0,84435450.57142857,2588934.090330075,10,42,4,False
Mississippi,2020-10-25,Beverages,76949399,2020-10-25,78326190.0,88797296.0,72978267.0,83777984.85714285,3358236.014798246,10,43,4,False
Mississippi,2020-11-01,Beverages,75112491,2020-11-01,76949399.0,86952829.0,77455655.0,82085428.14285715,3387521.360178906,11,44,4,False
Mississippi,2020-11-08,Beverages,78938981,2020-11-08,75112491.0,85302068.0,73920525.0,80393951.28571428,3489365.688285059,11,45,4,False
Mississippi,2020-11-15,Beverages,76427039,2020-11-15,78938981.0,80731913.0,74645568.0,79484938.85714285,2865382.398570309,11,46,4,False
Mississippi,2020-11-22,Beverages,78777516,2020-11-22,76427039.0,84063070.0,74321524.0,78869956.85714285,2990969.7670381507,11,47,4,False
Mississippi,2020-11-29,Beverages,74642425,2020-11-29,78777516.0,82272528.0,80084004.0,78114877.71428572,2127050.628891351,11,48,4,False
Mississippi,2020-12-06,Beverages,72702237,2020-12-06,74642425.0,78326190.0,80520035.0,77024863.0,1609141.6548766755,12,49,4,False
Mississippi,2020-12-13,Beverages,73894361,2020-12-13,72702237.0,76949399.0,81316607.0,76221441.14285715,2090748.1528126046,12,50,4,False
Mississippi,2020-12-20,Beverages,75204508,2020-12-20,73894361.0,75112491.0,85387819.0,75785007.14285715,2208769.9150833557,12,51,4,False
Mississippi,2020-12-27,Beverages,74054031,2020-12-27,75204508.0,78938981.0,83005768.0,75798152.42857143,2204998.978527139,12,52,4,False
Mississippi,2021-01-03,Beverages,72374353,2021-01-03,74054031.0,76427039.0,85302924.0,75100302.42857143,1843999.4016169885,1,53,1,False
Mississippi,2021-01-10,Beverages,74935324,2021-01-10,72374353.0,78777516.0,84243209.0,74521347.28571428,1968559.426412766,1,1,1,False
Mississippi,2021-01-17,Beverages,73378114,2021-01-17,74935324.0,74642425.0,85725635.0,73972462.71428572,1005276.6636585435,1,2,1,False
Mississippi,2021-01-24,Beverages,71537284,2021-01-24,73378114.0,72702237.0,83644914.0,73791846.85714285,981988.8352878798,1,3,1,False
Mississippi,2021-01-31,Beverages,71007272,2021-01-31,71537284.0,73894361.0,88490037.0,73625425.0,1221944.8726572283,1,4,1,False
Mississippi,2021-02-07,Beverages,73886810,2021-02-07,71007272.0,75204508.0,84387136.0,73212983.71428572,1513920.5849561754,2,5,1,False
Mississippi,2021-02-14,Beverages,72133584,2021-02-14,73886810.0,74054031.0,84440406.0,73024741.14285715,1324684.0478136418,2,6,1,False
Mississippi,2021-02-21,Beverages,65114278,2021-02-21,72133584.0,72374353.0,83261697.0,72750391.57142857,1281258.5563518053,2,7,1,False
Mississippi,2021-02-28,Beverages,77157319,2021-02-28,65114278.0,74935324.0,84643249.0,71713238.0,2979222.7454979643,2,8,1,False
Mississippi,2021-03-07,Beverages,77050481,2021-03-07,77157319.0,73378114.0,88015157.0,72030665.85714285,3394980.197770503,3,9,1,False
Mississippi,2021-03-14,Beverages,84884720,2021-03-14,77050481.0,71537284.0,87084174.0,72555289.71428572,3819827.034849251,3,10,1,False
Mississippi,2021-03-21,Beverages,84883463,2021-03-21,84884720.0,71007272.0,85014743.0,74462066.28571428,5702950.205384511,3,11,1,False
Mississippi,2021-03-28,Beverages,73043661,2021-03-28,84883463.0,73886810.0,82928450.0,76444379.28571428,6511840.198831071,3,12,1,False
Mississippi,2021-04-04,Beverages,78613964,2021-04-04,73043661.0,72133584.0,88797296.0,76323929.42857143,6565609.605651355,4,13,2,False
Mississippi,2021-04-11,Beverages,75948633,2021-04-11,78613964.0,65114278.0,86952829.0,77249698.0,6363248.696891224,4,14,2,False
Mississippi,2021-04-18,Beverages,75186879,2021-04-18,75948633.0,77157319.0,85302068.0,78797463.0,4159186.973103733,4,15,2,False
Mississippi,2021-04-25,Beverages,76356586,2021-04-25,75186879.0,77050481.0,80731913.0,78515971.57142857,4324076.060690535,4,16,2,False
Mississippi,2021-05-02,Beverages,80162039,2021-05-02,76356586.0,84884720.0,84063070.0,78416843.71428572,4364302.195199717,5,17,2,False
Mississippi,2021-05-09,Beverages,83166644,2021-05-09,80162039.0,84883463.0,82272528.0,77742175.0,3612596.4816953684,5,18,2,False
Mississippi,2021-05-16,Beverages,80190784,2021-05-16,83166644.0,73043661.0,78326190.0,77496915.14285715,3147828.6445295084,5,19,2,False
Mississippi,2021-05-23,Beverages,83026106,2021-05-23,80190784.0,78613964.0,76949399.0,78517932.71428572,2658944.3398698806,5,20,2,False
Mississippi,2021-05-30,Beverages,83526280,2021-05-30,83026106.0,75948633.0,75112491.0,79148238.71428572,3094310.442649234,5,21,2,False
Mississippi,2021-06-06,Beverages,84919031,2021-06-06,83526280.0,75186879.0,78938981.0,80230759.71428572,3111042.69550646,6,22,2,False
Mississippi,2021-06-13,Beverages,83357018,2021-06-13,84919031.0,76356586.0,76427039.0,81621067.14285715,2692809.9593377295,6,23,2,False
Mississippi,2021-06-20,Beverages,88850382,2021-06-20,83357018.0,80162039.0,78777516.0,82621128.85714285,1649955.7564633593,6,24,2,False
Mississippi,2021-06-27,Beverages,83858614,2021-06-27,88850382.0,83166644.0,74642425.0,83862320.71428572,2421010.686133943,6,25,2,False
Mississippi,2021-07-04,Beverages,89465561,2021-07-04,83858614.0,80190784.0,72702237.0,83961173.57142857,2404658.9789108676,7,26,3,False
Mississippi,2021-07-11,Beverages,83019370,2021-07-11,89465561.0,83026106.0,73894361.0,85286141.71428572,2514823.2832080685,7,27,3,False
Mississippi,2021-07-18,Beverages,87160318,2021-07-18,83019370.0,83526280.0,75204508.0,85285179.42857143,2515689.0312380525,7,28,3,False
Mississippi,2021-07-25,Beverages,85932976,2021-07-25,87160318.0,84919031.0,74054031.0,85804327.71428572,2473766.7050629198,7,29,3,False
Mississippi,2021-08-01,Beverages,87989100,2021-08-01,85932976.0,83357018.0,72374353.0,85949177.0,2447231.1723844795,8,30,3,False
Mississippi,2021-08-08,Beverages,90401766,2021-08-08,87989100.0,88850382.0,74935324.0,86610903.0,2277197.8817567504,8,31,3,False
Mississippi,2021-08-15,Beverages,89407334,2021-08-15,90401766.0,83858614.0,73378114.0,86832529.28571428,2544207.987017666,8,32,3,False
Mississippi,2021-08-22,Beverages,88266535,2021-08-22,89407334.0,89465561.0,71537284.0,87625203.57142857,2351233.0958121964,8,33,3,False
Mississippi,2021-08-29,Beverages,88796969,2021-08-29,88266535.0,83019370.0,71007272.0,87453914.14285715,2252525.235434761,8,34,3,False
Mississippi,2021-09-05,Beverages,90661871,2021-09-05,88796969.0,87160318.0,73886810.0,88279285.42857143,1356836.6484089815,9,35,3,False
Mississippi,2021-09-12,Beverages,87545104,2021-09-12,90661871.0,85932976.0,72133584.0,88779507.28571428,1490930.3130062781,9,36,3,False
Mississippi,2021-09-19,Beverages,83689759,2021-09-19,87545104.0,87989100.0,65114278.0,89009811.28571428,1109043.6016164552,9,37,3,False
Mississippi,2021-09-26,Beverages,79384217,2021-09-26,83689759.0,90401766.0,77157319.0,88395619.71428572,2178804.7103552213,9,38,3,False
Mississippi,2021-10-03,Beverages,81310913,2021-10-03,79384217.0,89407334.0,77050481.0,86821684.14285715,3646332.27541969,10,39,4,False
Mississippi,2021-10-10,Beverages,84218998,2021-10-10,81310913.0,88266535.0,84884720.0,85665052.57142857,3916788.2378370273,10,40,4,False
Mississippi,2021-10-17,Beverages,83952608,2021-10-17,84218998.0,88796969.0,84883463.0,85086833.0,3786660.9601207334,10,41,4,False
Mississippi,2021-10-24,Beverages,82838945,2021-10-24,83952608.0,90661871.0,73043661.0,84394781.42857143,3475226.984525838,10,42,4,False
Mississippi,2021-10-31,Beverages,78428832,2021-10-31,82838945.0,87545104.0,78613964.0,83277220.57142857,2358632.7022264055,10,43,4,False
Mississippi,2021-11-07,Beverages,81938578,2021-11-07,78428832.0,83689759.0,75948633.0,81974896.0,2150140.703779766,11,44,4,False
Mississippi,2021-11-14,Beverages,81282714,2021-11-14,81938578.0,79384217.0,75186879.0,81724727.28571428,2034846.7303270816,11,45,4,False
Mississippi,2021-11-21,Beverages,81753713,2021-11-21,81282714.0,81310913.0,76356586.0,81995941.14285715,1819995.9640664228,11,46,4,False
Mississippi,2021-11-28,Beverages,77581365,2021-11-28,81753713.0,84218998.0,80162039.0,82059198.28571428,1802700.2689756607,11,47,4,False
Mississippi,2021-12-05,Beverages,76082822,2021-12-05,77581365.0,83952608.0,83166644.0,81110965.0,2132749.0441825166,12,48,4,False
Mississippi,2021-12-12,Beverages,77581164,2021-12-12,76082822.0,82838945.0,80190784.0,79986709.85714285,2396424.98924531,12,49,4,False
Mississippi,2021-12-19,Beverages,79507132,2021-12-19,77581164.0,78428832.0,83026106.0,79235598.28571428,2200720.483163033,12,50,4,False
Mississippi,2021-12-26,Beverages,80883670,2021-12-26,79507132.0,81938578.0,83526280.0,79389641.14285715,2176463.3441980174,12,51,4,False
Mississippi,2022-01-02,Beverages,110968258,2022-01-02,80883670.0,81282714.0,84919031.0,79238940.0,2026080.5266583737,1,52,1,False
Mississippi,2022-01-09,Beverages,112145741,2022-01-09,110968258.0,81753713.0,83357018.0,83479732.0,11373009.447024064,1,1,1,False
Mississippi,2022-01-16,Beverages,113551277,2022-01-16,112145741.0,77581365.0,88850382.0,87821450.28571428,15081799.408875156,1,2,1,False
Mississippi,2022-01-23,Beverages,109174948,2022-01-23,113551277.0,76082822.0,83858614.0,92960009.14285715,16752636.63707469,1,3,1,False
Mississippi,2022-01-30,Beverages,109188689,2022-01-30,109174948.0,77581164.0,89465561.0,97687455.71428572,15974083.379662346,1,4,1,False
Mississippi,2022-02-06,Beverages,113290910,2022-02-06,109188689.0,79507132.0,83019370.0,102202816.42857143,13997425.287094032,2,5,1,False
Mississippi,2022-02-13,Beverages,113033145,2022-02-13,113290910.0,80883670.0,87160318.0,107029070.42857143,10798796.4695427,2,6,1,False
Mississippi,2022-02-20,Beverages,106562405,2022-02-20,113033145.0,110968258.0,85932976.0,111621852.57142857,1736558.564719847,2,7,1,False
Mississippi,2022-02-27,Beverages,120831667,2022-02-27,106562405.0,112145741.0,87989100.0,110992445.0,2493053.0957715004,2,8,1,False
Mississippi,2022-03-06,Beverages,123696413,2022-03-06,120831667.0,113551277.0,90401766.0,112233291.57142857,4279677.767796901,3,9,1,False
Mississippi,2022-03-13,Beverages,121263063,2022-03-13,123696413.0,109174948.0,89407334.0,113682596.71428572,5893969.825043633,3,10,1,False
Mississippi,2022-03-20,Beverages,122723018,2022-03-20,121263063.0,109188689.0,88266535.0,115409470.28571428,6087951.660513207,3,11,1,False
Mississippi,2022-03-27,Beverages,119940036,2022-03-27,122723018.0,113290910.0,88796969.0,117342945.85714285,5952954.294327488,3,12,1,False
Mississippi,2022-04-03,Beverages,122095739,2022-04-03,119940036.0,113033145.0,90661871.0,118292821.0,5757897.64368267,4,13,2,False
Mississippi,2022-04-10,Beverages,125207942,2022-04-10,122095739.0,106562405.0,87545104.0,119587477.28571428,5439783.954857091,4,14,2,False
Mississippi,2022-04-17,Beverages,122894624,2022-04-17,125207942.0,120831667.0,83689759.0,122251125.42857143,1665220.3578953778,4,15,2,False
Mississippi,2022-04-24,Beverages,119312727,2022-04-24,122894624.0,123696413.0,79384217.0,122545833.57142857,1567617.3839468127,4,16,2,False
Mississippi,2022-05-01,Beverages,126600178,2022-05-01,119312727.0,121263063.0,81310913.0,121919592.71428572,1835595.3351063498,5,17,2,False
Mississippi,2022-05-08,Beverages,128793331,2022-05-08,126600178.0,122723018.0,84218998.0,122682037.71428572,2419960.517528339,5,18,2,False
Mississippi,2022-05-15,Beverages,127925111,2022-05-15,128793331.0,119940036.0,83952608.0,123549225.28571428,3231001.3617338524,5,19,2,False
Mississippi,2022-05-22,Beverages,132576708,2022-05-22,127925111.0,122095739.0,82838945.0,124689950.28571428,3164286.0264807953,5,20,2,False
Mississippi,2022-05-29,Beverages,129924948,2022-05-29,132576708.0,125207942.0,78428832.0,126187231.57142857,3961727.5941315517,5,21,2,False
Mississippi,2022-06-05,Beverages,128096228,2022-06-05,129924948.0,122894624.0,81938578.0,126861089.57142857,4135213.2872488024,6,22,2,False
Mississippi,2022-06-12,Beverages,129274780,2022-06-12,128096228.0,119312727.0,81282714.0,127604175.85714285,3810275.5755148567,6,23,2,False
Mississippi,2022-06-19,Beverages,135929880,2022-06-19,129274780.0,126600178.0,81753713.0,129027326.28571428,1752251.3593601664,6,24,2,False
Mississippi,2022-06-26,Beverages,131695553,2022-06-26,135929880.0,128793331.0,77581365.0,130360140.85714285,2694230.0779287545,6,25,2,False
Mississippi,2022-07-03,Beverages,136207450,2022-07-03,131695553.0,127925111.0,76082822.0,130774744.0,2644057.8146393844,7,26,3,False
Mississippi,2022-07-10,Beverages,130807997,2022-07-10,136207450.0,132576708.0,77581164.0,131957935.28571428,2940641.013882462,7,27,3,False
Mississippi,2022-07-17,Beverages,128249542,2022-07-17,130807997.0,129924948.0,79507132.0,131705262.28571428,2952581.434275535,7,28,3,False
Mississippi,2022-07-24,Beverages,130097352,2022-07-24,128249542.0,128096228.0,80883670.0,131465918.57142857,3148597.096313678,7,29,3,False
Mississippi,2022-07-31,Beverages,135051986,2022-07-31,130097352.0,129274780.0,110968258.0,131751793.42857143,2911595.895234725,7,30,3,False
Mississippi,2022-08-07,Beverages,137049614,2022-08-07,135051986.0,135929880.0,112145741.0,132577108.57142857,2911293.146352916,8,31,3,False
Mississippi,2022-08-14,Beverages,136515381,2022-08-14,137049614.0,131695553.0,113551277.0,132737070.57142857,3114769.15343329,8,32,3,False
Mississippi,2022-08-21,Beverages,132428742,2022-08-21,136515381.0,136207450.0,109174948.0,133425617.42857143,3333481.697134999,8,33,3,False
Mississippi,2022-08-28,Beverages,131486639,2022-08-28,132428742.0,130807997.0,109188689.0,132885802.0,3139610.1864973544,8,34,3,False
Mississippi,2022-09-04,Beverages,138658756,2022-09-04,131486639.0,128249542.0,113290910.0,132982750.85714285,3083936.6025153995,9,35,3,False
Mississippi,2022-09-11,Beverages,133104584,2022-09-11,138658756.0,130097352.0,113033145.0,134469781.42857143,2949808.7984571927,9,36,3,False
Mississippi,2022-09-18,Beverages,129734298,2022-09-18,133104584.0,135051986.0,106562405.0,134899386.0,2460061.205068409,9,37,3,False
Mississippi,2022-09-25,Beverages,130304299,2022-09-25,129734298.0,137049614.0,120831667.0,134139716.28571428,3046742.257674794,9,38,3,False
Mississippi,2022-10-02,Beverages,129796112,2022-10-02,130304299.0,136515381.0,123696413.0,133176099.85714285,3040711.697494983,10,39,4,False
Mississippi,2022-10-09,Beverages,130359054,2022-10-09,129796112.0,132428742.0,121263063.0,132216204.28571428,2891989.3350436487,10,40,4,False
Mississippi,2022-10-16,Beverages,128427931,2022-10-16,130359054.0,131486639.0,122723018.0,131920534.57142857,2960142.541021596,10,41,4,False
Mississippi,2022-10-23,Beverages,122593677,2022-10-23,128427931.0,138658756.0,119940036.0,131483576.28571428,3207370.8320107744,10,42,4,False
Mississippi,2022-10-30,Beverages,119071387,2022-10-30,122593677.0,133104584.0,122095739.0,129188565.0,2992566.0595456264,10,43,4,False
Mississippi,2022-11-06,Beverages,124153469,2022-11-06,119071387.0,129734298.0,125207942.0,127183822.57142857,4167515.563192329,11,44,4,False
Mississippi,2022-11-13,Beverages,122102914,2022-11-13,124153469.0,130304299.0,122894624.0,126386561.28571428,4137045.8876972874,11,45,4,False
Mississippi,2022-11-20,Beverages,122286981,2022-11-20,122102914.0,129796112.0,119312727.0,125214934.85714285,4021336.781860053,11,46,4,False
Mississippi,2022-11-27,Beverages,121026307,2022-11-27,122286981.0,130359054.0,126600178.0,124142201.85714285,3639632.7079664124,11,47,4,False
Mississippi,2022-12-04,Beverages,115121332,2022-12-04,121026307.0,128427931.0,128793331.0,122808952.28571428,2708324.547942774,12,48,4,False
Mississippi,2022-12-11,Beverages,117254143,2022-12-11,115121332.0,122593677.0,127925111.0,120908009.57142857,2766551.604013892,12,49,4,False
Mississippi,2022-12-18,Beverages,120542508,2022-12-18,117254143.0,119071387.0,132576708.0,120145219.0,2928016.746994079,12,50,4,False
Mississippi,2022-12-25,Beverages,124193300,2022-12-25,120542508.0,124153469.0,129924948.0,120355379.14285715,2896020.098601314,12,51,4,False
Mississippi,2023-01-01,Beverages,112027974,2023-01-01,124193300.0,122102914.0,128096228.0,120361069.28571428,2903506.505176108,1,52,1,False
Mississippi,2023-01-08,Beverages,112685742,2023-01-08,112027974.0,122286981.0,129274780.0,118921792.14285715,3980636.585014033,1,1,1,False
Mississippi,2023-01-15,Beverages,113277510,2023-01-15,112685742.0,121026307.0,135929880.0,117550186.57142857,4231058.391545135,1,2,1,False
Mississippi,2023-01-22,Beverages,111098227,2023-01-22,113277510.0,115121332.0,131695553.0,116443215.57142857,4190254.749754453,1,3,1,False
Mississippi,2023-01-29,Beverages,110578234,2023-01-29,111098227.0,117254143.0,136207450.0,115868486.28571428,4589070.4702146,1,4,1,False
Mississippi,2023-02-05,Beverages,114310973,2023-02-05,110578234.0,120542508.0,130807997.0,114914785.0,4886086.312672915,2,5,1,False
Mississippi,2023-02-12,Beverages,116622414,2023-02-12,114310973.0,124193300.0,128249542.0,114024565.71428572,4313811.147502986,2,6,1,False
Mississippi,2023-02-19,Beverages,114050480,2023-02-19,116622414.0,112027974.0,130097352.0,112943010.57142857,1905634.2913693695,2,7,1,False
Mississippi,2023-02-26,Beverages,119099292,2023-02-26,114050480.0,112685742.0,135051986.0,113231940.0,1898304.8630819249,2,8,1,False
Mississippi,2023-03-05,Beverages,125689687,2023-03-05,119099292.0,113277510.0,137049614.0,114148161.42857143,2763956.397368512,3,9,1,False
Mississippi,2023-03-12,Beverages,129739899,2023-03-12,125689687.0,111098227.0,136515381.0,115921329.57142857,4839068.4837332815,3,10,1,False
Mississippi,2023-03-19,Beverages,127423751,2023-03-19,129739899.0,110578234.0,132428742.0,118584425.57142857,6346675.924484466,3,11,1,False
Mississippi,2023-03-26,Beverages,119034341,2023-03-26,127423751.0,114310973.0,131486639.0,120990928.0,6041024.747693604,3,12,1,False
Mississippi,2023-04-02,Beverages,126251456,2023-04-02,119034341.0,116622414.0,138658756.0,121665694.85714285,5496454.983789542,4,13,2,False
Mississippi,2023-04-09,Beverages,122958103,2023-04-09,126251456.0,114050480.0,133104584.0,123041272.28571428,5262076.618097642,4,14,2,False
Mississippi,2023-04-16,Beverages,120893701,2023-04-16,122958103.0,119099292.0,129734298.0,124313789.85714285,3810954.450399953,4,15,2,False
Mississippi,2023-04-23,Beverages,122557413,2023-04-23,120893701.0,125689687.0,130304299.0,124570134.0,3499176.4421427003,4,16,2,False
Mississippi,2023-04-30,Beverages,126906993,2023-04-30,122557413.0,129739899.0,129796112.0,124122666.28571428,3527558.966389099,4,17,2,False
Mississippi,2023-05-07,Beverages,132113210,2023-05-07,126906993.0,127423751.0,130359054.0,123717965.42857143,2979894.490665906,5,18,2,False
Missouri,2020-05-03,Beverages,118208045,2020-05-03,113425514.0,119199349.0,111888230.0,114249554.0,4932254.248284476,5,18,2,False
Missouri,2020-05-10,Beverages,116614554,2020-05-10,118208045.0,121451834.0,105383406.0,114107939.14285715,4800576.168823817,5,19,2,False
Missouri,2020-05-17,Beverages,119008041,2020-05-17,116614554.0,104915820.0,105172325.0,113416899.14285715,3969999.87885644,5,20,2,False
Missouri,2020-05-24,Beverages,124723233,2020-05-24,119008041.0,112583580.0,103986310.0,115430073.57142857,2418639.3749207007,5,21,2,False
Missouri,2020-05-31,Beverages,119399493,2020-05-31,124723233.0,112802890.0,102216389.0,117164309.71428572,3744633.8081449973,5,22,2,False
Missouri,2020-06-07,Beverages,127937538,2020-06-07,119399493.0,115367891.0,102978285.0,118106681.57142857,3336242.237615338,6,23,2,False
Missouri,2020-06-14,Beverages,125420452,2020-06-14,127937538.0,113425514.0,104244425.0,119902345.42857143,4543244.425776046,6,24,2,False
Missouri,2020-06-21,Beverages,125519533,2020-06-21,125420452.0,118208045.0,106955334.0,121615908.0,4007734.7959468937,6,25,2,False
Missouri,2020-06-28,Beverages,128509528,2020-06-28,125519533.0,116614554.0,101366118.0,122660406.28571428,3935579.2565903394,6,26,2,False
Missouri,2020-07-05,Beverages,133882926,2020-07-05,128509528.0,119008041.0,101956161.0,124359688.28571428,3502416.8870223626,7,27,3,False
Missouri,2020-07-12,Beverages,126230431,2020-07-12,133882926.0,124723233.0,104799080.0,126484671.85714285,4076264.2209623703,7,28,3,False
Missouri,2020-07-19,Beverages,128088848,2020-07-19,126230431.0,119399493.0,112573327.0,126699985.85714285,4016909.9838681887,7,29,3,False
Missouri,2020-07-26,Beverages,124167502,2020-07-26,128088848.0,127937538.0,104085174.0,127941322.28571428,2693757.0661986354,7,30,3,False
Missouri,2020-08-02,Beverages,120643198,2020-08-02,124167502.0,125420452.0,100260344.0,127402745.71428572,3000131.9515476306,8,31,3,False
Missouri,2020-08-09,Beverages,122345675,2020-08-09,120643198.0,125519533.0,101623052.0,126720280.85714285,3808022.1910039405,8,32,3,False
Missouri,2020-08-16,Beverages,123662078,2020-08-16,122345675.0,128509528.0,99197303.0,126266872.57142857,4101629.6155881495,8,33,3,False
Missouri,2020-08-23,Beverages,121890879,2020-08-23,123662078.0,133882926.0,94975743.0,125574379.71428572,4073646.758863279,8,34,3,False
Missouri,2020-08-30,Beverages,121102970,2020-08-30,121890879.0,126230431.0,102451507.0,123861230.14285715,2395061.9247491998,8,35,3,False
Missouri,2020-09-06,Beverages,122107584,2020-09-06,121102970.0,128088848.0,97937045.0,123128735.71428572,2341955.8694958137,9,36,3,False
Missouri,2020-09-13,Beverages,118947582,2020-09-13,122107584.0,124167502.0,99080113.0,122274269.42857143,1178531.1418037142,9,37,3,False
Missouri,2020-09-20,Beverages,118825054,2020-09-20,118947582.0,120643198.0,99512943.0,121528566.57142857,1379055.5766929614,9,38,3,False
Missouri,2020-09-27,Beverages,115422362,2020-09-27,118825054.0,122345675.0,106212849.0,121268831.71428572,1663276.771477318,9,39,3,False
Missouri,2020-10-04,Beverages,115285442,2020-10-04,115422362.0,123662078.0,107370254.0,120279787.0,2550618.3524739584,10,40,4,False
Missouri,2020-10-11,Beverages,115422860,2020-10-11,115285442.0,121890879.0,119199349.0,119083124.71428572,2646268.6141551505,10,41,4,False
Missouri,2020-10-18,Beverages,114326214,2020-10-18,115422860.0,121102970.0,121451834.0,118159122.0,2633757.4892562637,10,42,4,False
Missouri,2020-10-25,Beverages,110115923,2020-10-25,114326214.0,122107584.0,104915820.0,117191014.0,2619189.094172249,10,43,4,False
Missouri,2020-11-01,Beverages,108363219,2020-11-01,110115923.0,118947582.0,112583580.0,115477919.57142857,2761015.98852402,11,44,4,False
Missouri,2020-11-08,Beverages,112621860,2020-11-08,108363219.0,118825054.0,112802890.0,113965867.71428572,3293690.204536852,11,45,4,False
Missouri,2020-11-15,Beverages,112293116,2020-11-15,112621860.0,115422362.0,115367891.0,113079697.14285715,2635915.225966295,11,46,4,False
Missouri,2020-11-22,Beverages,115585928,2020-11-22,112293116.0,115285442.0,113425514.0,112632662.0,2460200.104466893,11,47,4,False
Missouri,2020-11-29,Beverages,109778471,2020-11-29,115585928.0,115422860.0,118208045.0,112675588.57142857,2508264.3795132707,11,48,4,False
Missouri,2020-12-06,Beverages,108184374,2020-12-06,109778471.0,114326214.0,116614554.0,111869247.28571428,2400423.1002012286,12,49,4,False
Missouri,2020-12-13,Beverages,111915490,2020-12-13,108184374.0,110115923.0,119008041.0,110991841.57142857,2463648.2124889856,12,50,4,False
Missouri,2020-12-20,Beverages,116101349,2020-12-20,111915490.0,108363219.0,124723233.0,111248922.57142857,2452701.024124818,12,51,4,False
Missouri,2020-12-27,Beverages,113912367,2020-12-27,116101349.0,112621860.0,119399493.0,112354369.71428572,2639666.0946624745,12,52,4,False
Missouri,2021-01-03,Beverages,108200137,2021-01-03,113912367.0,112293116.0,127937538.0,112538727.85714285,2696366.567243777,1,53,1,False
Missouri,2021-01-10,Beverages,108211246,2021-01-10,108200137.0,115585928.0,125420452.0,111954016.57142857,3099829.0985720744,1,1,1,False
Missouri,2021-01-17,Beverages,107281946,2021-01-17,108211246.0,109778471.0,125519533.0,110900490.57142857,2935271.094297338,1,2,1,False
Missouri,2021-01-24,Beverages,106374644,2021-01-24,107281946.0,108184374.0,128509528.0,110543844.14285715,3190505.444748381,1,3,1,False
Missouri,2021-01-31,Beverages,107265091,2021-01-31,106374644.0,111915490.0,133882926.0,110285311.28571428,3435165.4308135463,1,4,1,False
Missouri,2021-02-07,Beverages,109879804,2021-02-07,107265091.0,116101349.0,126230431.0,109620968.57142857,3504636.1131458124,2,5,1,False
Missouri,2021-02-14,Beverages,105721019,2021-02-14,109879804.0,113912367.0,128088848.0,108732176.42857143,2345796.391316978,2,6,1,False
Missouri,2021-02-21,Beverages,104928173,2021-02-21,105721019.0,108200137.0,124167502.0,107561983.85714285,1263021.608816398,2,7,1,False
Missouri,2021-02-28,Beverages,113346368,2021-02-28,104928173.0,108211246.0,120643198.0,107094560.42857143,1519722.3739311264,2,8,1,False
Missouri,2021-03-07,Beverages,118309710,2021-03-07,113346368.0,107281946.0,122345675.0,107828149.28571428,2678963.968782547,3,9,1,False
Missouri,2021-03-14,Beverages,127423363,2021-03-14,118309710.0,106374644.0,123662078.0,109403544.14285715,4510774.876555923,3,10,1,False
Missouri,2021-03-21,Beverages,130041835,2021-03-21,127423363.0,107265091.0,121890879.0,112410504.0,7508819.694202529,3,11,1,False
Missouri,2021-03-28,Beverages,115232280,2021-03-28,130041835.0,109879804.0,121102970.0,115664324.57142857,9296341.308846045,3,12,1,False
Missouri,2021-04-04,Beverages,124240001,2021-04-04,115232280.0,105721019.0,122107584.0,116428964.0,9004657.542423192,4,13,2,False
Missouri,2021-04-11,Beverages,121180874,2021-04-11,124240001.0,104928173.0,118947582.0,119074532.85714285,8149898.974320037,4,14,2,False
Missouri,2021-04-18,Beverages,122020893,2021-04-18,121180874.0,113346368.0,118825054.0,121396347.28571428,5751116.5767873535,4,15,2,False
Missouri,2021-04-25,Beverages,123558039,2021-04-25,122020893.0,118309710.0,115422362.0,122635565.14285715,4726304.169601484,4,16,2,False
Missouri,2021-05-02,Beverages,130134582,2021-05-02,123558039.0,127423363.0,115285442.0,123385326.42857143,4384527.977956378,5,17,2,False
Missouri,2021-05-09,Beverages,127252315,2021-05-09,130134582.0,130041835.0,115422860.0,123772643.42857143,4822050.680145085,5,18,2,False
Missouri,2021-05-16,Beverages,124654431,2021-05-16,127252315.0,115232280.0,114326214.0,123374140.57142857,4382740.970946603,5,19,2,False
Missouri,2021-05-23,Beverages,130997443,2021-05-23,124654431.0,124240001.0,110115923.0,124720162.14285715,2856715.407860056,5,20,2,False
Missouri,2021-05-30,Beverages,131211942,2021-05-30,130997443.0,121180874.0,108363219.0,125685511.0,3581224.2873663586,5,21,2,False
Missouri,2021-06-06,Beverages,135533682,2021-06-06,131211942.0,122020893.0,112621860.0,127118520.71428572,3497983.8883537287,6,22,2,False
Missouri,2021-06-13,Beverages,140536017,2021-06-13,135533682.0,123558039.0,112293116.0,129048919.14285715,3861814.9597264645,6,23,2,False
Missouri,2021-06-20,Beverages,143891480,2021-06-20,140536017.0,130134582.0,115585928.0,131474344.57142857,4855337.804219365,6,24,2,False
Missouri,2021-06-27,Beverages,134304238,2021-06-27,143891480.0,127252315.0,109778471.0,133439615.71428572,6440656.468322441,6,25,2,False
Missouri,2021-07-04,Beverages,141538918,2021-07-04,134304238.0,124654431.0,108184374.0,134447033.2857143,5924947.746918325,7,26,3,False
Missouri,2021-07-11,Beverages,136230611,2021-07-11,141538918.0,130997443.0,111915490.0,136859102.85714287,4772065.329732199,7,27,3,False
Missouri,2021-07-18,Beverages,137132760,2021-07-18,136230611.0,131211942.0,116101349.0,137606698.2857143,4166737.432821401,7,28,3,False
Missouri,2021-07-25,Beverages,138734411,2021-07-25,137132760.0,135533682.0,113912367.0,138452529.42857143,3291886.196781224,7,29,3,False
Missouri,2021-08-01,Beverages,132578371,2021-08-01,138734411.0,140536017.0,108200137.0,138909776.42857143,3069477.9989874656,8,30,3,False
Missouri,2021-08-08,Beverages,132526729,2021-08-08,132578371.0,143891480.0,108211246.0,137772969.85714287,3671270.6703103944,8,31,3,False
Missouri,2021-08-15,Beverages,136489651,2021-08-15,132526729.0,134304238.0,107281946.0,136149434.0,3070211.5876293587,8,32,3,False
Missouri,2021-08-22,Beverages,136950984,2021-08-22,136489651.0,141538918.0,106374644.0,136461635.85714287,2976385.720038429,8,33,3,False
Missouri,2021-08-29,Beverages,136263421,2021-08-29,136950984.0,136230611.0,107265091.0,135806216.7142857,2186509.0100798965,8,34,3,False
Missouri,2021-09-05,Beverages,135476496,2021-09-05,136263421.0,137132760.0,109879804.0,135810903.85714287,2187448.710324276,9,35,3,False
Missouri,2021-09-12,Beverages,129961771,2021-09-12,135476496.0,138734411.0,105721019.0,135574294.7142857,2120214.300800151,9,36,3,False
Missouri,2021-09-19,Beverages,131425380,2021-09-19,129961771.0,132578371.0,104928173.0,134321060.42857143,2449112.8145627715,9,37,3,False
Missouri,2021-09-26,Beverages,127916878,2021-09-26,131425380.0,132526729.0,113346368.0,134156347.42857143,2595192.289670728,9,38,3,False
Missouri,2021-10-03,Beverages,182835643,2021-10-03,127916878.0,136489651.0,118309710.0,133497797.28571428,3388734.817330363,10,39,4,False
Missouri,2021-10-10,Beverages,180974727,2021-10-10,182835643.0,136950984.0,127423363.0,140118653.2857143,17723295.2333728,10,40,4,False
Missouri,2021-10-17,Beverages,178740957,2021-10-17,180974727.0,136263421.0,130041835.0,146407759.42857143,22618326.942092232,10,41,4,False
Missouri,2021-10-24,Beverages,175697601,2021-10-24,178740957.0,135476496.0,115232280.0,152475978.85714287,24686277.418326873,10,42,4,False
Missouri,2021-10-31,Beverages,170593466,2021-10-31,175697601.0,129961771.0,124240001.0,158221851.0,24741642.28347197,10,43,4,False
Missouri,2021-11-07,Beverages,173301229,2021-11-07,170593466.0,131425380.0,121180874.0,164026378.85714287,22050652.63295382,11,44,4,False
Missouri,2021-11-14,Beverages,176262581,2021-11-14,173301229.0,127916878.0,122020893.0,170008643.0,17632374.03811085,11,45,4,False
Missouri,2021-11-21,Beverages,179524372,2021-11-21,176262581.0,182835643.0,123558039.0,176915172.0,3960489.8585290206,11,46,4,False
Missouri,2021-11-28,Beverages,168366341,2021-11-28,179524372.0,180974727.0,130134582.0,176442133.2857143,3380362.360927996,11,47,4,False
Missouri,2021-12-05,Beverages,169212857,2021-12-05,168366341.0,178740957.0,127252315.0,174640935.2857143,3816351.35128272,12,48,4,False
Missouri,2021-12-12,Beverages,172977942,2021-12-12,169212857.0,175697601.0,124654431.0,173279778.14285713,3810443.8792884517,12,49,4,False
Missouri,2021-12-19,Beverages,183283805,2021-12-19,172977942.0,170593466.0,130997443.0,172891255.42857143,3680546.6653833725,12,50,4,False
Missouri,2021-12-26,Beverages,180054178,2021-12-26,183283805.0,173301229.0,131211942.0,174704161.0,4993479.03845695,12,51,4,False
Missouri,2022-01-02,Beverages,167821565,2022-01-02,180054178.0,176262581.0,135533682.0,175668868.0,5273703.996315452,1,52,1,False
Missouri,2022-01-09,Beverages,165807188,2022-01-09,167821565.0,179524372.0,140536017.0,174463008.57142857,5924919.136306598,1,1,1,False
Missouri,2022-01-16,Beverages,172225850,2022-01-16,165807188.0,168366341.0,143891480.0,172503410.85714287,6189372.631469361,1,2,1,False
Missouri,2022-01-23,Beverages,162857014,2022-01-23,172225850.0,169212857.0,134304238.0,173054769.2857143,5964083.634647712,1,3,1,False
Missouri,2022-01-30,Beverages,167447990,2022-01-30,162857014.0,172977942.0,141538918.0,172146791.7142857,6891558.139929373,1,4,1,False
Missouri,2022-02-06,Beverages,166723310,2022-02-06,167447990.0,183283805.0,136230611.0,171356798.57142857,7065755.623979623,2,5,1,False
Missouri,2022-02-13,Beverages,167496591,2022-02-13,166723310.0,180054178.0,137132760.0,168991013.57142857,5203178.713816902,2,6,1,False
Missouri,2022-02-20,Beverages,162813988,2022-02-20,167496591.0,167821565.0,138734411.0,167197072.57142857,2586326.7543939846,2,7,1,False
Missouri,2022-02-27,Beverages,173793170,2022-02-27,162813988.0,165807188.0,132578371.0,166481704.42857143,2977601.6492595905,2,8,1,False
Missouri,2022-03-06,Beverages,178493196,2022-03-06,173793170.0,172225850.0,132526729.0,167622559.0,3890547.030751567,3,9,1,False
Missouri,2022-03-13,Beverages,177612595,2022-03-13,178493196.0,162857014.0,136489651.0,168517894.14285713,5309339.197762244,3,10,1,False
Missouri,2022-03-20,Beverages,183364030,2022-03-20,177612595.0,167447990.0,136950984.0,170625834.2857143,5566323.705825973,3,11,1,False
Missouri,2022-03-27,Beverages,179106584,2022-03-27,183364030.0,166723310.0,136263421.0,172899554.2857143,6895775.461092708,3,12,1,False
Missouri,2022-04-03,Beverages,185211544,2022-04-03,179106584.0,167496591.0,135476496.0,174668593.42857143,6669083.92127566,4,13,2,False
Missouri,2022-04-10,Beverages,186091612,2022-04-10,185211544.0,162813988.0,129961771.0,177199301.0,6826645.114911832,4,14,2,False
Missouri,2022-04-17,Beverages,189193622,2022-04-17,186091612.0,173793170.0,131425380.0,180524675.85714287,4156762.543541714,4,15,2,False
Missouri,2022-04-24,Beverages,183150735,2022-04-24,189193622.0,178493196.0,127916878.0,182724740.42857143,4086671.5621384946,4,16,2,False
Missouri,2022-05-01,Beverages,188196566,2022-05-01,183150735.0,177612595.0,182835643.0,183390103.14285713,3704875.9672802393,5,17,2,False
Missouri,2022-05-08,Beverages,185103534,2022-05-08,188196566.0,183364030.0,180974727.0,184902099.0,3157809.0524623552,5,18,2,False
Missouri,2022-05-15,Beverages,197212779,2022-05-15,185103534.0,179106584.0,178740957.0,185150599.57142857,3094810.3601063574,5,19,2,False
Missouri,2022-05-22,Beverages,196122619,2022-05-22,197212779.0,185211544.0,175697601.0,187737198.85714287,4295804.1894804025,5,20,2,False
Missouri,2022-05-29,Beverages,195011378,2022-05-29,196122619.0,186091612.0,170593466.0,189295923.85714287,5015782.357090969,5,21,2,False
Missouri,2022-06-05,Beverages,196704224,2022-06-05,195011378.0,189193622.0,173301229.0,190570176.14285713,5170510.860967248,6,22,2,False
Missouri,2022-06-12,Beverages,201898217,2022-06-12,196704224.0,183150735.0,176262581.0,191643119.2857143,5539629.575477345,6,23,2,False
Missouri,2022-06-19,Beverages,210417357,2022-06-19,201898217.0,188196566.0,179524372.0,194321331.0,5313717.869843184,6,24,2,False
Missouri,2022-06-26,Beverages,204501850,2022-06-26,210417357.0,185103534.0,168366341.0,197495729.7142857,7057729.6987937,6,25,2,False
Missouri,2022-07-03,Beverages,213912739,2022-07-03,204501850.0,197212779.0,169212857.0,200266917.7142857,5215959.928444097,7,26,3,False
Missouri,2022-07-10,Beverages,204171407,2022-07-10,213912739.0,196122619.0,172977942.0,202652626.2857143,6839831.904648759,7,27,3,False
Missouri,2022-07-17,Beverages,205623643,2022-07-17,204171407.0,195011378.0,183283805.0,203802453.14285713,6300726.607573598,7,28,3,False
Missouri,2022-07-24,Beverages,207379215,2022-07-24,205623643.0,196704224.0,180054178.0,205318491.0,5180171.333653698,7,29,3,False
Missouri,2022-07-31,Beverages,201243589,2022-07-31,207379215.0,201898217.0,167821565.0,206843489.7142857,3809778.1193156186,7,30,3,False
Missouri,2022-08-07,Beverages,203997668,2022-08-07,201243589.0,210417357.0,165807188.0,206749971.42857143,3935966.2333730804,8,31,3,False
Missouri,2022-08-14,Beverages,204559437,2022-08-14,203997668.0,204501850.0,172225850.0,205832873.0,3716388.0673764604,8,32,3,False
Missouri,2022-08-21,Beverages,200875693,2022-08-21,204559437.0,213912739.0,162857014.0,205841099.7142857,3713495.179537511,8,33,3,False
Missouri,2022-08-28,Beverages,201905038,2022-08-28,200875693.0,204171407.0,167447990.0,203978664.57142857,2129841.5631651077,8,34,3,False
Missouri,2022-09-04,Beverages,202748924,2022-09-04,201905038.0,205623643.0,166723310.0,203654897.57142857,2245076.441945235,9,35,3,False
Missouri,2022-09-11,Beverages,198281452,2022-09-11,202748924.0,207379215.0,167496591.0,203244223.42857143,2106006.186382596,9,36,3,False
Missouri,2022-09-18,Beverages,201210603,2022-09-18,198281452.0,201243589.0,162813988.0,201944543.0,1954978.8029966354,9,37,3,False
Missouri,2022-09-25,Beverages,195111725,2022-09-25,201210603.0,203997668.0,173793170.0,201939830.7142857,1956701.700573499,9,38,3,False
Missouri,2022-10-02,Beverages,194612892,2022-10-02,195111725.0,204559437.0,178493196.0,200670410.2857143,2876235.3021879755,10,39,4,False
Missouri,2022-10-09,Beverages,193244618,2022-10-09,194612892.0,200875693.0,177612595.0,199249475.2857143,3055316.482850366,10,40,4,False
Missouri,2022-10-16,Beverages,189430520,2022-10-16,193244618.0,201905038.0,183364030.0,198159321.7142857,3594428.1280714795,10,41,4,False
Missouri,2022-10-23,Beverages,187022860,2022-10-23,189430520.0,202748924.0,179106584.0,196377247.7142857,4315594.143155013,10,42,4,False
Missouri,2022-10-30,Beverages,181175335,2022-10-30,187022860.0,198281452.0,185211544.0,194130667.14285713,4503124.480860272,10,43,4,False
Missouri,2022-11-06,Beverages,184611895,2022-11-06,181175335.0,201210603.0,186091612.0,191686936.14285713,5985169.507443484,11,44,4,False
Missouri,2022-11-13,Beverages,187165803,2022-11-13,184611895.0,195111725.0,189193622.0,189315692.14285713,4938943.904525821,11,45,4,False
Missouri,2022-11-20,Beverages,188697809,2022-11-20,187165803.0,194612892.0,183150735.0,188180560.42857143,4354972.9641351225,11,46,4,False
Missouri,2022-11-27,Beverages,188064707,2022-11-27,188697809.0,193244618.0,188196566.0,187335548.57142857,3518418.2322114804,11,47,4,False
Missouri,2022-12-04,Beverages,180518294,2022-12-04,188064707.0,189430520.0,185103534.0,186595561.2857143,2630490.726039587,12,48,4,False
Missouri,2022-12-11,Beverages,185716437,2022-12-11,180518294.0,187022860.0,197212779.0,185322386.14285713,3070265.980987348,12,49,4,False
Missouri,2022-12-18,Beverages,193565613,2022-12-18,185716437.0,181175335.0,196122619.0,185135754.2857143,3000132.78150303,12,50,4,False
Missouri,2022-12-25,Beverages,199608824,2022-12-25,193565613.0,184611895.0,195011378.0,186905794.0,3711986.180694094,12,51,4,False
Missouri,2023-01-01,Beverages,178578679,2023-01-01,199608824.0,187165803.0,196704224.0,189048212.42857143,5611559.387763142,1,52,1,False
Missouri,2023-01-08,Beverages,173449012,2023-01-08,178578679.0,188697809.0,201898217.0,187821480.42857143,6718426.2240199465,1,1,1,False
Missouri,2023-01-15,Beverages,177948396,2023-01-15,173449012.0,188064707.0,210417357.0,185643080.85714287,8354149.359183243,1,2,1,False
Missouri,2023-01-22,Beverages,173196841,2023-01-22,177948396.0,180518294.0,204501850.0,184197893.57142857,8678928.65712492,1,3,1,False
Missouri,2023-01-29,Beverages,176567192,2023-01-29,173196841.0,185716437.0,213912739.0,183151971.7142857,9464917.593806183,1,4,1,False
Missouri,2023-02-05,Beverages,176332684,2023-02-05,176567192.0,193565613.0,204171407.0,181844936.7142857,9650441.245635685,2,5,1,False
Missouri,2023-02-12,Beverages,184335242,2023-02-12,176332684.0,199608824.0,205623643.0,179383089.7142857,8472669.982951658,2,6,1,False
Missouri,2023-02-19,Beverages,180401173,2023-02-19,184335242.0,178578679.0,207379215.0,177201149.42857143,3476870.46210314,2,7,1,False
Missouri,2023-02-26,Beverages,183563538,2023-02-26,180401173.0,173449012.0,201243589.0,177461505.7142857,3634919.1942418846,2,8,1,False
Missouri,2023-03-05,Beverages,193981128,2023-03-05,183563538.0,177948396.0,203997668.0,178906438.0,3760857.6126289577,3,9,1,False
Missouri,2023-03-12,Beverages,199928913,2023-03-12,193981128.0,173196841.0,204559437.0,181196828.2857143,6421121.067821406,3,10,1,False
Missouri,2023-03-19,Beverages,203569236,2023-03-19,199928913.0,176567192.0,200875693.0,185015695.7142857,8223837.585995839,3,11,1,False
Missouri,2023-03-26,Beverages,184675888,2023-03-26,203569236.0,176332684.0,201905038.0,188873130.57142857,9577641.738291541,3,12,1,False
Missouri,2023-04-02,Beverages,193109594,2023-04-02,184675888.0,184335242.0,202748924.0,190065016.85714287,8388158.689788158,4,13,2,False
Missouri,2023-04-09,Beverages,200406578,2023-04-09,193109594.0,180401173.0,198281452.0,191318495.7142857,8088520.1611702405,4,14,2,False
Missouri,2023-04-16,Beverages,200965982,2023-04-16,200406578.0,183563538.0,201210603.0,194176410.7142857,7213089.947519606,4,15,2,False
Missouri,2023-04-23,Beverages,200625507,2023-04-23,200965982.0,193981128.0,195111725.0,196662474.14285713,6028530.94560763,4,16,2,False
Missouri,2023-04-30,Beverages,203869438,2023-04-30,200625507.0,199928913.0,194612892.0,197611671.14285713,6054649.750520551,4,17,2,False
Missouri,2023-05-07,Beverages,206321093,2023-05-07,203869438.0,203569236.0,193244618.0,198174603.2857143,6416310.391071157,5,18,2,False
Nebraska,2020-05-03,Beverages,38932415,2020-05-03,37244983.0,39516369.0,17239751.0,36944853.428571425,1526483.075575654,5,18,2,False
Nebraska,2020-05-10,Beverages,37490465,2020-05-10,38932415.0,37334582.0,17030081.0,36861431.428571425,1393866.5705595969,5,19,2,False
Nebraska,2020-05-17,Beverages,38077723,2020-05-17,37490465.0,33896981.0,17071019.0,36883700.428571425,1402466.6294924214,5,20,2,False
Nebraska,2020-05-24,Beverages,38957875,2020-05-24,38077723.0,36555823.0,16701961.0,37480949.28571428,734520.4560450013,5,21,2,False
Nebraska,2020-05-31,Beverages,37065928,2020-05-31,38957875.0,37024893.0,16788387.0,37824099.571428575,781740.5665140097,5,22,2,False
Nebraska,2020-06-07,Beverages,41905233,2020-06-07,37065928.0,37040343.0,17193457.0,37829961.71428572,775857.187540813,6,23,2,False
Nebraska,2020-06-14,Beverages,39887322,2020-06-14,41905233.0,37244983.0,17020702.0,38524946.0,1549976.8138677976,6,24,2,False
Nebraska,2020-06-21,Beverages,39112314,2020-06-21,39887322.0,38932415.0,18010858.0,38902423.0,1513620.9069642744,6,25,2,False
Nebraska,2020-06-28,Beverages,41430551,2020-06-28,39112314.0,37490465.0,16673878.0,38928122.85714286,1515438.1301040174,6,26,2,False
Nebraska,2020-07-05,Beverages,44288051,2020-07-05,41430551.0,38077723.0,16976908.0,39490992.28571428,1605944.3872164602,7,27,3,False
Nebraska,2020-07-12,Beverages,39518175,2020-07-12,44288051.0,38957875.0,16919654.0,40378182.0,2189523.9121859395,7,28,3,False
Nebraska,2020-07-19,Beverages,40208538,2020-07-19,39518175.0,37065928.0,18450498.0,40458224.85714286,2145946.237749559,7,29,3,False
Nebraska,2020-07-26,Beverages,38142813,2020-07-26,40208538.0,41905233.0,33473866.0,40907169.14285714,1663876.9505111924,7,30,3,False
Nebraska,2020-08-02,Beverages,38613430,2020-08-02,38142813.0,39887322.0,32423172.0,40369680.571428575,1851743.6268016612,8,31,3,False
Nebraska,2020-08-09,Beverages,39696525,2020-08-09,38613430.0,39112314.0,32747886.0,40187696.0,1950186.7604467191,8,32,3,False
Nebraska,2020-08-16,Beverages,38958331,2020-08-16,39696525.0,41430551.0,31776464.0,40271154.71428572,1914554.9207037452,8,33,3,False
Nebraska,2020-08-23,Beverages,38450857,2020-08-23,38958331.0,44288051.0,31558750.0,39917980.428571425,1896041.9538597278,8,34,3,False
Nebraska,2020-08-30,Beverages,38965935,2020-08-30,38450857.0,39518175.0,33877399.0,39084095.571428575,692016.9595539441,8,35,3,False
Nebraska,2020-09-06,Beverages,39277235,2020-09-06,38965935.0,40208538.0,32422202.0,39005204.14285714,669134.0111335537,9,36,3,False
Nebraska,2020-09-13,Beverages,36429898,2020-09-13,39277235.0,38142813.0,32815302.0,38872160.85714286,483479.5132853971,9,37,3,False
Nebraska,2020-09-20,Beverages,36809613,2020-09-20,36429898.0,38613430.0,32997894.0,38627458.71428572,974665.7063539607,9,38,3,False
Nebraska,2020-09-27,Beverages,36614699,2020-09-27,36809613.0,39696525.0,34374962.0,38369770.571428575,1164311.976928713,9,39,3,False
Nebraska,2020-10-04,Beverages,36077435,2020-10-04,36614699.0,38958331.0,36479356.0,37929509.71428572,1162051.646757252,10,40,4,False
Nebraska,2020-10-11,Beverages,36696010,2020-10-11,36077435.0,38450857.0,39516369.0,37517953.14285714,1232801.9211233153,10,41,4,False
Nebraska,2020-10-18,Beverages,35869570,2020-10-18,36696010.0,38965935.0,37334582.0,37267260.71428572,1195465.12790724,10,42,4,False
Nebraska,2020-10-25,Beverages,34697054,2020-10-25,35869570.0,39277235.0,33896981.0,36824922.85714286,1048969.8108907256,10,43,4,False
Nebraska,2020-11-01,Beverages,34888718,2020-11-01,34697054.0,36429898.0,36555823.0,36170611.28571428,678179.2060660485,11,44,4,False
Nebraska,2020-11-08,Beverages,36671455,2020-11-08,34888718.0,36809613.0,37024893.0,35950442.71428572,797871.3327727872,11,45,4,False
Nebraska,2020-11-15,Beverages,35227912,2020-11-15,36671455.0,36614699.0,37040343.0,35930705.85714286,777831.140067592,11,46,4,False
Nebraska,2020-11-22,Beverages,37326193,2020-11-22,35227912.0,36077435.0,37244983.0,35732593.428571425,754650.5173062717,11,47,4,False
Nebraska,2020-11-29,Beverages,34296044,2020-11-29,37326193.0,36696010.0,38932415.0,35910987.428571425,939935.770823347,11,48,4,False
Nebraska,2020-12-06,Beverages,34976906,2020-12-06,34296044.0,35869570.0,37490465.0,35568135.14285714,1024925.2783923051,12,49,4,False
Nebraska,2020-12-13,Beverages,35539177,2020-12-13,34976906.0,34697054.0,38077723.0,35440611.71428572,1034971.0925179356,12,50,4,False
Nebraska,2020-12-20,Beverages,37398970,2020-12-20,35539177.0,34888718.0,38957875.0,35560915.0,989493.5944087771,12,51,4,False
Nebraska,2020-12-27,Beverages,35679775,2020-12-27,37398970.0,36671455.0,37065928.0,35919522.428571425,1126314.176865593,12,52,4,False
Nebraska,2021-01-03,Beverages,34043332,2021-01-03,35679775.0,35227912.0,41905233.0,35777853.85714286,1084413.7141250353,1,53,1,False
Nebraska,2021-01-10,Beverages,34739030,2021-01-10,34043332.0,37326193.0,39887322.0,35608628.14285714,1238509.493228424,1,1,1,False
Nebraska,2021-01-17,Beverages,33822416,2021-01-17,34739030.0,34296044.0,39112314.0,35239033.428571425,1041105.9007128797,1,2,1,False
Nebraska,2021-01-24,Beverages,33565602,2021-01-24,33822416.0,34976906.0,41430551.0,35171372.28571428,1113093.5103998918,1,3,1,False
Nebraska,2021-01-31,Beverages,34362096,2021-01-31,33565602.0,35539177.0,44288051.0,34969757.428571425,1249513.1257596945,1,4,1,False
Nebraska,2021-02-07,Beverages,35814513,2021-02-07,34362096.0,37398970.0,39518175.0,34801603.0,1240740.7776135723,2,5,1,False
Nebraska,2021-02-14,Beverages,33478486,2021-02-14,35814513.0,35679775.0,40208538.0,34575252.0,819153.8883539411,2,6,1,False
Nebraska,2021-02-21,Beverages,33873493,2021-02-21,33478486.0,34043332.0,38142813.0,34260782.14285714,754773.1176137778,2,7,1,False
Nebraska,2021-02-28,Beverages,36015324,2021-02-28,33873493.0,34739030.0,38613430.0,34236519.428571425,764046.0694713184,2,8,1,False
Nebraska,2021-03-07,Beverages,39001062,2021-03-07,36015324.0,33822416.0,39696525.0,34418847.14285714,983092.0488134609,3,9,1,False
Nebraska,2021-03-14,Beverages,41167687,2021-03-14,39001062.0,33565602.0,38958331.0,35158653.71428572,1835174.432426543,3,10,1,False
Nebraska,2021-03-21,Beverages,38636851,2021-03-21,41167687.0,34362096.0,38450857.0,36244665.85714286,2642773.624849945,3,11,1,False
Nebraska,2021-03-28,Beverages,35500363,2021-03-28,38636851.0,35814513.0,38965935.0,36855345.14285714,2631071.025432498,3,12,1,False
Nebraska,2021-04-04,Beverages,39830294,2021-04-04,35500363.0,33478486.0,39277235.0,36810466.571428575,2651045.3367017354,4,13,2,False
Nebraska,2021-04-11,Beverages,39110189,2021-04-11,39830294.0,33873493.0,36429898.0,37717867.71428572,2433396.068175821,4,14,2,False
Nebraska,2021-04-18,Beverages,37204752,2021-04-18,39110189.0,36015324.0,36809613.0,38465967.14285714,1878133.0892252878,4,15,2,False
Nebraska,2021-04-25,Beverages,39276359,2021-04-25,37204752.0,39001062.0,36614699.0,38635885.428571425,1693457.7291151132,4,16,2,False
Nebraska,2021-05-02,Beverages,41669746,2021-05-02,39276359.0,41167687.0,36077435.0,38675213.571428575,1704641.525354135,5,17,2,False
Nebraska,2021-05-09,Beverages,40469218,2021-05-09,41669746.0,38636851.0,36696010.0,38746936.28571428,1814993.5359645167,5,18,2,False
Nebraska,2021-05-16,Beverages,39540825,2021-05-16,40469218.0,35500363.0,35869570.0,39008703.0,1909895.0454868076,5,19,2,False
Nebraska,2021-05-23,Beverages,40873410,2021-05-23,39540825.0,39830294.0,34697054.0,39585911.85714286,1263578.1058653425,5,20,2,False
Nebraska,2021-05-30,Beverages,40807178,2021-05-30,40873410.0,39110189.0,34888718.0,39734928.428571425,1342646.3566695126,5,21,2,False
Nebraska,2021-06-06,Beverages,44229958,2021-06-06,40807178.0,37204752.0,36671455.0,39977355.428571425,1361035.2420679894,6,22,2,False
Nebraska,2021-06-13,Beverages,43312046,2021-06-13,44229958.0,39276359.0,35227912.0,40980956.28571428,1526607.5651699705,6,23,2,False
Nebraska,2021-06-20,Beverages,43628649,2021-06-20,43312046.0,41669746.0,37326193.0,41557483.0,1536013.4202270554,6,24,2,False
Nebraska,2021-06-27,Beverages,42034852,2021-06-27,43628649.0,40469218.0,34296044.0,41837326.28571428,1700600.749159481,6,25,2,False
Nebraska,2021-07-04,Beverages,46436517,2021-07-04,42034852.0,39540825.0,34976906.0,42060988.28571428,1606301.1481993888,7,26,3,False
Nebraska,2021-07-11,Beverages,42179838,2021-07-11,46436517.0,40873410.0,35539177.0,43046087.14285714,1854050.156718923,7,27,3,False
Nebraska,2021-07-18,Beverages,41661965,2021-07-18,42179838.0,40807178.0,37398970.0,43232719.71428572,1683896.5644678043,7,28,3,False
Nebraska,2021-07-25,Beverages,41901680,2021-07-25,41661965.0,44229958.0,35679775.0,43354832.14285714,1527284.75813469,7,29,3,False
Nebraska,2021-08-01,Beverages,41127774,2021-08-01,41901680.0,43312046.0,34043332.0,43022221.0,1553778.1513366343,8,30,3,False
Nebraska,2021-08-08,Beverages,42169856,2021-08-08,41127774.0,43628649.0,34739030.0,42710182.14285714,1678559.7130369588,8,31,3,False
Nebraska,2021-08-15,Beverages,42930174,2021-08-15,42169856.0,42034852.0,33822416.0,42501783.14285714,1641745.540671127,8,32,3,False
Nebraska,2021-08-22,Beverages,42263728,2021-08-22,42930174.0,46436517.0,33565602.0,42629686.28571428,1635249.1500353024,8,33,3,False
Nebraska,2021-08-29,Beverages,42011140,2021-08-29,42263728.0,42179838.0,34362096.0,42033573.571428575,517244.2475776764,8,34,3,False
Nebraska,2021-09-05,Beverages,42567635,2021-09-05,42011140.0,41661965.0,35814513.0,42009473.85714286,513786.4606494353,9,35,3,False
Nebraska,2021-09-12,Beverages,39638236,2021-09-12,42567635.0,41901680.0,33478486.0,42138855.28571428,523919.3322877967,9,36,3,False
Nebraska,2021-09-19,Beverages,39592255,2021-09-19,39638236.0,41127774.0,33873493.0,41815506.14285714,1027229.442018279,9,37,3,False
Nebraska,2021-09-26,Beverages,39895508,2021-09-26,39592255.0,42169856.0,36015324.0,41596146.28571428,1282822.847209713,9,38,3,False
Nebraska,2021-10-03,Beverages,39563000,2021-10-03,39895508.0,42930174.0,39001062.0,41271239.428571425,1380658.108248566,10,39,4,False
Nebraska,2021-10-10,Beverages,40690471,2021-10-10,39563000.0,42263728.0,41167687.0,40790214.571428575,1303283.8372923029,10,40,4,False
Nebraska,2021-10-17,Beverages,38787217,2021-10-17,40690471.0,42011140.0,38636851.0,40565463.571428575,1157272.4827731343,10,41,4,False
Nebraska,2021-10-24,Beverages,37588635,2021-10-24,38787217.0,42567635.0,35500363.0,40104903.14285714,1131517.7146394453,10,42,4,False
Nebraska,2021-10-31,Beverages,37152745,2021-10-31,37588635.0,39638236.0,39830294.0,39393617.428571425,901379.257816174,10,43,4,False
Nebraska,2021-11-07,Beverages,38952596,2021-11-07,37152745.0,39592255.0,39110189.0,39038547.28571428,1181194.269503492,11,44,4,False
Nebraska,2021-11-14,Beverages,37862667,2021-11-14,38952596.0,39895508.0,37204752.0,38947167.428571425,1159364.5278323954,11,45,4,False
Nebraska,2021-11-21,Beverages,39394564,2021-11-21,37862667.0,39563000.0,39276359.0,38656761.571428575,1139882.523138024,11,46,4,False
Nebraska,2021-11-28,Beverages,36955690,2021-11-28,39394564.0,40690471.0,41669746.0,38632699.28571428,1122138.0450422347,11,47,4,False
Nebraska,2021-12-05,Beverages,37286275,2021-12-05,36955690.0,38787217.0,40469218.0,38099159.14285714,878280.5175780486,12,48,4,False
Nebraska,2021-12-12,Beverages,38259833,2021-12-12,37286275.0,37588635.0,39540825.0,37884738.85714286,867274.9831968658,12,49,4,False
Nebraska,2021-12-19,Beverages,39207616,2021-12-19,38259833.0,37152745.0,40873410.0,37980624.28571428,866340.5210801248,12,50,4,False
Nebraska,2021-12-26,Beverages,55591360,2021-12-26,39207616.0,38952596.0,40807178.0,38274177.28571428,884043.6558227624,12,51,4,False
Nebraska,2022-01-02,Beverages,52721053,2022-01-02,55591360.0,37862667.0,44229958.0,40651143.571428575,6156825.671467521,1,52,1,False
Nebraska,2022-01-09,Beverages,52843541,2022-01-09,52721053.0,39394564.0,43312046.0,42773770.14285714,7287110.181039262,1,1,1,False
Nebraska,2022-01-16,Beverages,53150979,2022-01-16,52843541.0,36955690.0,43628649.0,44695052.571428575,7890824.611093802,1,2,1,False
Nebraska,2022-01-23,Beverages,51763722,2022-01-23,53150979.0,37286275.0,42034852.0,47008665.28571428,7653114.431512168,1,3,1,False
Nebraska,2022-01-30,Beverages,52701276,2022-01-30,51763722.0,38259833.0,46436517.0,49076872.0,6634697.343833815,1,4,1,False
Nebraska,2022-02-06,Beverages,54027199,2022-02-06,52701276.0,39207616.0,42179838.0,51139935.28571428,4992405.985831609,2,5,1,False
Nebraska,2022-02-13,Beverages,53101321,2022-02-13,54027199.0,55591360.0,41661965.0,53257018.571428575,1137075.160262372,2,6,1,False
Nebraska,2022-02-20,Beverages,52975864,2022-02-20,53101321.0,52721053.0,41901680.0,52901298.71428572,625632.8169880158,2,7,1,False
Nebraska,2022-02-27,Beverages,53752358,2022-02-27,52975864.0,52843541.0,41127774.0,52937700.28571428,621485.6503738466,2,8,1,False
Nebraska,2022-03-06,Beverages,57269771,2022-03-06,53752358.0,53150979.0,42169856.0,53067531.28571428,680390.5911601864,3,9,1,False
Nebraska,2022-03-13,Beverages,56276418,2022-03-13,57269771.0,51763722.0,42930174.0,53655930.14285714,1624318.8500089943,3,10,1,False
Nebraska,2022-03-20,Beverages,56673575,2022-03-20,56276418.0,52701276.0,42263728.0,54300601.0,1640826.5965947818,3,11,1,False
Nebraska,2022-03-27,Beverages,55527165,2022-03-27,56673575.0,54027199.0,42011140.0,54868072.28571428,1676100.1917258718,3,12,1,False
Nebraska,2022-04-03,Beverages,59837590,2022-04-03,55527165.0,53101321.0,42567635.0,55082353.14285714,1650588.825331053,4,13,2,False
Nebraska,2022-04-10,Beverages,58445989,2022-04-10,59837590.0,52975864.0,39638236.0,56044677.28571428,2113778.5806858153,4,14,2,False
Nebraska,2022-04-17,Beverages,60373972,2022-04-17,58445989.0,53752358.0,39592255.0,56826123.71428572,1826413.0552477778,4,15,2,False
Nebraska,2022-04-24,Beverages,57413627,2022-04-24,60373972.0,57269771.0,39895508.0,57772068.571428575,1699832.034622048,4,16,2,False
Nebraska,2022-05-01,Beverages,60761867,2022-05-01,57413627.0,56276418.0,39563000.0,57792619.428571425,1694496.291242881,5,17,2,False
Nebraska,2022-05-08,Beverages,59652654,2022-05-08,60761867.0,56673575.0,40690471.0,58433397.85714286,1841684.3677933638,5,18,2,False
Nebraska,2022-05-15,Beverages,62192915,2022-05-15,59652654.0,55527165.0,38787217.0,58858980.571428575,1726448.6132975197,5,19,2,False
Nebraska,2022-05-22,Beverages,62018499,2022-05-22,62192915.0,59837590.0,37588635.0,59811230.571428575,1440785.353052325,5,20,2,False
Nebraska,2022-05-29,Beverages,61734864,2022-05-29,62018499.0,58445989.0,37152745.0,60122789.0,1635450.8137943656,5,21,2,False
Nebraska,2022-06-05,Beverages,64149691,2022-06-05,61734864.0,60373972.0,38952596.0,60592628.28571428,1556772.3218800323,6,22,2,False
Nebraska,2022-06-12,Beverages,63555288,2022-06-12,64149691.0,57413627.0,37862667.0,61132016.71428572,1983254.3918353666,6,23,2,False
Nebraska,2022-06-19,Beverages,64947062,2022-06-19,63555288.0,60761867.0,39394564.0,62009396.85714286,1423794.53425567,6,24,2,False
Nebraska,2022-06-26,Beverages,64803843,2022-06-26,64947062.0,59652654.0,36955690.0,62607281.85714286,1637141.086727078,6,25,2,False
Nebraska,2022-07-03,Beverages,68693042,2022-07-03,64803843.0,62192915.0,37286275.0,63343166.0,1257321.0377106578,7,26,3,False
Nebraska,2022-07-10,Beverages,63630442,2022-07-10,68693042.0,62018499.0,38259833.0,64271755.571428575,2149024.3317872304,7,27,3,False
Nebraska,2022-07-17,Beverages,63405634,2022-07-17,63630442.0,61734864.0,39207616.0,64502033.14285714,1974518.482031366,7,28,3,False
Nebraska,2022-07-24,Beverages,62820540,2022-07-24,63405634.0,64149691.0,55591360.0,64740714.571428575,1708681.4839872075,7,29,3,False
Nebraska,2022-07-31,Beverages,62361079,2022-07-31,62820540.0,63555288.0,52721053.0,64550835.85714286,1833128.8995224917,7,30,3,False
Nebraska,2022-08-07,Beverages,64972563,2022-08-07,62361079.0,64947062.0,52843541.0,64380234.571428575,1968419.1228562812,8,31,3,False
Nebraska,2022-08-14,Beverages,63717536,2022-08-14,64972563.0,64803843.0,53150979.0,64383877.571428575,1969488.1001328386,8,32,3,False
Nebraska,2022-08-21,Beverages,62001822,2022-08-21,63717536.0,68693042.0,51763722.0,64228690.85714286,1973077.4856458707,8,33,3,False
Nebraska,2022-08-28,Beverages,62691105,2022-08-28,62001822.0,63630442.0,52701276.0,63272802.28571428,916803.1728172781,8,34,3,False
Nebraska,2022-09-04,Beverages,63642685,2022-09-04,62691105.0,63405634.0,54027199.0,63138611.28571428,923356.563183777,9,35,3,False
Nebraska,2022-09-11,Beverages,62012249,2022-09-11,63642685.0,62820540.0,53101321.0,63172475.71428572,936778.1397850229,9,36,3,False
Nebraska,2022-09-18,Beverages,61544262,2022-09-18,62012249.0,62361079.0,52975864.0,63057005.571428575,1019229.8763959593,9,37,3,False
Nebraska,2022-09-25,Beverages,59888531,2022-09-25,61544262.0,64972563.0,53752358.0,62940317.428571425,1132668.987572641,9,38,3,False
Nebraska,2022-10-02,Beverages,59902191,2022-10-02,59888531.0,63717536.0,57269771.0,62214027.14285714,1223079.7507597087,10,39,4,False
Nebraska,2022-10-09,Beverages,60631555,2022-10-09,59902191.0,62001822.0,56276418.0,61668977.85714286,1280399.7666992003,10,40,4,False
Nebraska,2022-10-16,Beverages,58606007,2022-10-16,60631555.0,62691105.0,56673575.0,61473225.428571425,1318721.9357063682,10,41,4,False
Nebraska,2022-10-23,Beverages,58055609,2022-10-23,58606007.0,63642685.0,55527165.0,60889640.0,1536549.939012127,10,42,4,False
Nebraska,2022-10-30,Beverages,56993638,2022-10-30,58055609.0,62012249.0,59837590.0,60091486.28571428,1337376.4018241786,10,43,4,False
Nebraska,2022-11-06,Beverages,58864878,2022-11-06,56993638.0,61544262.0,58445989.0,59374541.85714286,1455496.9147631235,11,44,4,False
Nebraska,2022-11-13,Beverages,57836379,2022-11-13,58864878.0,59888531.0,60373972.0,58991772.71428572,1156088.5478994988,11,45,4,False
Nebraska,2022-11-20,Beverages,59455635,2022-11-20,57836379.0,59902191.0,57413627.0,58698608.14285714,1151702.2224590944,11,46,4,False
Nebraska,2022-11-27,Beverages,57463118,2022-11-27,59455635.0,60631555.0,60761867.0,58634814.428571425,1094200.0709632535,11,47,4,False
Nebraska,2022-12-04,Beverages,56644525,2022-12-04,57463118.0,58606007.0,59652654.0,58182180.571428575,786735.9620418875,12,48,4,False
Nebraska,2022-12-11,Beverages,58180609,2022-12-11,56644525.0,58055609.0,62192915.0,57901968.85714286,923332.4659562055,12,49,4,False
Nebraska,2022-12-18,Beverages,60849963,2022-12-18,58180609.0,56993638.0,62018499.0,57919826.0,927331.2547057021,12,50,4,False
Nebraska,2022-12-25,Beverages,61161806,2022-12-25,60849963.0,58864878.0,61734864.0,58470729.571428575,1288577.1889961953,12,51,4,False
Nebraska,2023-01-01,Beverages,54783969,2023-01-01,61161806.0,57836379.0,64149691.0,58798862.14285714,1601600.1228078865,1,52,1,False
Nebraska,2023-01-08,Beverages,55025910,2023-01-08,54783969.0,59455635.0,63555288.0,58362803.571428575,2131995.1848617,1,1,1,False
Nebraska,2023-01-15,Beverages,56199887,2023-01-15,55025910.0,57463118.0,64947062.0,57729985.71428572,2359031.077475167,1,2,1,False
Nebraska,2023-01-22,Beverages,54665878,2023-01-22,56199887.0,56644525.0,64803843.0,57549524.14285714,2420071.203753267,1,3,1,False
Nebraska,2023-01-29,Beverages,56352510,2023-01-29,54665878.0,58180609.0,68693042.0,57266860.28571428,2616822.2837837804,1,4,1,False
Nebraska,2023-02-05,Beverages,57387680,2023-02-05,56352510.0,60849963.0,63630442.0,57005703.28571428,2603788.200074701,2,5,1,False
Nebraska,2023-02-12,Beverages,59413146,2023-02-12,57387680.0,61161806.0,63405634.0,56511091.428571425,2108251.752747296,2,6,1,False
Nebraska,2023-02-19,Beverages,56849362,2023-02-19,59413146.0,54783969.0,62820540.0,56261282.85714286,1579738.7950848811,2,7,1,False
Nebraska,2023-02-26,Beverages,57354969,2023-02-26,56849362.0,55025910.0,62361079.0,56556339.0,1464971.7978057873,2,8,1,False
Nebraska,2023-03-05,Beverages,62690153,2023-03-05,57354969.0,56199887.0,64972563.0,56889061.71428572,1338638.0444962294,3,9,1,False
Nebraska,2023-03-12,Beverages,63087624,2023-03-12,62690153.0,54665878.0,63717536.0,57816242.571428575,2381587.4245257736,3,10,1,False
Nebraska,2023-03-19,Beverages,61751231,2023-03-19,63087624.0,56352510.0,62001822.0,59019349.14285714,2603133.219292198,3,11,1,False
Nebraska,2023-03-26,Beverages,58216656,2023-03-26,61751231.0,57387680.0,62691105.0,59790595.0,2496326.5630024797,3,12,1,False
Nebraska,2023-04-02,Beverages,61436801,2023-04-02,58216656.0,59413146.0,63642685.0,59909020.14285714,2397219.7003234588,4,13,2,False
Nebraska,2023-04-09,Beverages,65159258,2023-04-09,61436801.0,56849362.0,62012249.0,60198113.71428572,2441598.8196243844,4,14,2,False
Nebraska,2023-04-16,Beverages,63190843,2023-04-16,65159258.0,57354969.0,61544262.0,61385241.71428572,2542881.8840324795,4,15,2,False
Nebraska,2023-04-23,Beverages,63119163,2023-04-23,63190843.0,62690153.0,59888531.0,62218938.0,1979014.5205104097,4,16,2,False
Nebraska,2023-04-30,Beverages,64836582,2023-04-30,63119163.0,63087624.0,59902191.0,62280225.14285714,1999198.33876266,4,17,2,False
Nebraska,2023-05-07,Beverages,66219089,2023-05-07,64836582.0,61751231.0,60631555.0,62530076.28571428,2185133.0883107744,5,18,2,False
Nevada,2020-05-03,Beverages,64109292,2020-05-03,59408863.0,66151206.0,59598259.0,58818522.71428572,3819332.5145701924,5,18,2,False
Nevada,2020-05-10,Beverages,63097298,2020-05-10,64109292.0,61176731.0,56865241.0,58526820.71428572,3289365.354906409,5,19,2,False
Nevada,2020-05-17,Beverages,61020764,2020-05-17,63097298.0,53269143.0,55655905.0,58801187.428571425,3567307.2979479297,5,20,2,False
Nevada,2020-05-24,Beverages,60459076,2020-05-24,61020764.0,58613629.0,55435695.0,59908561.85714286,2798439.0349751264,5,21,2,False
Nevada,2020-05-31,Beverages,61455634,2020-05-31,60459076.0,55733782.0,55645617.0,60172197.14285714,2750545.8418588056,5,22,2,False
Nevada,2020-06-07,Beverages,65003756,2020-06-07,61455634.0,57376305.0,56627804.0,60989604.571428575,2078086.8211308212,6,23,2,False
Nevada,2020-06-14,Beverages,63360793,2020-06-14,65003756.0,59408863.0,55198522.0,62079240.428571425,1888894.1452421239,6,24,2,False
Nevada,2020-06-21,Beverages,63040337,2020-06-21,63360793.0,64109292.0,53734862.0,62643801.85714286,1570068.3233269139,6,25,2,False
Nevada,2020-06-28,Beverages,64796347,2020-06-28,63040337.0,63097298.0,51173890.0,62491094.0,1468825.7074800825,6,26,2,False
Nevada,2020-07-05,Beverages,68944055,2020-07-05,64796347.0,61020764.0,51787525.0,62733815.28571428,1674875.4947031518,7,27,3,False
Nevada,2020-07-12,Beverages,66813756,2020-07-12,68944055.0,60459076.0,52516064.0,63865714.0,2571842.7291641827,7,28,3,False
Nevada,2020-07-19,Beverages,66949515,2020-07-19,66813756.0,61455634.0,54479450.0,64773525.428571425,2318174.8734320076,7,29,3,False
Nevada,2020-07-26,Beverages,65194969,2020-07-26,66949515.0,65003756.0,51213464.0,65558365.571428575,1965133.6537960137,7,30,3,False
Nevada,2020-08-02,Beverages,66665727,2020-08-02,65194969.0,63360793.0,54213053.0,65585681.71428572,1958552.4549214975,8,31,3,False
Nevada,2020-08-09,Beverages,67504943,2020-08-09,66665727.0,63040337.0,52250331.0,66057815.14285714,1752854.4980102968,8,32,3,False
Nevada,2020-08-16,Beverages,68326381,2020-08-16,67504943.0,64796347.0,51146176.0,66695616.0,1290014.8059533567,8,33,3,False
Nevada,2020-08-23,Beverages,66356210,2020-08-23,68326381.0,68944055.0,52519403.0,67199906.57142857,1128904.417369176,8,34,3,False
Nevada,2020-08-30,Beverages,66872973,2020-08-30,66356210.0,66813756.0,53906524.0,66830214.428571425,897141.5308962995,8,35,3,False
Nevada,2020-09-06,Beverages,68051245,2020-09-06,66872973.0,66949515.0,51924422.0,66838674.0,897225.6405427075,9,36,3,False
Nevada,2020-09-13,Beverages,63647744,2020-09-13,68051245.0,65194969.0,51464698.0,66996064.0,994250.4979264908,9,37,3,False
Nevada,2020-09-20,Beverages,62159597,2020-09-20,63647744.0,66665727.0,51884021.0,66775031.85714286,1441480.168563566,9,38,3,False
Nevada,2020-09-27,Beverages,61668977,2020-09-27,62159597.0,67504943.0,57088407.0,66131299.0,2169088.121891551,9,39,3,False
Nevada,2020-10-04,Beverages,61749107,2020-10-04,61668977.0,68326381.0,60574985.0,65297589.571428575,2566112.20324917,10,40,4,False
Nevada,2020-10-11,Beverages,62092755,2020-10-11,61749107.0,66356210.0,66151206.0,64357979.0,2488045.639740463,10,41,4,False
Nevada,2020-10-18,Beverages,60246781,2020-10-18,62092755.0,66872973.0,61176731.0,63748914.0,2445818.272634394,10,42,4,False
Nevada,2020-10-25,Beverages,58891009,2020-10-25,60246781.0,68051245.0,53269143.0,62802315.14285714,2333208.5296271183,10,43,4,False
Nevada,2020-11-01,Beverages,57755197,2020-11-01,58891009.0,63647744.0,58613629.0,61493710.0,1407477.6556280581,11,44,4,False
Nevada,2020-11-08,Beverages,60594594,2020-11-08,57755197.0,62159597.0,55733782.0,60651917.571428575,1614367.1465077442,11,45,4,False
Nevada,2020-11-15,Beverages,58025126,2020-11-15,60594594.0,61668977.0,57376305.0,60428345.71428572,1493967.2539644511,11,46,4,False
Nevada,2020-11-22,Beverages,58341572,2020-11-22,58025126.0,61749107.0,59408863.0,59907795.571428575,1601921.120800604,11,47,4,False
Nevada,2020-11-29,Beverages,53400289,2020-11-29,58341572.0,62092755.0,64109292.0,59421004.85714286,1481646.335426569,11,48,4,False
Nevada,2020-12-06,Beverages,53808329,2020-12-06,53400289.0,60246781.0,63097298.0,58179224.0,2193612.928787997,12,49,4,False
Nevada,2020-12-13,Beverages,55848431,2020-12-13,53808329.0,58891009.0,61020764.0,57259445.14285714,2466679.1701706387,12,50,4,False
Nevada,2020-12-20,Beverages,55959938,2020-12-20,55848431.0,57755197.0,60459076.0,56824791.14285714,2408260.6198925227,12,51,4,False
Nevada,2020-12-27,Beverages,53278907,2020-12-27,55959938.0,60594594.0,61455634.0,56568325.571428575,2391052.615412149,12,52,4,False
Nevada,2021-01-03,Beverages,56399456,2021-01-03,53278907.0,58025126.0,65003756.0,55523227.428571425,1963370.0782589596,1,53,1,False
Nevada,2021-01-10,Beverages,56092416,2021-01-10,56399456.0,58341572.0,63360793.0,55290988.85714286,1736765.9279196141,1,1,1,False
Nevada,2021-01-17,Beverages,55590850,2021-01-17,56092416.0,53400289.0,63040337.0,54969680.85714286,1294386.084843543,1,2,1,False
Nevada,2021-01-24,Beverages,54377456,2021-01-24,55590850.0,53808329.0,64796347.0,55282618.14285714,1131711.6900451162,1,3,1,False
Nevada,2021-01-31,Beverages,54141629,2021-01-31,54377456.0,55848431.0,68944055.0,55363922.0,1039568.4031300021,1,4,1,False
Nevada,2021-02-07,Beverages,57507947,2021-02-07,54141629.0,55959938.0,66813756.0,55120093.14285714,1095966.6887042073,2,5,1,False
Nevada,2021-02-14,Beverages,57221258,2021-02-14,57507947.0,53278907.0,66949515.0,55341237.28571428,1366025.2253896273,2,6,1,False
Nevada,2021-02-21,Beverages,56002332,2021-02-21,57221258.0,56399456.0,65194969.0,55904430.28571428,1202565.210992526,2,7,1,False
Nevada,2021-02-28,Beverages,57822290,2021-02-28,56002332.0,56092416.0,66665727.0,55847698.28571428,1187142.2020920056,2,8,1,False
Nevada,2021-03-07,Beverages,63998928,2021-03-07,57822290.0,55590850.0,67504943.0,56094823.14285714,1377200.9433852332,3,9,1,False
Nevada,2021-03-14,Beverages,69168470,2021-03-14,63998928.0,54377456.0,68326381.0,57295977.14285714,3056568.225295291,3,10,1,False
Nevada,2021-03-21,Beverages,64935937,2021-03-21,69168470.0,54141629.0,66356210.0,59408979.14285714,4878277.565299792,3,11,1,False
Nevada,2021-03-28,Beverages,55694462,2021-03-28,64935937.0,57507947.0,66872973.0,60951023.14285714,4671190.300591201,3,12,1,False
Nevada,2021-04-04,Beverages,62557191,2021-04-04,55694462.0,57221258.0,68051245.0,60691953.85714286,4899664.3504550895,4,13,2,False
Nevada,2021-04-11,Beverages,62246843,2021-04-11,62557191.0,56002332.0,63647744.0,61454230.0,4711883.164182688,4,14,2,False
Nevada,2021-04-18,Beverages,61428869,2021-04-18,62246843.0,57822290.0,62159597.0,62346303.0,4153266.9511810984,4,15,2,False
Nevada,2021-04-25,Beverages,63278448,2021-04-25,61428869.0,63998928.0,61668977.0,62861528.571428575,3765713.257584186,4,16,2,False
Nevada,2021-05-02,Beverages,66299297,2021-05-02,63278448.0,69168470.0,61749107.0,62758602.85714286,3742996.5611906485,5,17,2,False
Nevada,2021-05-09,Beverages,68671167,2021-05-09,66299297.0,64935937.0,62092755.0,62348721.0,3124654.4738367903,5,18,2,False
Nevada,2021-05-16,Beverages,66682846,2021-05-16,68671167.0,55694462.0,60246781.0,62882325.28571428,3772660.3179455018,5,19,2,False
Nevada,2021-05-23,Beverages,66098473,2021-05-23,66682846.0,62557191.0,58891009.0,64452094.428571425,2539969.4619851797,5,20,2,False
Nevada,2021-05-30,Beverages,68088692,2021-05-30,66098473.0,62246843.0,57755197.0,64957991.85714286,2463693.279086666,5,21,2,False
Nevada,2021-06-06,Beverages,70028862,2021-06-06,68088692.0,61428869.0,60594594.0,65792541.71428572,2392372.791793863,6,22,2,False
Nevada,2021-06-13,Beverages,67859295,2021-06-13,70028862.0,63278448.0,58025126.0,67021112.14285714,2014348.740711058,6,23,2,False
Nevada,2021-06-20,Beverages,71300167,2021-06-20,67859295.0,66299297.0,58341572.0,67675518.85714285,1314777.7936261892,6,24,2,False
Nevada,2021-06-27,Beverages,70658003,2021-06-27,71300167.0,68671167.0,53400289.0,68389928.85714285,1680641.9075129624,6,25,2,False
Nevada,2021-07-04,Beverages,73900787,2021-07-04,70658003.0,66682846.0,53808329.0,68673762.57142857,1862142.9641280826,7,26,3,False
Nevada,2021-07-11,Beverages,73101283,2021-07-11,73900787.0,66098473.0,55848431.0,69704897.0,2396080.223017505,7,27,3,False
Nevada,2021-07-18,Beverages,73060444,2021-07-18,73101283.0,68088692.0,55959938.0,70705298.42857143,2128444.291399781,7,28,3,False
Nevada,2021-07-25,Beverages,70156233,2021-07-25,73060444.0,70028862.0,53278907.0,71415548.71428572,1959621.6432631544,7,29,3,False
Nevada,2021-08-01,Beverages,69338528,2021-08-01,70156233.0,67859295.0,56399456.0,71433744.57142857,1947213.2942588138,8,30,3,False
Nevada,2021-08-08,Beverages,72793873,2021-08-08,69338528.0,71300167.0,56092416.0,71645063.57142857,1596519.8758344871,8,31,3,False
Nevada,2021-08-15,Beverages,73839067,2021-08-15,72793873.0,70658003.0,55590850.0,71858450.14285715,1635507.9007394968,8,32,3,False
Nevada,2021-08-22,Beverages,71018291,2021-08-22,73839067.0,73900787.0,54377456.0,72312887.85714285,1680152.0761319364,8,33,3,False
Nevada,2021-08-29,Beverages,69929214,2021-08-29,71018291.0,73101283.0,54141629.0,71901102.71428572,1591403.9309458553,8,34,3,False
Nevada,2021-09-05,Beverages,72111711,2021-09-05,69929214.0,73060444.0,57507947.0,71447950.0,1636129.8414277206,9,35,3,False
Nevada,2021-09-12,Beverages,70009887,2021-09-12,72111711.0,70156233.0,57221258.0,71312416.71428572,1532985.0838153611,9,36,3,False
Nevada,2021-09-19,Beverages,69517287,2021-09-19,70009887.0,69338528.0,56002332.0,71291510.14285715,1549519.1029439853,9,37,3,False
Nevada,2021-09-26,Beverages,68281705,2021-09-26,69517287.0,72793873.0,57822290.0,71317047.14285715,1518280.4980101716,9,38,3,False
Nevada,2021-10-03,Beverages,97454406,2021-10-03,68281705.0,73839067.0,63998928.0,70672451.71428572,1701259.7912221418,10,39,4,False
Nevada,2021-10-10,Beverages,94869756,2021-10-10,97454406.0,71018291.0,69168470.0,74046071.57142857,9620190.379400613,10,40,4,False
Nevada,2021-10-17,Beverages,92490701,2021-10-17,94869756.0,69929214.0,64935937.0,77453423.71428572,11898526.18823819,10,41,4,False
Nevada,2021-10-24,Beverages,92985096,2021-10-24,92490701.0,72111711.0,55694462.0,80676493.28571428,12466029.338465214,10,42,4,False
Nevada,2021-10-31,Beverages,93071769,2021-10-31,92985096.0,70009887.0,62557191.0,83658405.42857143,12556824.08240183,10,43,4,False
Nevada,2021-11-07,Beverages,92345973,2021-11-07,93071769.0,69517287.0,62246843.0,86952960.0,11526785.866708621,11,44,4,False
Nevada,2021-11-14,Beverages,92148151,2021-11-14,92345973.0,68281705.0,61428869.0,90214200.85714285,9108078.04467944,11,45,4,False
Nevada,2021-11-21,Beverages,91842417,2021-11-21,92148151.0,97454406.0,63278448.0,93623693.14285715,1774136.6021985437,11,46,4,False
Nevada,2021-11-28,Beverages,84566191,2021-11-28,91842417.0,94869756.0,66299297.0,92821980.42857143,928309.1812792852,11,47,4,False
Nevada,2021-12-05,Beverages,85728485,2021-12-05,84566191.0,92490701.0,68671167.0,91350042.57142857,2798743.913750404,12,48,4,False
Nevada,2021-12-12,Beverages,87269917,2021-12-12,85728485.0,92985096.0,66682846.0,90384011.71428572,3350886.2585216053,12,49,4,False
Nevada,2021-12-19,Beverages,87815423,2021-12-19,87269917.0,93071769.0,66098473.0,89567557.57142857,3313712.5463590533,12,50,4,False
Nevada,2021-12-26,Beverages,85598096,2021-12-26,87815423.0,92345973.0,68088692.0,88816651.0,3016816.887914683,12,51,4,False
Nevada,2022-01-02,Beverages,87627145,2022-01-02,85598096.0,92148151.0,70028862.0,87852668.57142857,2805770.497605626,1,52,1,False
Nevada,2022-01-09,Beverages,86588437,2022-01-09,87627145.0,91842417.0,67859295.0,87206810.57142857,2196952.4440720994,1,1,1,False
Nevada,2022-01-16,Beverages,87498306,2022-01-16,86588437.0,84566191.0,71300167.0,86456242.0,1117156.2712608157,1,2,1,False
Nevada,2022-01-23,Beverages,85908588,2022-01-23,87498306.0,85728485.0,70658003.0,86875115.57142857,846985.0780034481,1,3,1,False
Nevada,2022-01-30,Beverages,84537714,2022-01-30,85908588.0,87269917.0,73900787.0,86900844.57142857,813850.2903248873,1,4,1,False
Nevada,2022-02-06,Beverages,86356797,2022-02-06,84537714.0,87815423.0,73101283.0,86510529.85714285,1135040.5072828236,2,5,1,False
Nevada,2022-02-13,Beverages,88624513,2022-02-13,86356797.0,85598096.0,73060444.0,86302154.71428572,1002508.6353868452,2,6,1,False
Nevada,2022-02-20,Beverages,86424096,2022-02-20,88624513.0,87627145.0,70156233.0,86734500.0,1231976.1801779608,2,7,1,False
Nevada,2022-02-27,Beverages,89601702,2022-02-27,86424096.0,86588437.0,69338528.0,86562635.85714285,1178202.7306558017,2,8,1,False
Nevada,2022-03-06,Beverages,92054046,2022-03-06,89601702.0,87498306.0,72793873.0,86993102.28571428,1588138.156119942,3,9,1,False
Nevada,2022-03-13,Beverages,91322776,2022-03-13,92054046.0,85908588.0,73839067.0,87643922.28571428,2391898.0329408045,3,10,1,False
Nevada,2022-03-20,Beverages,94353742,2022-03-20,91322776.0,84537714.0,71018291.0,88417377.71428572,2574134.524954187,3,11,1,False
Nevada,2022-03-27,Beverages,95719422,2022-03-27,94353742.0,86356797.0,69929214.0,89819667.42857143,2746605.571691666,3,12,1,False
Nevada,2022-04-03,Beverages,100330711,2022-04-03,95719422.0,88624513.0,72111711.0,91157185.28571428,3002376.426287973,4,13,2,False
Nevada,2022-04-10,Beverages,100096904,2022-04-10,100330711.0,86424096.0,70009887.0,92829499.28571428,4162117.5200947537,4,14,2,False
Nevada,2022-04-17,Beverages,99486368,2022-04-17,100096904.0,89601702.0,69517287.0,94782757.57142857,3897655.160865376,4,15,2,False
Nevada,2022-04-24,Beverages,97881485,2022-04-24,99486368.0,92054046.0,68281705.0,96194852.71428572,3538856.466901242,4,16,2,False
Nevada,2022-05-01,Beverages,100373381,2022-05-01,97881485.0,91322776.0,97454406.0,97027344.0,3128479.5871363683,5,17,2,False
Nevada,2022-05-08,Beverages,102374030,2022-05-08,100373381.0,94353742.0,94869756.0,98320287.57142857,2250829.614556352,5,18,2,False
Nevada,2022-05-15,Beverages,102195108,2022-05-15,102374030.0,95719422.0,92490701.0,99466043.0,1963004.0051124184,5,19,2,False
Nevada,2022-05-22,Beverages,102231901,2022-05-22,102195108.0,100330711.0,92985096.0,100391141.0,1433959.341820495,5,20,2,False
Nevada,2022-05-29,Beverages,104453182,2022-05-29,102231901.0,100096904.0,93071769.0,100662739.57142857,1570353.047777259,5,21,2,False
Nevada,2022-06-05,Beverages,107451031,2022-06-05,104453182.0,99486368.0,92345973.0,101285065.0,2021255.6988074887,6,22,2,False
Nevada,2022-06-12,Beverages,108401002,2022-06-12,107451031.0,97881485.0,92148151.0,102422874.0,2785674.6495418954,6,23,2,False
Nevada,2022-06-19,Beverages,107987659,2022-06-19,108401002.0,100373381.0,91842417.0,103925662.14285715,2767801.5435299817,6,24,2,False
Nevada,2022-06-26,Beverages,104905199,2022-06-26,107987659.0,102374030.0,84566191.0,105013416.14285715,2651784.6682803608,6,25,2,False
Nevada,2022-07-03,Beverages,113337636,2022-07-03,104905199.0,102195108.0,85728485.0,105375011.71428572,2430573.880690056,7,26,3,False
Nevada,2022-07-10,Beverages,110690505,2022-07-10,113337636.0,102231901.0,87269917.0,106966801.42857143,3314661.4166288082,7,27,3,False
Nevada,2022-07-17,Beverages,111229610,2022-07-17,110690505.0,104453182.0,87815423.0,108175173.42857143,2881825.0203374284,7,28,3,False
Nevada,2022-07-24,Beverages,107725767,2022-07-24,111229610.0,107451031.0,85598096.0,109143234.57142857,2592593.1330631566,7,29,3,False
Nevada,2022-07-31,Beverages,105182079,2022-07-31,107725767.0,108401002.0,87627145.0,109182482.57142857,2568647.577050486,7,30,3,False
Nevada,2022-08-07,Beverages,109684428,2022-08-07,105182079.0,107987659.0,86588437.0,108722636.42857143,2930089.227083347,8,31,3,False
Nevada,2022-08-14,Beverages,111445680,2022-08-14,109684428.0,104905199.0,87498306.0,108965032.0,2929444.6588709173,8,32,3,False
Nevada,2022-08-21,Beverages,107279199,2022-08-21,111445680.0,113337636.0,85908588.0,109899386.42857143,2496619.577130563,8,33,3,False
Nevada,2022-08-28,Beverages,108306289,2022-08-28,107279199.0,110690505.0,84537714.0,109033895.42857143,2185408.250132705,8,34,3,False
Nevada,2022-09-04,Beverages,110622906,2022-09-04,108306289.0,111229610.0,86356797.0,108693293.14285715,2084125.406212836,9,35,3,False
Nevada,2022-09-11,Beverages,107655422,2022-09-11,110622906.0,107725767.0,88624513.0,108606621.14285715,1987207.9944085758,9,36,3,False
Nevada,2022-09-18,Beverages,102953859,2022-09-18,107655422.0,105182079.0,86424096.0,108596571.85714285,1991809.5922577383,9,37,3,False
Nevada,2022-09-25,Beverages,100958965,2022-09-25,102953859.0,109684428.0,89601702.0,108278254.71428572,2597892.1250918806,9,38,3,False
Nevada,2022-10-02,Beverages,100964519,2022-10-02,100958965.0,111445680.0,92054046.0,107031760.0,3544850.1793508865,10,39,4,False
Nevada,2022-10-09,Beverages,102194629,2022-10-09,100964519.0,107279199.0,91322776.0,105534451.28571428,3577647.4601309537,10,40,4,False
Nevada,2022-10-16,Beverages,100996830,2022-10-16,102194629.0,108306289.0,94353742.0,104808084.14285715,3664773.1010053763,10,41,4,False
Nevada,2022-10-23,Beverages,99022283,2022-10-23,100996830.0,110622906.0,95719422.0,103763875.71428572,3559084.0594534087,10,42,4,False
Nevada,2022-10-30,Beverages,95957195,2022-10-30,99022283.0,107655422.0,100330711.0,102106643.85714285,2532109.1830814867,10,43,4,False
Nevada,2022-11-06,Beverages,97736557,2022-11-06,95957195.0,102953859.0,100096904.0,100435468.57142857,2150017.7050508335,11,44,4,False
Nevada,2022-11-13,Beverages,97492295,2022-11-13,97736557.0,100958965.0,99486368.0,99690139.71428572,2049782.5845291298,11,45,4,False
Nevada,2022-11-20,Beverages,96374656,2022-11-20,97492295.0,100964519.0,97881485.0,99194901.14285715,2101531.2645411706,11,46,4,False
Nevada,2022-11-27,Beverages,91839129,2022-11-27,96374656.0,102194629.0,100373381.0,98539206.42857143,2162264.7514654114,11,47,4,False
Nevada,2022-12-04,Beverages,91020179,2022-12-04,91839129.0,100996830.0,102374030.0,97059849.28571428,2644054.312936493,12,48,4,False
Nevada,2022-12-11,Beverages,93177556,2022-12-11,91020179.0,99022283.0,102195108.0,95634613.42857143,2820736.5234836065,12,49,4,False
Nevada,2022-12-18,Beverages,93810022,2022-12-18,93177556.0,95957195.0,102231901.0,94799652.42857143,2546049.845934333,12,50,4,False
Nevada,2022-12-25,Beverages,94688707,2022-12-25,93810022.0,97736557.0,104453182.0,94492913.42857143,2517295.334495687,12,51,4,False
Nevada,2023-01-01,Beverages,90694672,2023-01-01,94688707.0,97492295.0,107451031.0,94057506.28571428,2156302.6043705214,1,52,1,False
Nevada,2023-01-08,Beverages,90884399,2023-01-08,90694672.0,96374656.0,108401002.0,93086417.28571428,1907027.2472118165,1,1,1,False
Nevada,2023-01-15,Beverages,91963891,2023-01-15,90884399.0,91839129.0,107987659.0,92302094.85714285,1472971.216673298,1,2,1,False
Nevada,2023-01-22,Beverages,90952640,2023-01-22,91963891.0,91020179.0,104905199.0,92319918.0,1468007.8945483083,1,3,1,False
Nevada,2023-01-29,Beverages,90204647,2023-01-29,90952640.0,93177556.0,113337636.0,92310269.57142857,1476714.8029682508,1,4,1,False
Nevada,2023-02-05,Beverages,92129655,2023-02-05,90204647.0,93810022.0,110690505.0,91885568.28571428,1589414.4768551185,2,5,1,False
Nevada,2023-02-12,Beverages,96722302,2023-02-12,92129655.0,94688707.0,111229610.0,91645515.85714285,1395725.5512599885,2,6,1,False
Nevada,2023-02-19,Beverages,94316073,2023-02-19,96722302.0,90694672.0,107725767.0,91936029.42857143,2054900.3091262565,2,7,1,False
Nevada,2023-02-26,Beverages,93720961,2023-02-26,94316073.0,90884399.0,105182079.0,92453372.42857143,2131680.7467352315,2,8,1,False
Nevada,2023-03-05,Beverages,100941906,2023-03-05,93720961.0,91963891.0,109684428.0,92858595.57142857,2063426.49286888,3,9,1,False
Nevada,2023-03-12,Beverages,108721285,2023-03-12,100941906.0,90952640.0,111445680.0,94141169.14285715,3439861.8886711975,3,10,1,False
Nevada,2023-03-19,Beverages,103271404,2023-03-19,108721285.0,90204647.0,107279199.0,96679547.0,5857084.525663074,3,11,1,False
Nevada,2023-03-26,Beverages,93906382,2023-03-26,103271404.0,92129655.0,108306289.0,98546226.57142857,5571289.595866142,3,12,1,False
Nevada,2023-04-02,Beverages,98266678,2023-04-02,93906382.0,96722302.0,110622906.0,98800044.71428572,5307402.858209165,4,13,2,False
Nevada,2023-04-09,Beverages,102562118,2023-04-09,98266678.0,94316073.0,107655422.0,99020669.85714285,5248216.197430476,4,14,2,False
Nevada,2023-04-16,Beverages,101828070,2023-04-16,102562118.0,93720961.0,102953859.0,100198676.28571428,4978541.698770973,4,15,2,False
Nevada,2023-04-23,Beverages,101025635,2023-04-23,101828070.0,100941906.0,100958965.0,101356834.71428572,4222490.024660118,4,16,2,False
Nevada,2023-04-30,Beverages,107343566,2023-04-30,101025635.0,108721285.0,100964519.0,101368796.0,4221416.146352377,4,17,2,False
Nevada,2023-05-07,Beverages,109269132,2023-05-07,107343566.0,103271404.0,102194629.0,101171979.0,3893402.9093574174,5,18,2,False
New Hampshire,2020-05-03,Beverages,32853085,2020-05-03,30844385.0,35697445.0,30388827.0,32431871.714285713,2054900.7836421276,5,18,2,False
New Hampshire,2020-05-10,Beverages,34666000,2020-05-10,32853085.0,35486245.0,30666339.0,32025534.57142857,1599821.5635469656,5,19,2,False
New Hampshire,2020-05-17,Beverages,34103279,2020-05-17,34666000.0,30528128.0,29490225.0,31908356.714285713,1353061.5920916812,5,20,2,False
New Hampshire,2020-05-24,Beverages,37866615,2020-05-24,34103279.0,30876075.0,29239812.0,32419092.57142857,1409261.4291656243,5,21,2,False
New Hampshire,2020-05-31,Beverages,37102777,2020-05-31,37866615.0,31487081.0,29026634.0,33417741.14285714,2210870.1916299844,5,22,2,False
New Hampshire,2020-06-07,Beverages,37226621,2020-06-07,37102777.0,32103743.0,29727550.0,34219983.428571425,2377349.0913786995,6,23,2,False
New Hampshire,2020-06-14,Beverages,37318376,2020-06-14,37226621.0,30844385.0,29354792.0,34951823.14285714,2401630.139197501,6,24,2,False
New Hampshire,2020-06-21,Beverages,38284287,2020-06-21,37318376.0,32853085.0,30142040.0,35876679.0,1817250.9501724108,6,25,2,False
New Hampshire,2020-06-28,Beverages,38520872,2020-06-28,38284287.0,34666000.0,30014723.0,36652565.0,1490794.089507185,6,26,2,False
New Hampshire,2020-07-05,Beverages,41509380,2020-07-05,38520872.0,34103279.0,29272283.0,37203261.0,1361644.8602057986,7,27,3,False
New Hampshire,2020-07-12,Beverages,38339929,2020-07-12,41509380.0,37866615.0,30115314.0,38261275.428571425,1418024.168726358,7,28,3,False
New Hampshire,2020-07-19,Beverages,38178048,2020-07-19,38339929.0,37102777.0,32255625.0,38328891.71428572,1408848.242735162,7,29,3,False
New Hampshire,2020-07-26,Beverages,37873622,2020-07-26,38178048.0,37226621.0,30736142.0,38482501.85714286,1322778.3314478537,7,30,3,False
New Hampshire,2020-08-02,Beverages,39238217,2020-08-02,37873622.0,37318376.0,30026949.0,38574930.571428575,1252534.2357202873,8,31,3,False
New Hampshire,2020-08-09,Beverages,38399975,2020-08-09,39238217.0,38284287.0,28974786.0,38849193.571428575,1153650.864784331,8,32,3,False
New Hampshire,2020-08-16,Beverages,37820712,2020-08-16,38399975.0,38520872.0,31135066.0,38865720.428571425,1146244.685679988,8,33,3,False
New Hampshire,2020-08-23,Beverages,36552859,2020-08-23,37820712.0,41509380.0,27847797.0,38765697.571428575,1201203.4637686235,8,34,3,False
New Hampshire,2020-08-30,Beverages,35836629,2020-08-30,36552859.0,38339929.0,29896449.0,38057623.14285714,752092.6832291251,8,35,3,False
New Hampshire,2020-09-06,Beverages,34774832,2020-09-06,35836629.0,38178048.0,29766584.0,37700008.85714286,1063512.1312606926,9,36,3,False
New Hampshire,2020-09-13,Beverages,33724398,2020-09-13,34774832.0,37873622.0,29302521.0,37213835.14285714,1443754.5514386597,9,37,3,False
New Hampshire,2020-09-20,Beverages,33158475,2020-09-20,33724398.0,39238217.0,30183516.0,36621088.85714286,1846711.6023624316,9,38,3,False
New Hampshire,2020-09-27,Beverages,33508107,2020-09-27,33158475.0,38399975.0,29922102.0,35752554.28571428,1841283.5232632214,9,39,3,False
New Hampshire,2020-10-04,Beverages,32924901,2020-10-04,33508107.0,37820712.0,32353977.0,35053716.0,1618745.4412137065,10,40,4,False
New Hampshire,2020-10-11,Beverages,33001664,2020-10-11,32924901.0,36552859.0,35697445.0,34354314.428571425,1298009.8039223086,10,41,4,False
New Hampshire,2020-10-18,Beverages,32058522,2020-10-18,33001664.0,35836629.0,35486245.0,33847000.85714286,999164.0569296358,10,42,4,False
New Hampshire,2020-10-25,Beverages,31626288,2020-10-25,32058522.0,34774832.0,30528128.0,33307271.285714287,773598.4647183326,10,43,4,False
New Hampshire,2020-11-01,Beverages,31051552,2020-11-01,31626288.0,33724398.0,30876075.0,32857479.285714287,701525.1289862152,11,44,4,False
New Hampshire,2020-11-08,Beverages,32060542,2020-11-08,31051552.0,33158475.0,31487081.0,32475644.14285714,839574.8342431311,11,45,4,False
New Hampshire,2020-11-15,Beverages,32130985,2020-11-15,32060542.0,33508107.0,32103743.0,32318796.57142857,798931.8763162034,11,46,4,False
New Hampshire,2020-11-22,Beverages,32459420,2020-11-22,32130985.0,32924901.0,30844385.0,32122064.85714286,634477.8865868243,11,47,4,False
New Hampshire,2020-11-29,Beverages,32125005,2020-11-29,32459420.0,33001664.0,32853085.0,32055567.57142857,567732.9247677274,11,48,4,False
New Hampshire,2020-12-06,Beverages,30924507,2020-12-06,32125005.0,32058522.0,34666000.0,31930330.57142857,423620.05857782124,12,49,4,False
New Hampshire,2020-12-13,Beverages,31861670,2020-12-13,30924507.0,31626288.0,34103279.0,31768328.42857143,543495.673876563,12,50,4,False
New Hampshire,2020-12-20,Beverages,32669917,2020-12-20,31861670.0,31051552.0,37866615.0,31801954.42857143,540942.9654558888,12,51,4,False
New Hampshire,2020-12-27,Beverages,33244408,2020-12-27,32669917.0,32060542.0,37102777.0,32033149.42857143,516088.6368432998,12,52,4,False
New Hampshire,2021-01-03,Beverages,31933909,2021-01-03,33244408.0,32130985.0,37226621.0,32202273.14285714,668752.5194935795,1,53,1,False
New Hampshire,2021-01-10,Beverages,31496746,2021-01-10,31933909.0,32459420.0,37318376.0,32174119.42857143,675277.5533878305,1,1,1,False
New Hampshire,2021-01-17,Beverages,32167010,2021-01-17,31496746.0,32125005.0,38284287.0,32036594.57142857,700718.5251194866,1,2,1,False
New Hampshire,2021-01-24,Beverages,31240085,2021-01-24,32167010.0,30924507.0,38520872.0,32042595.285714287,701629.2142725551,1,3,1,False
New Hampshire,2021-01-31,Beverages,31471486,2021-01-31,31240085.0,31861670.0,41509380.0,32087677.85714286,635346.8295285756,1,4,1,False
New Hampshire,2021-02-07,Beverages,32211005,2021-02-07,31471486.0,32669917.0,38339929.0,32031937.285714287,668956.8564714507,2,5,1,False
New Hampshire,2021-02-14,Beverages,31543625,2021-02-14,32211005.0,33244408.0,38178048.0,31966378.42857143,624211.9963776066,2,6,1,False
New Hampshire,2021-02-21,Beverages,31847487,2021-02-21,31543625.0,31933909.0,37873622.0,31723409.42857143,350429.8678868084,2,7,1,False
New Hampshire,2021-02-28,Beverages,32073495,2021-02-28,31847487.0,31496746.0,39238217.0,31711063.42857143,344264.403018185,2,8,1,False
New Hampshire,2021-03-07,Beverages,34198378,2021-03-07,32073495.0,32167010.0,38399975.0,31793456.14285714,352041.11417858326,3,9,1,False
New Hampshire,2021-03-14,Beverages,38286894,2021-03-14,34198378.0,31240085.0,37820712.0,32083651.57142857,919793.7323065572,3,10,1,False
New Hampshire,2021-03-21,Beverages,38079480,2021-03-21,38286894.0,31471486.0,36552859.0,33090338.57142857,2286507.7746685515,3,11,1,False
New Hampshire,2021-03-28,Beverages,33192866,2021-03-28,38079480.0,32211005.0,35836629.0,34034337.71428572,2741994.3862501546,3,12,1,False
New Hampshire,2021-04-04,Beverages,33779494,2021-04-04,33192866.0,31543625.0,34774832.0,34174603.571428575,2669284.103698127,4,13,2,False
New Hampshire,2021-04-11,Beverages,33666213,2021-04-11,33779494.0,31847487.0,33724398.0,34494013.428571425,2460994.227543697,4,14,2,False
New Hampshire,2021-04-18,Beverages,33368292,2021-04-18,33666213.0,32073495.0,33158475.0,34753831.428571425,2255281.476780655,4,15,2,False
New Hampshire,2021-04-25,Beverages,34360725,2021-04-25,33368292.0,34198378.0,33508107.0,34938802.428571425,2073646.822749026,4,16,2,False
New Hampshire,2021-05-02,Beverages,35119245,2021-05-02,34360725.0,38286894.0,32924901.0,34961994.85714286,2066130.1983686746,5,17,2,False
New Hampshire,2021-05-09,Beverages,36528984,2021-05-09,35119245.0,38079480.0,33001664.0,34509473.571428575,1577457.387940012,5,18,2,False
New Hampshire,2021-05-16,Beverages,36880947,2021-05-16,36528984.0,33192866.0,32058522.0,34287974.14285714,1096008.6788259593,5,19,2,False
New Hampshire,2021-05-23,Beverages,40747388,2021-05-23,36880947.0,33779494.0,31626288.0,34814842.85714286,1308748.424319104,5,20,2,False
New Hampshire,2021-05-30,Beverages,40502697,2021-05-30,40747388.0,33666213.0,31051552.0,35810256.28571428,2365736.5638477774,5,21,2,False
New Hampshire,2021-06-06,Beverages,39191943,2021-06-06,40502697.0,33368292.0,32060542.0,36786896.85714286,2670533.842629943,6,22,2,False
New Hampshire,2021-06-13,Beverages,40628716,2021-06-13,39191943.0,34360725.0,32130985.0,37618847.0,2365666.850443379,6,23,2,False
New Hampshire,2021-06-20,Beverages,41412909,2021-06-20,40628716.0,35119245.0,32459420.0,38514274.28571428,2138293.0372901424,6,24,2,False
New Hampshire,2021-06-27,Beverages,40777134,2021-06-27,41412909.0,36528984.0,32125005.0,39413369.14285714,1821433.4313656874,6,25,2,False
New Hampshire,2021-07-04,Beverages,42298976,2021-07-04,40777134.0,36880947.0,30924507.0,40020247.71428572,1423547.0760593228,7,26,3,False
New Hampshire,2021-07-11,Beverages,39438284,2021-07-11,42298976.0,40747388.0,31861670.0,40794251.85714286,872534.9503906068,7,27,3,False
New Hampshire,2021-07-18,Beverages,38963245,2021-07-18,39438284.0,40502697.0,32669917.0,40607237.0,994330.4558866844,7,28,3,False
New Hampshire,2021-07-25,Beverages,39836006,2021-07-25,38963245.0,39191943.0,33244408.0,40387315.28571428,1151028.952725847,7,29,3,False
New Hampshire,2021-08-01,Beverages,40501186,2021-08-01,39836006.0,40628716.0,31933909.0,40479324.28571428,1075030.961985036,8,30,3,False
New Hampshire,2021-08-08,Beverages,40625628,2021-08-08,40501186.0,41412909.0,31496746.0,40461105.71428572,1073424.2684329348,8,31,3,False
New Hampshire,2021-08-15,Beverages,41839783,2021-08-15,40625628.0,40777134.0,32167010.0,40348637.0,1006994.9089369837,8,32,3,False
New Hampshire,2021-08-22,Beverages,39861527,2021-08-22,41839783.0,42298976.0,31240085.0,40500444.0,1132434.8220877058,8,33,3,False
New Hampshire,2021-08-29,Beverages,38398796,2021-08-29,39861527.0,39438284.0,31471486.0,40152237.0,870272.6303424973,8,34,3,False
New Hampshire,2021-09-05,Beverages,38045854,2021-09-05,38398796.0,38963245.0,32211005.0,40003738.71428572,1049631.5970115731,9,35,3,False
New Hampshire,2021-09-12,Beverages,37586040,2021-09-12,38045854.0,39836006.0,31543625.0,39872682.85714286,1215527.0078237096,9,36,3,False
New Hampshire,2021-09-19,Beverages,36264701,2021-09-19,37586040.0,40501186.0,31847487.0,39551259.14285714,1456352.5516450237,9,37,3,False
New Hampshire,2021-09-26,Beverages,36027614,2021-09-26,36264701.0,40625628.0,32073495.0,38946047.0,1780123.2104312805,9,38,3,False
New Hampshire,2021-10-03,Beverages,50608160,2021-10-03,36027614.0,41839783.0,34198378.0,38289187.85714286,1884443.1468231725,10,39,4,False
New Hampshire,2021-10-10,Beverages,51298673,2021-10-10,50608160.0,39861527.0,38286894.0,39541813.14285714,4675540.302748594,10,40,4,False
New Hampshire,2021-10-17,Beverages,50137669,2021-10-17,51298673.0,38398796.0,38079480.0,41175691.14285714,6238811.418122053,10,41,4,False
New Hampshire,2021-10-24,Beverages,49095898,2021-10-24,50137669.0,38045854.0,33192866.0,42852673.0,6817827.458838099,10,42,4,False
New Hampshire,2021-10-31,Beverages,47991923,2021-10-31,49095898.0,37586040.0,33779494.0,44431250.71428572,6801348.554420041,10,43,4,False
New Hampshire,2021-11-07,Beverages,49261485,2021-11-07,47991923.0,36264701.0,33666213.0,45917805.428571425,6258262.630706642,11,44,4,False
New Hampshire,2021-11-14,Beverages,50090022,2021-11-14,49261485.0,36027614.0,33368292.0,47774488.85714286,4899384.984351748,11,45,4,False
New Hampshire,2021-11-21,Beverages,50209311,2021-11-21,50090022.0,50608160.0,34360725.0,49783404.28571428,1010675.0930831716,11,46,4,False
New Hampshire,2021-11-28,Beverages,47449321,2021-11-28,50209311.0,51298673.0,35119245.0,49726425.85714286,973117.0652100149,11,47,4,False
New Hampshire,2021-12-05,Beverages,48428547,2021-12-05,47449321.0,50137669.0,36528984.0,49176518.428571425,1015955.2823708314,12,48,4,False
New Hampshire,2021-12-12,Beverages,49313003,2021-12-12,48428547.0,49095898.0,36880947.0,48932358.14285714,959427.4387514126,12,49,4,False
New Hampshire,2021-12-19,Beverages,52082493,2021-12-19,49313003.0,47991923.0,40747388.0,48963373.14285714,967686.4000892168,12,50,4,False
New Hampshire,2021-12-26,Beverages,50332518,2021-12-26,52082493.0,49261485.0,40502697.0,49547740.28571428,1360132.2090163985,12,51,4,False
New Hampshire,2022-01-02,Beverages,48781954,2022-01-02,50332518.0,50090022.0,39191943.0,49700745.0,1379429.398395791,1,52,1,False
New Hampshire,2022-01-09,Beverages,48107986,2022-01-09,48781954.0,50209311.0,40628716.0,49513878.14285714,1402446.027429756,1,1,1,False
New Hampshire,2022-01-16,Beverages,50778008,2022-01-16,48107986.0,47449321.0,41412909.0,49213688.85714286,1445687.9048065254,1,2,1,False
New Hampshire,2022-01-23,Beverages,47083638,2022-01-23,50778008.0,48428547.0,40777134.0,49689215.571428575,1329947.1246265953,1,3,1,False
New Hampshire,2022-01-30,Beverages,49473197,2022-01-30,47083638.0,49313003.0,42298976.0,49497085.71428572,1573107.3680468602,1,4,1,False
New Hampshire,2022-02-06,Beverages,48683932,2022-02-06,49473197.0,52082493.0,39438284.0,49519970.571428575,1571427.2742587195,2,5,1,False
New Hampshire,2022-02-13,Beverages,49266745,2022-02-13,48683932.0,50332518.0,38963245.0,49034461.85714286,1181288.2835789751,2,6,1,False
New Hampshire,2022-02-20,Beverages,48294873,2022-02-20,49266745.0,48781954.0,39836006.0,48882208.571428575,1067362.0573182765,2,7,1,False
New Hampshire,2022-02-27,Beverages,48623462,2022-02-27,48294873.0,48107986.0,40501186.0,48812625.571428575,1087319.8942465,2,8,1,False
New Hampshire,2022-03-06,Beverages,49865291,2022-03-06,48623462.0,50778008.0,40625628.0,48886265.0,1054050.5843119929,3,9,1,False
New Hampshire,2022-03-13,Beverages,50181120,2022-03-13,49865291.0,47083638.0,41839783.0,48755876.85714286,848355.6612700977,3,10,1,False
New Hampshire,2022-03-20,Beverages,50241876,2022-03-20,50181120.0,49473197.0,39861527.0,49198374.28571428,643900.9126228588,3,11,1,False
New Hampshire,2022-03-27,Beverages,50208272,2022-03-27,50241876.0,48683932.0,38398796.0,49308185.571428575,739808.601799254,3,12,1,False
New Hampshire,2022-04-03,Beverages,51722980,2022-04-03,50208272.0,49266745.0,38045854.0,49525948.428571425,748306.2584331224,4,13,2,False
New Hampshire,2022-04-10,Beverages,51170028,2022-04-10,51722980.0,48294873.0,37586040.0,49876839.14285714,1056789.4133875011,4,14,2,False
New Hampshire,2022-04-17,Beverages,54171549,2022-04-17,51170028.0,48623462.0,36264701.0,50287575.571428575,910762.3726883603,4,15,2,False
New Hampshire,2022-04-24,Beverages,50093975,2022-04-24,54171549.0,49865291.0,36027614.0,51080159.428571425,1400258.553550509,4,16,2,False
New Hampshire,2022-05-01,Beverages,52010264,2022-05-01,50093975.0,50181120.0,50608160.0,51112828.571428575,1373954.2327421897,5,17,2,False
New Hampshire,2022-05-08,Beverages,55148843,2022-05-08,52010264.0,50241876.0,51298673.0,51374134.85714286,1345553.2211905627,5,18,2,False
New Hampshire,2022-05-15,Beverages,56179144,2022-05-15,55148843.0,50208272.0,50137669.0,52075130.14285714,1780860.3461491747,5,19,2,False
New Hampshire,2022-05-22,Beverages,60562858,2022-05-22,56179144.0,51722980.0,49095898.0,52928111.85714286,2086178.0086740437,5,20,2,False
New Hampshire,2022-05-29,Beverages,59898217,2022-05-29,60562858.0,51170028.0,47991923.0,54190951.571428575,3298021.6505406937,5,21,2,False
New Hampshire,2022-06-05,Beverages,58539377,2022-06-05,59898217.0,54171549.0,49261485.0,55437835.71428572,3559744.9073901125,6,22,2,False
New Hampshire,2022-06-12,Beverages,61071034,2022-06-12,58539377.0,50093975.0,50090022.0,56061811.14285714,3664367.91656801,6,23,2,False
New Hampshire,2022-06-19,Beverages,60192376,2022-06-19,61071034.0,52010264.0,50209311.0,57629962.428571425,3076563.5238993517,6,24,2,False
New Hampshire,2022-06-26,Beverages,60473076,2022-06-26,60192376.0,55148843.0,47449321.0,58798835.571428575,2127298.881895933,6,25,2,False
New Hampshire,2022-07-03,Beverages,66414080,2022-07-03,60473076.0,56179144.0,48428547.0,59559440.28571428,1563366.4341426296,7,26,3,False
New Hampshire,2022-07-10,Beverages,60496429,2022-07-10,66414080.0,60562858.0,49313003.0,61021574.0,2320826.2043661047,7,27,3,False
New Hampshire,2022-07-17,Beverages,61159798,2022-07-17,60496429.0,59898217.0,52082493.0,61012084.14285714,2322817.4516785056,7,28,3,False
New Hampshire,2022-07-24,Beverages,61319367,2022-07-24,61159798.0,58539377.0,50332518.0,61192310.0,2277909.9521688474,7,29,3,False
New Hampshire,2022-07-31,Beverages,61426229,2022-07-31,61319367.0,61071034.0,48781954.0,61589451.428571425,2006993.381371085,7,30,3,False
New Hampshire,2022-08-07,Beverages,62601373,2022-08-07,61426229.0,60192376.0,48107986.0,61640193.571428575,1997713.6433426284,8,31,3,False
New Hampshire,2022-08-14,Beverages,61682529,2022-08-14,62601373.0,60473076.0,50778008.0,61984336.0,1924825.4355487577,8,32,3,False
New Hampshire,2022-08-21,Beverages,60013247,2022-08-21,61682529.0,66414080.0,47083638.0,62157115.0,1833532.2389587949,8,33,3,False
New Hampshire,2022-08-28,Beverages,58858242,2022-08-28,60013247.0,60496429.0,49473197.0,61242710.28571428,770375.6429505332,8,34,3,False
New Hampshire,2022-09-04,Beverages,57734114,2022-09-04,58858242.0,61159798.0,48683932.0,61008683.571428575,1127558.9402355917,9,35,3,False
New Hampshire,2022-09-11,Beverages,55077631,2022-09-11,57734114.0,61319367.0,49266745.0,60519300.14285714,1600143.8092702753,9,36,3,False
New Hampshire,2022-09-18,Beverages,54738525,2022-09-18,55077631.0,61426229.0,48294873.0,59627623.571428575,2429852.0766444243,9,37,3,False
New Hampshire,2022-09-25,Beverages,53724331,2022-09-25,54738525.0,62601373.0,48623462.0,58672237.28571428,2818516.0855001733,9,38,3,False
New Hampshire,2022-10-02,Beverages,53158297,2022-10-02,53724331.0,61682529.0,49865291.0,57404088.428571425,2761844.335982744,10,39,4,False
New Hampshire,2022-10-09,Beverages,54403686,2022-10-09,53158297.0,60013247.0,50181120.0,56186341.0,2470853.4814209007,10,40,4,False
New Hampshire,2022-10-16,Beverages,53561160,2022-10-16,54403686.0,58858242.0,50241876.0,55384975.14285714,1955693.415345645,10,41,4,False
New Hampshire,2022-10-23,Beverages,52365557,2022-10-23,53561160.0,57734114.0,50208272.0,54628249.14285714,1415598.6358451555,10,42,4,False
New Hampshire,2022-10-30,Beverages,51488264,2022-10-30,52365557.0,55077631.0,51722980.0,53861312.428571425,876964.9155003772,10,43,4,False
New Hampshire,2022-11-06,Beverages,52322433,2022-11-06,51488264.0,54738525.0,51170028.0,53348545.71428572,1048460.93294084,11,44,4,False
New Hampshire,2022-11-13,Beverages,52772276,2022-11-13,52322433.0,53724331.0,54171549.0,53003389.71428572,924417.0775356785,11,45,4,False
New Hampshire,2022-11-20,Beverages,52552324,2022-11-20,52772276.0,53158297.0,50093975.0,52867381.85714286,877170.6776196362,11,46,4,False
New Hampshire,2022-11-27,Beverages,52622465,2022-11-27,52552324.0,54403686.0,52010264.0,52780814.28571428,874084.9097176809,11,47,4,False
New Hampshire,2022-12-04,Beverages,49931625,2022-12-04,52622465.0,53561160.0,55148843.0,52526354.14285714,571499.675154612,12,48,4,False
New Hampshire,2022-12-11,Beverages,52725450,2022-12-11,49931625.0,52365557.0,56179144.0,52007849.14285714,930909.4837505707,12,49,4,False
New Hampshire,2022-12-18,Beverages,54150225,2022-12-18,52725450.0,51488264.0,60562858.0,52059262.428571425,958767.0703290683,12,50,4,False
New Hampshire,2022-12-25,Beverages,57231236,2022-12-25,54150225.0,52322433.0,59898217.0,52439542.571428575,1163027.7251548723,12,51,4,False
New Hampshire,2023-01-01,Beverages,50635755,2023-01-01,57231236.0,52772276.0,58539377.0,53140800.14285714,2034443.0763949526,1,52,1,False
New Hampshire,2023-01-08,Beverages,50573660,2023-01-08,50635755.0,52552324.0,61071034.0,52835582.85714286,2218752.81572567,1,1,1,False
New Hampshire,2023-01-15,Beverages,51751831,2023-01-15,50573660.0,52622465.0,60192376.0,52552916.571428575,2358474.2716121553,1,2,1,False
New Hampshire,2023-01-22,Beverages,50802224,2023-01-22,51751831.0,49931625.0,60473076.0,52428540.28571428,2374429.8899102435,1,3,1,False
New Hampshire,2023-01-29,Beverages,51809478,2023-01-29,50802224.0,52725450.0,66414080.0,52552911.571428575,2260450.723539995,1,4,1,False
New Hampshire,2023-02-05,Beverages,50355820,2023-02-05,51809478.0,54150225.0,60496429.0,52422058.428571425,2273151.6342386384,2,5,1,False
New Hampshire,2023-02-12,Beverages,53417136,2023-02-12,50355820.0,57231236.0,61159798.0,51880000.571428575,2248698.765552051,2,6,1,False
New Hampshire,2023-02-19,Beverages,51575358,2023-02-19,53417136.0,50635755.0,61319367.0,51335129.14285714,1003237.1579348996,2,7,1,False
New Hampshire,2023-02-26,Beverages,51669988,2023-02-26,51575358.0,50573660.0,61426229.0,51469358.14285714,962723.6145768876,2,8,1,False
New Hampshire,2023-03-05,Beverages,53338540,2023-03-05,51669988.0,51751831.0,62601373.0,51625976.428571425,890756.4578945112,3,9,1,False
New Hampshire,2023-03-12,Beverages,58632571,2023-03-12,53338540.0,50802224.0,61682529.0,51852649.14285714,1076469.1255732235,3,10,1,False
New Hampshire,2023-03-19,Beverages,57543103,2023-03-19,58632571.0,51809478.0,60013247.0,52971270.14285714,2513286.33082286,3,11,1,False
New Hampshire,2023-03-26,Beverages,52159634,2023-03-26,57543103.0,50355820.0,58858242.0,53790359.428571425,2904966.2193645253,3,12,1,False
New Hampshire,2023-04-02,Beverages,52166467,2023-04-02,52159634.0,53417136.0,57734114.0,54048047.14285714,2658414.8010169547,4,13,2,False
New Hampshire,2023-04-09,Beverages,56189608,2023-04-09,52166467.0,51575358.0,55077631.0,53869380.14285714,2735716.841692858,4,14,2,False
New Hampshire,2023-04-16,Beverages,55834718,2023-04-16,56189608.0,51669988.0,54738525.0,54528558.71428572,2658365.0039444654,4,15,2,False
New Hampshire,2023-04-23,Beverages,54460243,2023-04-23,55834718.0,53338540.0,53724331.0,55123520.14285714,2406096.5216372167,4,16,2,False
New Hampshire,2023-04-30,Beverages,55296067,2023-04-30,54460243.0,58632571.0,53158297.0,55283763.428571425,2317607.768601326,4,17,2,False
New Hampshire,2023-05-07,Beverages,59336660,2023-05-07,55296067.0,57543103.0,54403686.0,54807120.0,1882037.5320753837,5,18,2,False
New Mexico,2020-05-03,Beverages,43768993,2020-05-03,40566802.0,46004343.0,40091431.0,41340071.14285714,2291069.5852846806,5,18,2,False
New Mexico,2020-05-10,Beverages,44112633,2020-05-10,43768993.0,42466993.0,38656091.0,41020735.428571425,1697620.2357654013,5,19,2,False
New Mexico,2020-05-17,Beverages,43271032,2020-05-17,44112633.0,38029662.0,37190917.0,41255826.85714286,1973202.4378418922,5,20,2,False
New Mexico,2020-05-24,Beverages,44427198,2020-05-24,43271032.0,39913693.0,35596520.0,42004594.0,1557609.9579487103,5,21,2,False
New Mexico,2020-05-31,Beverages,42166291,2020-05-31,44427198.0,40991192.0,35945861.0,42649380.428571425,1491400.963975385,5,22,2,False
New Mexico,2020-06-07,Beverages,45905227,2020-06-07,42166291.0,41407813.0,37278450.0,42817251.71428572,1355225.811379428,6,23,2,False
New Mexico,2020-06-14,Beverages,45999645,2020-06-14,45905227.0,40566802.0,37154366.0,43459739.428571425,1581861.4547242362,6,24,2,False
New Mexico,2020-06-21,Beverages,45995632,2020-06-21,45999645.0,43768993.0,37217286.0,44235859.85714286,1275118.624297496,6,25,2,False
New Mexico,2020-06-28,Beverages,45735527,2020-06-28,45995632.0,44112633.0,34731555.0,44553951.14285714,1391404.8097596297,6,26,2,False
New Mexico,2020-07-05,Beverages,49250336,2020-07-05,45735527.0,43271032.0,35952023.0,44785793.14285714,1433136.2324124575,7,27,3,False
New Mexico,2020-07-12,Beverages,46679633,2020-07-12,49250336.0,44427198.0,36401029.0,45639979.428571425,1960588.772829118,7,28,3,False
New Mexico,2020-07-19,Beverages,47877363,2020-07-19,46679633.0,42166291.0,39343627.0,45961755.85714286,1919546.7701000029,7,29,3,False
New Mexico,2020-07-26,Beverages,44376192,2020-07-26,47877363.0,45905227.0,35439725.0,46777623.28571428,1218731.0868941252,7,30,3,False
New Mexico,2020-08-02,Beverages,45176656,2020-08-02,44376192.0,45999645.0,35901902.0,46559189.71428572,1467210.3072510893,8,31,3,False
New Mexico,2020-08-09,Beverages,46628932,2020-08-09,45176656.0,45995632.0,36227966.0,46441619.85714286,1538575.086826365,8,32,3,False
New Mexico,2020-08-16,Beverages,47534421,2020-08-16,46628932.0,45735527.0,36269989.0,46532091.28571428,1528275.321074945,8,33,3,False
New Mexico,2020-08-23,Beverages,46196595,2020-08-23,47534421.0,49250336.0,36273269.0,46789076.14285714,1523962.8733903079,8,34,3,False
New Mexico,2020-08-30,Beverages,45094274,2020-08-30,46196595.0,46679633.0,37201589.0,46352827.428571425,1147561.5832559855,8,35,3,False
New Mexico,2020-09-06,Beverages,45977001,2020-09-06,45094274.0,47877363.0,36835606.0,46126347.571428575,1215165.249360221,9,36,3,False
New Mexico,2020-09-13,Beverages,42603289,2020-09-13,45977001.0,44376192.0,35944340.0,45854867.28571428,983922.5166468599,9,37,3,False
New Mexico,2020-09-20,Beverages,43001755,2020-09-20,42603289.0,45176656.0,35819239.0,45601595.428571425,1449826.5385682364,9,38,3,False
New Mexico,2020-09-27,Beverages,41678895,2020-09-27,43001755.0,46628932.0,38713023.0,45290895.28571428,1716176.5488700084,9,39,3,False
New Mexico,2020-10-04,Beverages,42431055,2020-10-04,41678895.0,47534421.0,41061662.0,44583747.14285714,2013264.157383832,10,40,4,False
New Mexico,2020-10-11,Beverages,43505034,2020-10-11,42431055.0,46196595.0,46004343.0,43854694.85714286,1714626.7638596694,10,41,4,False
New Mexico,2020-10-18,Beverages,42993936,2020-10-18,43505034.0,45094274.0,42466993.0,43470186.14285714,1423398.9678523743,10,42,4,False
New Mexico,2020-10-25,Beverages,40888289,2020-10-25,42993936.0,45977001.0,38029662.0,43170137.85714286,1261597.7605694502,10,43,4,False
New Mexico,2020-11-01,Beverages,39125374,2020-11-01,40888289.0,42603289.0,39913693.0,42443179.0,825527.6763196675,11,44,4,False
New Mexico,2020-11-08,Beverages,40897367,2020-11-08,39125374.0,43001755.0,40991192.0,41946334.0,1415459.6294562228,11,45,4,False
New Mexico,2020-11-15,Beverages,41802323,2020-11-15,40897367.0,41678895.0,41407813.0,41645707.14285714,1382464.9035867485,11,46,4,False
New Mexico,2020-11-22,Beverages,41377705,2020-11-22,41802323.0,42431055.0,40566802.0,41663339.71428572,1383562.4415339786,11,47,4,False
New Mexico,2020-11-29,Beverages,36433805,2020-11-29,41377705.0,43505034.0,43768993.0,41512861.14285714,1348724.7434011216,11,48,4,False
New Mexico,2020-12-06,Beverages,37379119,2020-12-06,36433805.0,42993936.0,44112633.0,40502685.571428575,1979115.4174105993,12,49,4,False
New Mexico,2020-12-13,Beverages,39015532,2020-12-13,37379119.0,40888289.0,43271032.0,39700568.85714286,1944401.696922518,12,50,4,False
New Mexico,2020-12-20,Beverages,41418275,2020-12-20,39015532.0,39125374.0,44427198.0,39433032.14285714,1890670.7357227344,12,51,4,False
New Mexico,2020-12-27,Beverages,38397644,2020-12-27,41418275.0,40897367.0,42166291.0,39760589.428571425,2004207.3622908,12,52,4,False
New Mexico,2021-01-03,Beverages,38562490,2021-01-03,38397644.0,41802323.0,45905227.0,39403486.14285714,1992508.3887657311,1,53,1,False
New Mexico,2021-01-10,Beverages,39597266,2021-01-10,38562490.0,41377705.0,45999645.0,38940652.85714286,1742083.3770301978,1,1,1,False
New Mexico,2021-01-17,Beverages,40053652,2021-01-17,39597266.0,36433805.0,45995632.0,38686304.428571425,1477596.854849481,1,2,1,False
New Mexico,2021-01-24,Beverages,38188273,2021-01-24,40053652.0,37379119.0,45735527.0,39203425.428571425,1207537.8765495874,1,3,1,False
New Mexico,2021-01-31,Beverages,37947499,2021-01-31,38188273.0,39015532.0,49250336.0,39319018.85714286,1056675.4932277913,1,4,1,False
New Mexico,2021-02-07,Beverages,40691767,2021-02-07,37947499.0,41418275.0,46679633.0,39166442.71428572,1161399.8804652712,2,5,1,False
New Mexico,2021-02-14,Beverages,40163112,2021-02-14,40691767.0,38397644.0,47877363.0,39062655.85714286,972655.5202867134,2,6,1,False
New Mexico,2021-02-21,Beverages,38223578,2021-02-21,40163112.0,38562490.0,44376192.0,39314865.571428575,996128.6563748585,2,7,1,False
New Mexico,2021-02-28,Beverages,39600957,2021-02-28,38223578.0,39597266.0,45176656.0,39266449.571428575,1038841.1744438176,2,8,1,False
New Mexico,2021-03-07,Beverages,43224896,2021-03-07,39600957.0,40053652.0,46628932.0,39266976.85714286,1039009.8764953249,3,9,1,False
New Mexico,2021-03-14,Beverages,49556841,2021-03-14,43224896.0,38188273.0,47534421.0,39720011.71428572,1738898.3685360188,3,10,1,False
New Mexico,2021-03-21,Beverages,46714557,2021-03-21,49556841.0,37947499.0,46196595.0,41344092.85714286,3724817.9773364654,3,11,1,False
New Mexico,2021-03-28,Beverages,40996188,2021-03-28,46714557.0,40691767.0,45094274.0,42596529.71428572,3844192.864595274,3,12,1,False
New Mexico,2021-04-04,Beverages,43942929,2021-04-04,40996188.0,40163112.0,45977001.0,42640018.428571425,3824067.863793634,4,13,2,False
New Mexico,2021-04-11,Beverages,44895903,2021-04-11,43942929.0,38223578.0,42603289.0,43179992.28571428,3701080.408373974,4,14,2,False
New Mexico,2021-04-18,Beverages,44962387,2021-04-18,44895903.0,39600957.0,43001755.0,44133181.571428575,3114580.7246310716,4,15,2,False
New Mexico,2021-04-25,Beverages,44677646,2021-04-25,44962387.0,43224896.0,41678895.0,44899100.14285714,2505547.984037328,4,16,2,False
New Mexico,2021-05-02,Beverages,46213010,2021-05-02,44677646.0,49556841.0,42431055.0,45106635.85714286,2416874.5998172606,5,17,2,False
New Mexico,2021-05-09,Beverages,48904959,2021-05-09,46213010.0,46714557.0,43505034.0,44628945.71428572,1720108.079705932,5,18,2,False
New Mexico,2021-05-16,Beverages,48205001,2021-05-16,48904959.0,40996188.0,42993936.0,44941860.28571428,2202612.381517678,5,19,2,False
New Mexico,2021-05-23,Beverages,48657045,2021-05-23,48205001.0,43942929.0,40888289.0,45971690.71428572,1757287.3444272978,5,20,2,False
New Mexico,2021-05-30,Beverages,47681199,2021-05-30,48657045.0,44895903.0,39125374.0,46645135.85714286,1754055.1668947968,5,21,2,False
New Mexico,2021-06-06,Beverages,48442417,2021-06-06,47681199.0,44962387.0,40897367.0,47043035.28571428,1623149.9473134538,6,22,2,False
New Mexico,2021-06-13,Beverages,50541679,2021-06-13,48442417.0,44677646.0,41802323.0,47540182.428571425,1431352.765848543,6,23,2,False
New Mexico,2021-06-20,Beverages,51622626,2021-06-20,50541679.0,46213010.0,41377705.0,48377901.428571425,1209713.6724260207,6,24,2,False
New Mexico,2021-06-27,Beverages,49736722,2021-06-27,51622626.0,48904959.0,36433805.0,49150703.71428572,1304101.7281785854,6,25,2,False
New Mexico,2021-07-04,Beverages,50052131,2021-07-04,49736722.0,48205001.0,37379119.0,49269527.0,1314151.729447241,7,26,3,False
New Mexico,2021-07-11,Beverages,50161187,2021-07-11,50052131.0,48657045.0,39015532.0,49533402.71428572,1258162.154213921,7,27,3,False
New Mexico,2021-07-18,Beverages,51469305,2021-07-18,50161187.0,47681199.0,41418275.0,49748280.14285714,1217943.7088157574,7,28,3,False
New Mexico,2021-07-25,Beverages,48189475,2021-07-25,51469305.0,48442417.0,38397644.0,50289438.14285714,1001630.5553519638,7,29,3,False
New Mexico,2021-08-01,Beverages,47483782,2021-08-01,48189475.0,50541679.0,38562490.0,50253303.571428575,1069850.7595744336,8,30,3,False
New Mexico,2021-08-08,Beverages,50324064,2021-08-08,47483782.0,51622626.0,39597266.0,49816461.14285714,1427452.0121701704,8,31,3,False
New Mexico,2021-08-15,Beverages,52731698,2021-08-15,50324064.0,49736722.0,40053652.0,49630952.28571428,1254584.1169882766,8,32,3,False
New Mexico,2021-08-22,Beverages,50253945,2021-08-22,52731698.0,50052131.0,38188273.0,50058806.0,1662179.9065683002,8,33,3,False
New Mexico,2021-08-29,Beverages,48371189,2021-08-29,50253945.0,50161187.0,37947499.0,50087636.571428575,1663563.754343123,8,34,3,False
New Mexico,2021-09-05,Beverages,49506690,2021-09-05,48371189.0,51469305.0,40691767.0,49831922.571428575,1766965.3406213312,9,35,3,False
New Mexico,2021-09-12,Beverages,47013547,2021-09-12,49506690.0,48189475.0,40163112.0,49551549.0,1635746.0174810577,9,36,3,False
New Mexico,2021-09-19,Beverages,48316330,2021-09-19,47013547.0,47483782.0,38223578.0,49383559.28571428,1817310.414467521,9,37,3,False
New Mexico,2021-09-26,Beverages,47411061,2021-09-26,48316330.0,50324064.0,39600957.0,49502494.71428572,1713356.1533479847,9,38,3,False
New Mexico,2021-10-03,Beverages,65423332,2021-10-03,47411061.0,52731698.0,43224896.0,49086351.428571425,1814072.663839079,10,39,4,False
New Mexico,2021-10-10,Beverages,66629753,2021-10-10,65423332.0,50253945.0,49556841.0,50899442.0,6019412.8573639495,10,40,4,False
New Mexico,2021-10-17,Beverages,65600559,2021-10-17,66629753.0,48371189.0,46714557.0,53238843.14285714,8127112.928437862,10,41,4,False
New Mexico,2021-10-24,Beverages,63451798,2021-10-24,65600559.0,49506690.0,40996188.0,55700181.71428572,8856477.863260005,10,42,4,False
New Mexico,2021-10-31,Beverages,61159836,2021-10-31,63451798.0,47013547.0,43942929.0,57692340.0,8807527.251290144,10,43,4,False
New Mexico,2021-11-07,Beverages,62953004,2021-11-07,61159836.0,48316330.0,44895903.0,59713238.428571425,7675624.212293868,11,44,4,False
New Mexico,2021-11-14,Beverages,65506575,2021-11-14,62953004.0,47411061.0,44962387.0,61804191.85714286,6122655.876611473,11,45,4,False
New Mexico,2021-11-21,Beverages,64818507,2021-11-21,65506575.0,65423332.0,44677646.0,64389265.28571428,1779871.4853986567,11,46,4,False
New Mexico,2021-11-28,Beverages,57153027,2021-11-28,64818507.0,66629753.0,46213010.0,64302861.71428572,1741850.123589744,11,47,4,False
New Mexico,2021-12-05,Beverages,59227225,2021-12-05,57153027.0,65600559.0,48904959.0,62949043.71428572,2780396.7886812272,12,48,4,False
New Mexico,2021-12-12,Beverages,61694362,2021-12-12,59227225.0,63451798.0,48205001.0,62038567.428571425,2806443.5012832214,12,49,4,False
New Mexico,2021-12-19,Beverages,64698894,2021-12-19,61694362.0,61159836.0,48657045.0,61787505.14285714,2746761.9042675104,12,50,4,False
New Mexico,2021-12-26,Beverages,61161254,2021-12-26,64698894.0,62953004.0,47681199.0,62293084.85714286,2905803.2403957946,12,51,4,False
New Mexico,2022-01-02,Beverages,58452376,2022-01-02,61161254.0,65506575.0,48442417.0,62037120.571428575,2915298.835660097,1,52,1,False
New Mexico,2022-01-09,Beverages,60024763,2022-01-09,58452376.0,64818507.0,50541679.0,61029377.85714286,2756738.058738913,1,1,1,False
New Mexico,2022-01-16,Beverages,61749483,2022-01-16,60024763.0,57153027.0,51622626.0,60344557.28571428,2285548.6967366845,1,2,1,False
New Mexico,2022-01-23,Beverages,60744230,2022-01-23,61749483.0,59227225.0,49736722.0,61001193.85714286,1902475.06105469,1,3,1,False
New Mexico,2022-01-30,Beverages,60361173,2022-01-30,60744230.0,61694362.0,50052131.0,61217908.85714286,1769833.998863555,1,4,1,False
New Mexico,2022-02-06,Beverages,61032853,2022-02-06,60361173.0,64698894.0,50161187.0,61027453.28571428,1780018.54498741,2,5,1,False
New Mexico,2022-02-13,Beverages,62378977,2022-02-13,61032853.0,61161254.0,51469305.0,60503733.14285714,984148.2804694918,2,6,1,False
New Mexico,2022-02-20,Beverages,60394925,2022-02-20,62378977.0,58452376.0,48189475.0,60677693.571428575,1174259.955210017,2,7,1,False
New Mexico,2022-02-27,Beverages,62810971,2022-02-27,60394925.0,60024763.0,47483782.0,60955200.571428575,778373.204905363,2,8,1,False
New Mexico,2022-03-06,Beverages,66017498,2022-03-06,62810971.0,61749483.0,50324064.0,61353230.28571428,903187.2261096042,3,9,1,False
New Mexico,2022-03-13,Beverages,64699095,2022-03-13,66017498.0,60744230.0,52731698.0,61962946.71428572,1878689.8319196464,3,10,1,False
New Mexico,2022-03-20,Beverages,66565669,2022-03-20,64699095.0,60361173.0,50253945.0,62527927.428571425,2016827.1740900883,3,11,1,False
New Mexico,2022-03-27,Beverages,65262782,2022-03-27,66565669.0,61032853.0,48371189.0,63414284.0,2222684.3292654827,3,12,1,False
New Mexico,2022-04-03,Beverages,68359811,2022-04-03,65262782.0,62378977.0,49506690.0,64018559.571428575,2062313.8141970937,4,13,2,False
New Mexico,2022-04-10,Beverages,69547316,2022-04-10,68359811.0,60394925.0,47013547.0,64872964.428571425,2414839.456827782,4,14,2,False
New Mexico,2022-04-17,Beverages,70598094,2022-04-17,69547316.0,62810971.0,48316330.0,66180448.85714286,2092512.638245989,4,15,2,False
New Mexico,2022-04-24,Beverages,67452372,2022-04-24,70598094.0,66017498.0,47411061.0,67292895.0,2075355.9633282241,4,16,2,False
New Mexico,2022-05-01,Beverages,68515536,2022-05-01,67452372.0,64699095.0,65423332.0,67497877.0,2009064.7676861435,5,17,2,False
New Mexico,2022-05-08,Beverages,71471274,2022-05-08,68515536.0,66565669.0,66629753.0,68043082.85714285,1663734.6910497465,5,18,2,False
New Mexico,2022-05-15,Beverages,73606498,2022-05-15,71471274.0,65262782.0,65600559.0,68743883.57142857,1908925.7702433378,5,19,2,False
New Mexico,2022-05-22,Beverages,72435035,2022-05-22,73606498.0,68359811.0,63451798.0,69935843.0,1967215.6955203111,5,20,2,False
New Mexico,2022-05-29,Beverages,70972870,2022-05-29,72435035.0,69547316.0,61159836.0,70518017.85714285,2017040.0515437112,5,21,2,False
New Mexico,2022-06-05,Beverages,72200112,2022-06-05,70972870.0,70598094.0,62953004.0,70721668.42857143,1980384.792206423,6,22,2,False
New Mexico,2022-06-12,Beverages,76599555,2022-06-12,72200112.0,67452372.0,65506575.0,70950528.14285715,2044412.4146825362,6,23,2,False
New Mexico,2022-06-19,Beverages,77783194,2022-06-19,76599555.0,68515536.0,64818507.0,72257268.57142857,2298408.425983273,6,24,2,False
New Mexico,2022-06-26,Beverages,73187434,2022-06-26,77783194.0,71471274.0,57153027.0,73581219.71428572,2427348.1077604857,6,25,2,False
New Mexico,2022-07-03,Beverages,75155138,2022-07-03,73187434.0,73606498.0,59227225.0,73826385.42857143,2284312.479658067,7,26,3,False
New Mexico,2022-07-10,Beverages,74360320,2022-07-10,75155138.0,72435035.0,61694362.0,74047619.71428572,2326898.7694739285,7,27,3,False
New Mexico,2022-07-17,Beverages,77655782,2022-07-17,74360320.0,70972870.0,64698894.0,74322660.42857143,2231880.2268806887,7,28,3,False
New Mexico,2022-07-24,Beverages,74746797,2022-07-24,77655782.0,72200112.0,61161254.0,75277362.14285715,2013434.9250448353,7,29,3,False
New Mexico,2022-07-31,Beverages,72120689,2022-07-31,74746797.0,76599555.0,58452376.0,75641174.28571428,1615238.0356997196,7,30,3,False
New Mexico,2022-08-07,Beverages,75824336,2022-08-07,72120689.0,77783194.0,60024763.0,75001336.28571428,1959319.5529319814,8,31,3,False
New Mexico,2022-08-14,Beverages,77964361,2022-08-14,75824336.0,73187434.0,61749483.0,74721499.42857143,1658870.8420569748,8,32,3,False
New Mexico,2022-08-21,Beverages,74119632,2022-08-21,77964361.0,75155138.0,60744230.0,75403917.57142857,1858028.9123841454,8,33,3,False
New Mexico,2022-08-28,Beverages,72488257,2022-08-28,74119632.0,74360320.0,60361173.0,75255988.14285715,1912373.8583142557,8,34,3,False
New Mexico,2022-09-04,Beverages,74102330,2022-09-04,72488257.0,77655782.0,61032853.0,74988550.57142857,2136675.3444304676,9,35,3,False
New Mexico,2022-09-11,Beverages,72981593,2022-09-11,74102330.0,74746797.0,62378977.0,74480914.57142857,1844879.9395963699,9,36,3,False
New Mexico,2022-09-18,Beverages,72357988,2022-09-18,72981593.0,72120689.0,60394925.0,74228742.57142857,1910766.8851730665,9,37,3,False
New Mexico,2022-09-25,Beverages,71436619,2022-09-25,72357988.0,75824336.0,62810971.0,74262642.42857143,1874833.288993436,9,38,3,False
New Mexico,2022-10-02,Beverages,70959076,2022-10-02,71436619.0,77964361.0,66017498.0,73635825.71428572,1978535.7603638074,10,39,4,False
New Mexico,2022-10-09,Beverages,70765027,2022-10-09,70959076.0,74119632.0,64699095.0,72635070.71428572,1122524.1714455956,10,40,4,False
New Mexico,2022-10-16,Beverages,69638194,2022-10-16,70765027.0,72488257.0,66565669.0,72155841.42857143,1102331.291442675,10,41,4,False
New Mexico,2022-10-23,Beverages,67549880,2022-10-23,69638194.0,74102330.0,65262782.0,71748689.57142857,1392509.5512213744,10,42,4,False
New Mexico,2022-10-30,Beverages,66018212,2022-10-30,67549880.0,72981593.0,68359811.0,70812625.28571428,1670348.2987044142,10,43,4,False
New Mexico,2022-11-06,Beverages,66563754,2022-11-06,66018212.0,72357988.0,69547316.0,69817856.57142857,2100526.0673415735,11,44,4,False
New Mexico,2022-11-13,Beverages,67992393,2022-11-13,66563754.0,71436619.0,70598094.0,68990108.85714285,2077987.3586341285,11,45,4,False
New Mexico,2022-11-20,Beverages,70157412,2022-11-20,67992393.0,70959076.0,67452372.0,68498076.57142857,1833870.8047539347,11,46,4,False
New Mexico,2022-11-27,Beverages,65043938,2022-11-27,70157412.0,70765027.0,68515536.0,68383553.14285715,1696493.9251688668,11,47,4,False
New Mexico,2022-12-04,Beverages,64130870,2022-12-04,65043938.0,69638194.0,71471274.0,67566254.71428572,1730087.3630988318,12,48,4,False
New Mexico,2022-12-11,Beverages,67537464,2022-12-11,64130870.0,67549880.0,73606498.0,66779494.14285714,1856586.9739107762,12,49,4,False
New Mexico,2022-12-18,Beverages,70135624,2022-12-18,67537464.0,66018212.0,72435035.0,66777720.428571425,1855855.915546443,12,50,4,False
New Mexico,2022-12-25,Beverages,69624449,2022-12-25,70135624.0,66563754.0,70972870.0,67365922.14285715,2150953.3700198126,12,51,4,False
New Mexico,2023-01-01,Beverages,62124094,2023-01-01,69624449.0,67992393.0,72200112.0,67803164.28571428,2252154.7712161564,1,52,1,False
New Mexico,2023-01-08,Beverages,63821678,2023-01-08,62124094.0,70157412.0,76599555.0,66964835.85714286,2995279.088339437,1,1,1,False
New Mexico,2023-01-15,Beverages,65975308,2023-01-15,63821678.0,65043938.0,77783194.0,66059731.0,2847411.681543327,1,2,1,False
New Mexico,2023-01-22,Beverages,65131373,2023-01-22,65975308.0,64130870.0,73187434.0,66192783.85714286,2818450.5209637913,1,3,1,False
New Mexico,2023-01-29,Beverages,64550348,2023-01-29,65131373.0,67537464.0,75155138.0,66335712.85714286,2734377.6187629504,1,4,1,False
New Mexico,2023-02-05,Beverages,65781090,2023-02-05,64550348.0,70135624.0,74360320.0,65908982.0,2746592.0188648095,2,5,1,False
New Mexico,2023-02-12,Beverages,67950100,2023-02-12,65781090.0,69624449.0,77655782.0,65286905.71428572,2146404.816611521,2,6,1,False
New Mexico,2023-02-19,Beverages,68032027,2023-02-19,67950100.0,62124094.0,74746797.0,65047713.0,1695675.399507255,2,7,1,False
New Mexico,2023-02-26,Beverages,66997849,2023-02-26,68032027.0,63821678.0,72120689.0,65891703.428571425,1488025.9460221115,2,8,1,False
New Mexico,2023-03-05,Beverages,71026573,2023-03-05,66997849.0,65975308.0,75824336.0,66345442.14285714,1253392.511580823,3,9,1,False
New Mexico,2023-03-12,Beverages,77737212,2023-03-12,71026573.0,65131373.0,77964361.0,67067051.428571425,2039884.3316642367,3,10,1,False
New Mexico,2023-03-19,Beverages,74754103,2023-03-19,77737212.0,64550348.0,74119632.0,68867885.57142857,4080132.1228019255,3,11,1,False
New Mexico,2023-03-26,Beverages,66997769,2023-03-26,74754103.0,65781090.0,72488257.0,70325564.85714285,4099912.361647773,3,12,1,False
New Mexico,2023-04-02,Beverages,69116707,2023-04-02,66997769.0,67950100.0,74102330.0,70499376.14285715,3925656.826036813,4,13,2,False
New Mexico,2023-04-09,Beverages,73606502,2023-04-09,69116707.0,68032027.0,72981593.0,70666034.28571428,3837670.63204955,4,14,2,False
New Mexico,2023-04-16,Beverages,75076161,2023-04-16,73606502.0,66997849.0,72357988.0,71462387.85714285,3786500.723116524,4,15,2,False
New Mexico,2023-04-23,Beverages,73888833,2023-04-23,75076161.0,71026573.0,71436619.0,72616432.42857143,3467556.387311935,4,16,2,False
New Mexico,2023-04-30,Beverages,73958962,2023-04-30,73888833.0,77737212.0,70959076.0,73025326.71428572,3424462.8264389727,4,17,2,False
New Mexico,2023-05-07,Beverages,79488160,2023-05-07,73958962.0,74754103.0,70765027.0,72485576.71428572,2896281.3845920577,5,18,2,False
New York,2020-05-03,Beverages,254010485,2020-05-03,244370860.0,290204864.0,258592907.0,259971347.57142857,19046837.45314806,5,18,2,False
New York,2020-05-10,Beverages,266107943,2020-05-10,254010485.0,288087083.0,252546939.0,254800722.0,14510060.077289892,5,19,2,False
New York,2020-05-17,Beverages,258711536,2020-05-17,266107943.0,240171905.0,235475053.0,251660844.85714287,7788751.256421236,5,20,2,False
New York,2020-05-24,Beverages,290287214,2020-05-24,258711536.0,252080000.0,235756720.0,254309363.57142857,6472650.923388205,5,21,2,False
New York,2020-05-31,Beverages,275277517,2020-05-31,290287214.0,255897518.0,238220084.0,259767537.0,14011018.771588929,5,22,2,False
New York,2020-06-07,Beverages,287660278,2020-06-07,275277517.0,248987203.0,245240120.0,262536108.2857143,14861686.372857098,6,23,2,False
New York,2020-06-14,Beverages,288739608,2020-06-14,287660278.0,244370860.0,239914025.0,268060833.2857143,15946701.486190604,6,24,2,False
New York,2020-06-21,Beverages,283288685,2020-06-21,288739608.0,254010485.0,249630625.0,274399225.85714287,13965525.741764452,6,25,2,False
New York,2020-06-28,Beverages,305546964,2020-06-28,283288685.0,266107943.0,240815212.0,278581825.85714287,11377384.180281034,6,26,2,False
New York,2020-07-05,Beverages,322977709,2020-07-05,305546964.0,258711536.0,240233769.0,284215971.71428573,13392054.255376544,7,27,3,False
New York,2020-07-12,Beverages,301481910,2020-07-12,322977709.0,290287214.0,247147491.0,293396853.5714286,14723187.32394324,7,28,3,False
New York,2020-07-19,Beverages,301434293,2020-07-19,301481910.0,275277517.0,255211106.0,294996095.85714287,14905420.695656419,7,29,3,False
New York,2020-07-26,Beverages,293590908,2020-07-26,301434293.0,287660278.0,248394540.0,298732778.14285713,12593022.056314813,7,30,3,False
New York,2020-08-02,Beverages,303165565,2020-08-02,293590908.0,288739608.0,245424005.0,299580011.0,12005376.034621729,8,31,3,False
New York,2020-08-09,Beverages,293584276,2020-08-09,303165565.0,283288685.0,240445415.0,301640862.0,11177244.028469937,8,32,3,False
New York,2020-08-16,Beverages,291656929,2020-08-16,293584276.0,305546964.0,247951897.0,303111660.71428573,9161089.484758027,8,33,3,False
New York,2020-08-23,Beverages,278739405,2020-08-23,291656929.0,322977709.0,224104617.0,301127370.0,9893700.975263273,8,34,3,False
New York,2020-08-30,Beverages,276545914,2020-08-30,278739405.0,301481910.0,240088803.0,294807612.28571427,7832218.554251523,8,35,3,False
New York,2020-09-06,Beverages,277206444,2020-09-06,276545914.0,301434293.0,241490835.0,291245327.14285713,9483216.592616707,9,36,3,False
New York,2020-09-13,Beverages,268753109,2020-09-13,277206444.0,293590908.0,232977877.0,287784205.85714287,9553903.23657754,9,37,3,False
New York,2020-09-20,Beverages,259300455,2020-09-20,268753109.0,303165565.0,235085112.0,284235948.85714287,11207608.595573395,9,38,3,False
New York,2020-09-27,Beverages,262863201,2020-09-27,259300455.0,293584276.0,243570108.0,277969504.5714286,11134525.788241,9,39,3,False
New York,2020-10-04,Beverages,264421970,2020-10-04,262863201.0,291656929.0,261730062.0,273580779.5714286,10123498.990321804,10,40,4,False
New York,2020-10-11,Beverages,260363051,2020-10-11,264421970.0,278739405.0,290204864.0,269690071.14285713,7256228.385895422,10,41,4,False
New York,2020-10-18,Beverages,246736838,2020-10-18,260363051.0,276545914.0,288087083.0,267064877.7142857,6818371.511096015,10,42,4,False
New York,2020-10-25,Beverages,247228483,2020-10-25,246736838.0,277206444.0,240171905.0,262806438.2857143,8634071.50645621,10,43,4,False
New York,2020-11-01,Beverages,242029203,2020-11-01,247228483.0,268753109.0,252080000.0,258523872.42857143,7826331.648599898,11,44,4,False
New York,2020-11-08,Beverages,256085339,2020-11-08,242029203.0,259300455.0,255897518.0,254706171.57142857,8402153.035284394,11,45,4,False
New York,2020-11-15,Beverages,252229856,2020-11-15,256085339.0,262863201.0,248987203.0,254246869.2857143,8224451.191805414,11,46,4,False
New York,2020-11-22,Beverages,257463053,2020-11-22,252229856.0,264421970.0,244370860.0,252727820.0,7437028.756757663,11,47,4,False
New York,2020-11-29,Beverages,260037359,2020-11-29,257463053.0,260363051.0,254010485.0,251733689.0,6163452.062968292,11,48,4,False
New York,2020-12-06,Beverages,237551612,2020-12-06,260037359.0,246736838.0,266107943.0,251687161.57142857,6099026.651361756,12,49,4,False
New York,2020-12-13,Beverages,254187772,2020-12-13,237551612.0,247228483.0,258711536.0,250374986.42857143,7779481.397000241,12,50,4,False
New York,2020-12-20,Beverages,254085289,2020-12-20,254187772.0,242029203.0,290287214.0,251369170.57142857,7758500.875649888,12,51,4,False
New York,2020-12-27,Beverages,258533687,2020-12-27,254085289.0,256085339.0,275277517.0,253091468.57142857,6769031.194019477,12,52,4,False
New York,2021-01-03,Beverages,248280769,2021-01-03,258533687.0,252229856.0,287660278.0,253441232.57142857,6974818.179203089,1,53,1,False
New York,2021-01-10,Beverages,250105857,2021-01-10,248280769.0,257463053.0,288739608.0,252877077.2857143,7205867.383102661,1,1,1,False
New York,2021-01-17,Beverages,250502308,2021-01-17,250105857.0,260037359.0,283288685.0,251826049.2857143,6993747.644682351,1,2,1,False
New York,2021-01-24,Beverages,241055112,2021-01-24,250502308.0,237551612.0,305546964.0,250463899.14285713,6138008.69882892,1,3,1,False
New York,2021-01-31,Beverages,245213129,2021-01-31,241055112.0,254187772.0,322977709.0,250964399.14285713,5123763.544202513,1,4,1,False
New York,2021-02-07,Beverages,252825598,2021-02-07,245213129.0,254085289.0,301481910.0,249682307.2857143,5277327.908369588,2,5,1,False
New York,2021-02-14,Beverages,245769666,2021-02-14,252825598.0,258533687.0,301434293.0,249502351.42857143,5143909.973825331,2,6,1,False
New York,2021-02-21,Beverages,240380607,2021-02-21,245769666.0,248280769.0,293590908.0,247678919.85714287,3670583.218876785,2,7,1,False
New York,2021-02-28,Beverages,248778098,2021-02-28,240380607.0,250105857.0,303165565.0,246550325.2857143,4444890.106150528,2,8,1,False
New York,2021-03-07,Beverages,265880962,2021-03-07,248778098.0,250502308.0,293584276.0,246360645.42857143,4315564.070863083,3,9,1,False
New York,2021-03-14,Beverages,302978825,2021-03-14,265880962.0,241055112.0,291656929.0,248557596.0,8110591.84248915,3,10,1,False
New York,2021-03-21,Beverages,298280258,2021-03-21,302978825.0,245213129.0,278739405.0,257403840.7142857,20064405.160571776,3,11,1,False
New York,2021-03-28,Beverages,252738722,2021-03-28,298280258.0,252825598.0,276545914.0,264984859.14285713,23718671.476429753,3,12,1,False
New York,2021-04-04,Beverages,260397144,2021-04-04,252738722.0,245769666.0,277206444.0,264972448.2857143,23725052.46546498,4,13,2,False
New York,2021-04-11,Beverages,263431940,2021-04-11,260397144.0,240380607.0,268753109.0,267062088.0,22557124.95696563,4,14,2,False
New York,2021-04-18,Beverages,251939169,2021-04-18,263431940.0,248778098.0,259300455.0,270355135.5714286,19953999.292171255,4,15,2,False
New York,2021-04-25,Beverages,259017716,2021-04-25,251939169.0,265880962.0,262863201.0,270806717.14285713,19490973.76170148,4,16,2,False
New York,2021-05-02,Beverages,265315458,2021-05-02,259017716.0,302978825.0,264421970.0,269826253.4285714,19882780.51771376,5,17,2,False
New York,2021-05-09,Beverages,274095648,2021-05-09,265315458.0,298280258.0,260363051.0,264445772.42857143,14569449.302610178,5,18,2,False
New York,2021-05-16,Beverages,272939159,2021-05-16,274095648.0,252738722.0,246736838.0,260990828.14285713,7077864.643767396,5,19,2,False
New York,2021-05-23,Beverages,305640440,2021-05-23,272939159.0,260397144.0,247228483.0,263876604.85714287,7241197.40664678,5,20,2,False
New York,2021-05-30,Beverages,295447775,2021-05-30,305640440.0,263431940.0,242029203.0,270339932.85714287,16065640.333636642,5,21,2,False
New York,2021-06-06,Beverages,287621787,2021-06-06,295447775.0,251939169.0,256085339.0,274913623.5714286,17900464.638083946,6,22,2,False
New York,2021-06-13,Beverages,310781452,2021-06-13,287621787.0,259017716.0,252229856.0,280011140.4285714,15559863.880811442,6,23,2,False
New York,2021-06-20,Beverages,299271437,2021-06-20,310781452.0,265315458.0,257463053.0,287405959.85714287,16115964.898297053,6,24,2,False
New York,2021-06-27,Beverages,303611432,2021-06-27,299271437.0,274095648.0,260037359.0,292256814.0,13659920.760815263,6,25,2,False
New York,2021-07-04,Beverages,324347057,2021-07-04,303611432.0,272939159.0,237551612.0,296473354.5714286,11836981.66797037,7,26,3,False
New York,2021-07-11,Beverages,302761906,2021-07-11,324347057.0,305640440.0,254187772.0,303817340.0,10865048.925744856,7,27,3,False
New York,2021-07-18,Beverages,300180175,2021-07-18,302761906.0,295447775.0,254085289.0,303406120.85714287,10842716.8191767,7,28,3,False
New York,2021-07-25,Beverages,304886897,2021-07-25,300180175.0,287621787.0,258533687.0,304082178.0,10466433.702995848,7,29,3,False
New York,2021-08-01,Beverages,301849752,2021-08-01,304886897.0,310781452.0,248280769.0,306548622.28571427,8052890.431469545,8,30,3,False
New York,2021-08-08,Beverages,303039915,2021-08-08,301849752.0,299271437.0,250105857.0,305272665.14285713,7988468.280391621,8,31,3,False
New York,2021-08-15,Beverages,313023910,2021-08-15,303039915.0,303611432.0,250502308.0,305811019.14285713,7687197.492680855,8,32,3,False
New York,2021-08-22,Beverages,294983606,2021-08-22,313023910.0,324347057.0,241055112.0,307155658.85714287,8001627.122295003,8,33,3,False
New York,2021-08-29,Beverages,295457102,2021-08-29,294983606.0,302761906.0,245213129.0,302960880.14285713,5037343.087210219,8,34,3,False
New York,2021-09-05,Beverages,295669694,2021-09-05,295457102.0,300180175.0,252825598.0,301917336.71428573,5685419.863178299,9,35,3,False
New York,2021-09-12,Beverages,286048551,2021-09-12,295669694.0,304886897.0,245769666.0,301272982.28571427,6087187.403541185,9,36,3,False
New York,2021-09-19,Beverages,279297072,2021-09-19,286048551.0,301849752.0,240380607.0,298581790.0,7813927.770163544,9,37,3,False
New York,2021-09-26,Beverages,277853468,2021-09-26,279297072.0,303039915.0,248778098.0,295359978.5714286,10113375.591043014,9,38,3,False
New York,2021-10-03,Beverages,403887300,2021-10-03,277853468.0,313023910.0,265880962.0,291761914.71428573,11166509.91081732,10,39,4,False
New York,2021-10-10,Beverages,403148965,2021-10-10,403887300.0,294983606.0,302978825.0,304742399.0,41080783.448185414,10,40,4,False
New York,2021-10-17,Beverages,383288006,2021-10-17,403148965.0,295457102.0,298280258.0,320194593.14285713,53091082.71278768,10,41,4,False
New York,2021-10-24,Beverages,380250399,2021-10-24,383288006.0,295669694.0,252738722.0,332741865.14285713,56057927.28538854,10,42,4,False
New York,2021-10-31,Beverages,373302523,2021-10-31,380250399.0,286048551.0,260397144.0,344824823.0,55880188.54491251,10,43,4,False
New York,2021-11-07,Beverages,387419582,2021-11-07,373302523.0,279297072.0,263431940.0,357289676.14285713,50887676.872929394,11,44,4,False
New York,2021-11-14,Beverages,391749072,2021-11-14,387419582.0,277853468.0,251939169.0,372735749.0,40145781.421649955,11,45,4,False
New York,2021-11-21,Beverages,397448170,2021-11-21,391749072.0,403887300.0,259017716.0,389006549.5714286,10606419.260974886,11,46,4,False
New York,2021-11-28,Beverages,379356773,2021-11-28,397448170.0,403148965.0,265315458.0,388086673.85714287,9497171.982163804,11,47,4,False
New York,2021-12-05,Beverages,373755427,2021-12-05,379356773.0,383288006.0,274095648.0,384687789.28571427,7557830.091139149,12,48,4,False
New York,2021-12-12,Beverages,389500262,2021-12-12,373755427.0,380250399.0,272939159.0,383325992.28571427,8488826.977860725,12,49,4,False
New York,2021-12-19,Beverages,399508748,2021-12-19,389500262.0,373302523.0,305640440.0,384647401.28571427,8626046.64000696,12,50,4,False
New York,2021-12-26,Beverages,394759409,2021-12-26,399508748.0,387419582.0,295447775.0,388391147.71428573,8576584.951761238,12,51,4,False
New York,2022-01-02,Beverages,377001512,2022-01-02,394759409.0,391749072.0,287621787.0,389439694.4285714,8838384.84295396,1,52,1,False
New York,2022-01-09,Beverages,379375721,2022-01-09,377001512.0,397448170.0,310781452.0,387332900.14285713,9747706.020597167,1,1,1,False
New York,2022-01-16,Beverages,391697963,2022-01-16,379375721.0,379356773.0,299271437.0,384751121.71428573,9098377.918986974,1,2,1,False
New York,2022-01-23,Beverages,363372584,2022-01-23,391697963.0,373755427.0,303611432.0,386514148.85714287,9077956.961385587,1,3,1,False
New York,2022-01-30,Beverages,373188824,2022-01-30,363372584.0,389500262.0,324347057.0,385030885.5714286,11552437.398572627,1,4,1,False
New York,2022-02-06,Beverages,378756475,2022-02-06,373188824.0,399508748.0,302761906.0,382700680.14285713,12050262.381028574,2,5,1,False
New York,2022-02-13,Beverages,381278051,2022-02-13,378756475.0,394759409.0,300180175.0,379736069.71428573,9913806.882522942,2,6,1,False
New York,2022-02-20,Beverages,368925238,2022-02-20,381278051.0,377001512.0,304886897.0,377810161.4285714,7916511.607706472,2,7,1,False
New York,2022-02-27,Beverages,377390305,2022-02-27,368925238.0,379375721.0,301849752.0,376656408.0,8516102.511128433,2,8,1,False
New York,2022-03-06,Beverages,390502426,2022-03-06,377390305.0,391697963.0,303039915.0,376372777.14285713,8453645.285007557,3,9,1,False
New York,2022-03-13,Beverages,394353051,2022-03-13,390502426.0,363372584.0,313023910.0,376201986.14285713,8148885.099408518,3,10,1,False
New York,2022-03-20,Beverages,393035586,2022-03-20,394353051.0,373188824.0,294983606.0,380627767.14285713,8388641.405656168,3,11,1,False
New York,2022-03-27,Beverages,394467219,2022-03-27,393035586.0,378756475.0,295457102.0,383463018.85714287,8741777.03538166,3,12,1,False
New York,2022-04-03,Beverages,402829224,2022-04-03,394467219.0,381278051.0,295669694.0,385707410.85714287,9247474.232084442,4,13,2,False
New York,2022-04-10,Beverages,408505909,2022-04-10,402829224.0,368925238.0,286048551.0,388786149.85714287,10729114.445253486,4,14,2,False
New York,2022-04-17,Beverages,415468707,2022-04-17,408505909.0,377390305.0,279297072.0,394440531.4285714,9074344.853355162,4,15,2,False
New York,2022-04-24,Beverages,390688799,2022-04-24,415468707.0,390502426.0,277853468.0,399880303.14285713,8625065.41669358,4,16,2,False
New York,2022-05-01,Beverages,409395897,2022-05-01,390688799.0,394353051.0,403887300.0,399906927.85714287,8596315.495352536,5,17,2,False
New York,2022-05-08,Beverages,423986355,2022-05-08,409395897.0,393035586.0,403148965.0,402055905.85714287,8816743.185616814,5,18,2,False
New York,2022-05-15,Beverages,432556480,2022-05-15,423986355.0,394467219.0,383288006.0,406477444.28571427,10736274.543825291,5,19,2,False
New York,2022-05-22,Beverages,463629758,2022-05-22,432556480.0,402829224.0,380250399.0,411918767.28571427,12736268.560990665,5,20,2,False
New York,2022-05-29,Beverages,449893992,2022-05-29,463629758.0,408505909.0,373302523.0,420604557.85714287,21376869.397146825,5,21,2,False
New York,2022-06-05,Beverages,452815638,2022-06-05,449893992.0,415468707.0,387419582.0,426517141.14285713,22883484.303330477,6,22,2,False
New York,2022-06-12,Beverages,463353692,2022-06-12,452815638.0,390688799.0,391749072.0,431852417.0,24011496.76318398,6,23,2,False
New York,2022-06-19,Beverages,455675393,2022-06-19,463353692.0,409395897.0,397448170.0,442233116.0,19196124.368268188,6,24,2,False
New York,2022-06-26,Beverages,471218054,2022-06-26,455675393.0,423986355.0,379356773.0,448844472.5714286,14019781.660327697,6,25,2,False
New York,2022-07-03,Beverages,505790145,2022-07-03,471218054.0,432556480.0,373755427.0,455591858.14285713,11587188.719949264,7,26,3,False
New York,2022-07-10,Beverages,469314536,2022-07-10,505790145.0,463629758.0,389500262.0,466053810.28571427,17578041.72318185,7,27,3,False
New York,2022-07-17,Beverages,472504382,2022-07-17,469314536.0,449893992.0,399508748.0,466865921.4285714,17578609.106747985,7,28,3,False
New York,2022-07-24,Beverages,470465101,2022-07-24,472504382.0,452815638.0,394759409.0,470095977.14285713,16185379.277785072,7,29,3,False
New York,2022-07-31,Beverages,467768087,2022-07-31,470465101.0,463353692.0,377001512.0,472617329.0,14593497.288554722,7,30,3,False
New York,2022-08-07,Beverages,471705695,2022-08-07,467768087.0,455675393.0,379375721.0,473247956.85714287,14271387.352845624,8,31,3,False
New York,2022-08-14,Beverages,471032964,2022-08-14,471705695.0,471218054.0,391697963.0,475538000.0,12436013.180473145,8,32,3,False
New York,2022-08-21,Beverages,456045797,2022-08-21,471032964.0,505790145.0,363372584.0,475511558.5714286,12445363.385894123,8,33,3,False
New York,2022-08-28,Beverages,451314586,2022-08-28,456045797.0,469314536.0,373188824.0,468405223.14285713,5248571.8265394885,8,34,3,False
New York,2022-09-04,Beverages,454228372,2022-09-04,451314586.0,472504382.0,378756475.0,465833801.71428573,7908495.562746486,9,35,3,False
New York,2022-09-11,Beverages,436726667,2022-09-11,454228372.0,470465101.0,381278051.0,463222943.14285713,8283230.86212609,9,36,3,False
New York,2022-09-18,Beverages,433258418,2022-09-18,436726667.0,467768087.0,368925238.0,458403166.85714287,11755093.05734225,9,37,3,False
New York,2022-09-25,Beverages,426238755,2022-09-25,433258418.0,471705695.0,377390305.0,453473214.14285713,13844550.856660092,9,38,3,False
New York,2022-10-02,Beverages,420702848,2022-10-02,426238755.0,471032964.0,390502426.0,446977937.0,14420586.224555247,10,39,4,False
New York,2022-10-09,Beverages,423193051,2022-10-09,420702848.0,456045797.0,394353051.0,439787920.4285714,13123233.26516854,10,40,4,False
New York,2022-10-16,Beverages,411644555,2022-10-16,423193051.0,451314586.0,393035586.0,435094671.0,12319669.340833237,10,41,4,False
New York,2022-10-23,Beverages,407301140,2022-10-23,411644555.0,454228372.0,394467219.0,429427523.71428573,12674080.1749798,10,42,4,False
New York,2022-10-30,Beverages,404190797,2022-10-30,407301140.0,436726667.0,402829224.0,422723633.4285714,9887408.470324578,10,43,4,False
New York,2022-11-06,Beverages,414658873,2022-11-06,404190797.0,433258418.0,408505909.0,418075652.0,9859592.002400465,11,44,4,False
New York,2022-11-13,Beverages,415690861,2022-11-13,414658873.0,426238755.0,415468707.0,415418574.14285713,7673874.3923623385,11,45,4,False
New York,2022-11-20,Beverages,413445519,2022-11-20,415690861.0,420702848.0,390688799.0,413911732.14285713,6316896.3218706995,11,46,4,False
New York,2022-11-27,Beverages,426665132,2022-11-27,413445519.0,423193051.0,409395897.0,412874970.85714287,5680747.389880044,11,47,4,False
New York,2022-12-04,Beverages,390891171,2022-12-04,426665132.0,411644555.0,423986355.0,413370982.4285714,6631955.222492327,12,48,4,False
New York,2022-12-11,Beverages,417981285,2022-12-11,390891171.0,407301140.0,432556480.0,410406213.28571427,10342092.826454308,12,49,4,False
New York,2022-12-18,Beverages,421615746,2022-12-18,417981285.0,404190797.0,463629758.0,411931948.28571427,10557037.927050669,12,50,4,False
New York,2022-12-25,Beverages,442906401,2022-12-25,421615746.0,414658873.0,449893992.0,414421226.71428573,10492393.937858738,12,51,4,False
New York,2023-01-01,Beverages,398803114,2023-01-01,442906401.0,415690861.0,452815638.0,418456587.85714287,14481475.92758165,1,52,1,False
New York,2023-01-08,Beverages,401146602,2023-01-08,398803114.0,413445519.0,463353692.0,416044052.5714286,16061753.681869235,1,1,1,False
New York,2023-01-15,Beverages,403348511,2023-01-15,401146602.0,426665132.0,455675393.0,414287064.4285714,16900685.21360951,1,2,1,False
New York,2023-01-22,Beverages,393187483,2023-01-22,403348511.0,390891171.0,471218054.0,410956118.5714286,16423855.11126604,1,3,1,False
New York,2023-01-29,Beverages,394145633,2023-01-29,393187483.0,417981285.0,505790145.0,411284163.14285713,16038213.800399018,1,4,1,False
New York,2023-02-05,Beverages,398935375,2023-02-05,394145633.0,421615746.0,469314536.0,407879070.0,16768530.357525095,2,5,1,False
New York,2023-02-12,Beverages,416142348,2023-02-12,398935375.0,442906401.0,472504382.0,404639017.0,15973608.059560148,2,6,1,False
New York,2023-02-19,Beverages,397662728,2023-02-19,416142348.0,398803114.0,470465101.0,400815580.85714287,7088183.118056678,2,7,1,False
New York,2023-02-26,Beverages,399007849,2023-02-26,397662728.0,401146602.0,467768087.0,400652668.5714286,7145438.652970628,2,8,1,False
New York,2023-03-05,Beverages,426576706,2023-03-05,399007849.0,403348511.0,471705695.0,400347132.4285714,7163489.270022784,3,9,1,False
New York,2023-03-12,Beverages,462900603,2023-03-12,426576706.0,393187483.0,471032964.0,403665446.0,11717586.729562541,3,10,1,False
New York,2023-03-19,Beverages,457965797,2023-03-19,462900603.0,394145633.0,456045797.0,413624463.14285713,22884351.57911822,3,11,1,False
New York,2023-03-26,Beverages,406905861,2023-03-26,457965797.0,398935375.0,451314586.0,422741629.4285714,25831113.153668776,3,12,1,False
New York,2023-04-02,Beverages,413078348,2023-04-02,406905861.0,416142348.0,454228372.0,423880270.28571427,24916096.742289893,4,13,2,False
New York,2023-04-09,Beverages,437785678,2023-04-09,413078348.0,397662728.0,436726667.0,423442556.0,25074597.462353572,4,14,2,False
New York,2023-04-16,Beverages,438996451,2023-04-16,437785678.0,399007849.0,433258418.0,429174406.0,23028848.21675756,4,15,2,False
New York,2023-04-23,Beverages,422336065,2023-04-23,438996451.0,426576706.0,426238755.0,434887063.4285714,19531312.49268145,4,16,2,False
New York,2023-04-30,Beverages,427489275,2023-04-30,422336065.0,462900603.0,420702848.0,434281257.5714286,19842960.93118226,4,17,2,False
New York,2023-05-07,Beverages,448720270,2023-05-07,427489275.0,457965797.0,423193051.0,429222496.4285714,16054053.044113072,5,18,2,False
North Carolina,2020-05-03,Beverages,218258711,2020-05-03,203758327.0,232460480.0,212919688.0,208652463.42857143,10739727.257561266,5,18,2,False
North Carolina,2020-05-10,Beverages,214465564,2020-05-10,218258711.0,214675670.0,201468061.0,206623639.2857143,6590443.714601772,5,19,2,False
North Carolina,2020-05-17,Beverages,221743633,2020-05-17,214465564.0,198659312.0,192796952.0,206593624.14285713,6554081.789524729,5,20,2,False
North Carolina,2020-05-24,Beverages,226324935,2020-05-24,221743633.0,201730136.0,185626411.0,209891384.2857143,7475052.051408926,5,21,2,False
North Carolina,2020-05-31,Beverages,220754539,2020-05-31,226324935.0,205079929.0,188325661.0,213404927.0,8520358.48391551,5,22,2,False
North Carolina,2020-06-07,Beverages,227809117,2020-06-07,220754539.0,204203390.0,188606221.0,215644157.0,8086918.084706108,6,23,2,False
North Carolina,2020-06-14,Beverages,225712158,2020-06-14,227809117.0,203758327.0,187088913.0,219016403.7142857,7514542.811874069,6,24,2,False
North Carolina,2020-06-21,Beverages,221508793,2020-06-21,225712158.0,218258711.0,188661091.0,222152665.2857143,4447306.401874418,6,25,2,False
North Carolina,2020-06-28,Beverages,234828043,2020-06-28,221508793.0,214465564.0,182341458.0,222616962.7142857,4178045.107649855,6,26,2,False
North Carolina,2020-07-05,Beverages,241370137,2020-07-05,234828043.0,221743633.0,190647025.0,225525888.2857143,4561088.080318806,7,27,3,False
North Carolina,2020-07-12,Beverages,227165539,2020-07-12,241370137.0,226324935.0,180282479.0,228329674.57142857,6838242.368757186,7,28,3,False
North Carolina,2020-07-19,Beverages,239036602,2020-07-19,227165539.0,220754539.0,202939686.0,228449760.85714287,6809302.426243894,7,29,3,False
North Carolina,2020-07-26,Beverages,230211946,2020-07-26,239036602.0,227809117.0,179605854.0,231061484.14285713,6862769.880509202,7,30,3,False
North Carolina,2020-08-02,Beverages,234057033,2020-08-02,230211946.0,225712158.0,178890818.0,231404745.42857143,6750685.657050023,8,31,3,False
North Carolina,2020-08-09,Beverages,229864947,2020-08-09,234057033.0,221508793.0,183461142.0,232596870.42857143,6366017.38589184,8,32,3,False
North Carolina,2020-08-16,Beverages,228995927,2020-08-16,229864947.0,234828043.0,182962942.0,233790606.7142857,4754338.497190747,8,33,3,False
North Carolina,2020-08-23,Beverages,222834291,2020-08-23,228995927.0,241370137.0,179715822.0,232957447.2857143,5003994.674298365,8,34,3,False
North Carolina,2020-08-30,Beverages,233981321,2020-08-30,222834291.0,227165539.0,186628120.0,230309469.2857143,4749468.713741109,8,35,3,False
North Carolina,2020-09-06,Beverages,236127507,2020-09-06,233981321.0,239036602.0,184957410.0,231283152.42857143,4703554.230140511,9,36,3,False
North Carolina,2020-09-13,Beverages,218369410,2020-09-13,236127507.0,230211946.0,180716590.0,230867567.42857143,4088429.1688788226,9,37,3,False
North Carolina,2020-09-20,Beverages,213160625,2020-09-20,218369410.0,234057033.0,179535690.0,229175776.57142857,6008871.738689678,9,38,3,False
North Carolina,2020-09-27,Beverages,213896722,2020-09-27,213160625.0,229864947.0,191518855.0,226190575.42857143,7773804.101829577,9,39,3,False
North Carolina,2020-10-04,Beverages,219051176,2020-10-04,213896722.0,228995927.0,196435895.0,223909400.42857143,8653948.079256635,10,40,4,False
North Carolina,2020-10-11,Beverages,214391731,2020-10-11,219051176.0,222834291.0,232460480.0,222488721.7142857,8517519.906314565,10,41,4,False
North Carolina,2020-10-18,Beverages,206647393,2020-10-18,214391731.0,233981321.0,214675670.0,221282641.7142857,8968965.979678964,10,42,4,False
North Carolina,2020-10-25,Beverages,207366035,2020-10-25,206647393.0,236127507.0,198659312.0,217377794.85714287,8529743.771866998,10,43,4,False
North Carolina,2020-11-01,Beverages,206272025,2020-11-01,207366035.0,218369410.0,201730136.0,213269013.14285713,4469015.894603543,11,44,4,False
North Carolina,2020-11-08,Beverages,205375020,2020-11-08,206272025.0,213160625.0,205079929.0,211540815.2857143,4501457.567126057,11,45,4,False
North Carolina,2020-11-15,Beverages,202009933,2020-11-15,205375020.0,213896722.0,204203390.0,210428586.0,4907366.353719221,11,46,4,False
North Carolina,2020-11-22,Beverages,210278428,2020-11-22,202009933.0,219051176.0,203758327.0,208730473.2857143,5441065.483817257,11,47,4,False
North Carolina,2020-11-29,Beverages,195949554,2020-11-29,210278428.0,214391731.0,218258711.0,207477223.57142857,3627694.4774223412,11,48,4,False
North Carolina,2020-12-06,Beverages,195796595,2020-12-06,195949554.0,206647393.0,214465564.0,204842626.85714287,4286360.833928834,12,49,4,False
North Carolina,2020-12-13,Beverages,201006438,2020-12-13,195796595.0,207366035.0,221743633.0,203292512.85714287,5214865.592427119,12,50,4,False
North Carolina,2020-12-20,Beverages,211981451,2020-12-20,201006438.0,206272025.0,226324935.0,202383999.0,4974485.409615503,12,51,4,False
North Carolina,2020-12-27,Beverages,192971375,2020-12-27,211981451.0,205375020.0,220754539.0,203199631.2857143,5922789.909330416,12,52,4,False
North Carolina,2021-01-03,Beverages,197454738,2021-01-03,192971375.0,202009933.0,227809117.0,201427682.0,6797713.511179385,1,53,1,False
North Carolina,2021-01-10,Beverages,198023453,2021-01-10,197454738.0,210278428.0,225712158.0,200776939.85714287,6927619.394292128,1,1,1,False
North Carolina,2021-01-17,Beverages,198861442,2021-01-17,198023453.0,195949554.0,221508793.0,199026229.14285713,5754400.430639776,1,2,1,False
North Carolina,2021-01-24,Beverages,194192190,2021-01-24,198861442.0,195796595.0,234828043.0,199442213.14285713,5620648.110354343,1,3,1,False
North Carolina,2021-01-31,Beverages,194920348,2021-01-31,194192190.0,201006438.0,241370137.0,199213012.42857143,5794656.120057207,1,4,1,False
North Carolina,2021-02-07,Beverages,197921622,2021-02-07,194920348.0,211981451.0,227165539.0,198343571.0,5915661.66665212,2,5,1,False
North Carolina,2021-02-14,Beverages,193478579,2021-02-14,197921622.0,192971375.0,239036602.0,196335024.0,2101421.7427340136,2,6,1,False
North Carolina,2021-02-21,Beverages,197170475,2021-02-21,193478579.0,197454738.0,230211946.0,196407481.7142857,1989982.2679092719,2,7,1,False
North Carolina,2021-02-28,Beverages,205260322,2021-02-28,197170475.0,198023453.0,234057033.0,196366872.7142857,1971006.826691949,2,8,1,False
North Carolina,2021-03-07,Beverages,213801184,2021-03-07,205260322.0,198861442.0,229864947.0,197400711.14285713,3704466.494379585,3,9,1,False
North Carolina,2021-03-14,Beverages,250149444,2021-03-14,213801184.0,194192190.0,228995927.0,199534960.0,6876649.434002813,3,10,1,False
North Carolina,2021-03-21,Beverages,231871133,2021-03-21,250149444.0,194920348.0,222834291.0,207528853.42857143,18581798.41499641,3,11,1,False
North Carolina,2021-03-28,Beverages,214576034,2021-03-28,231871133.0,197921622.0,233981321.0,212807537.0,19477104.838425964,3,12,1,False
North Carolina,2021-04-04,Beverages,218644433,2021-04-04,214576034.0,193478579.0,236127507.0,215186738.7142857,18506432.089875378,4,13,2,False
North Carolina,2021-04-11,Beverages,227854030,2021-04-11,218644433.0,197170475.0,218369410.0,218781860.7142857,16246552.764503045,4,14,2,False
North Carolina,2021-04-18,Beverages,222625362,2021-04-18,227854030.0,205260322.0,213160625.0,223165225.7142857,13775798.54622312,4,15,2,False
North Carolina,2021-04-25,Beverages,219968570,2021-04-25,222625362.0,213801184.0,213896722.0,225645945.7142857,11741479.907248171,4,16,2,False
North Carolina,2021-05-02,Beverages,234669454,2021-05-02,219968570.0,250149444.0,219051176.0,226527000.85714287,11029420.789518518,5,17,2,False
North Carolina,2021-05-09,Beverages,232823526,2021-05-09,234669454.0,231871133.0,214391731.0,224315573.7142857,6819967.6764506465,5,18,2,False
North Carolina,2021-05-16,Beverages,230922247,2021-05-16,232823526.0,214576034.0,206647393.0,224451629.85714287,6977032.840611531,5,19,2,False
North Carolina,2021-05-23,Beverages,237750009,2021-05-23,230922247.0,218644433.0,207366035.0,226786803.14285713,5939253.964314688,5,20,2,False
North Carolina,2021-05-30,Beverages,243956230,2021-05-30,237750009.0,227854030.0,206272025.0,229516171.14285713,5960233.779393794,5,21,2,False
North Carolina,2021-06-06,Beverages,245680592,2021-06-06,243956230.0,222625362.0,205375020.0,231816485.42857143,7721798.20714152,6,22,2,False
North Carolina,2021-06-13,Beverages,244831126,2021-06-13,245680592.0,219968570.0,202009933.0,235110089.7142857,8010573.991126776,6,23,2,False
North Carolina,2021-06-20,Beverages,240639006,2021-06-20,244831126.0,234669454.0,210278428.0,238661883.42857143,5683451.24976719,6,24,2,False
North Carolina,2021-06-27,Beverages,246422545,2021-06-27,240639006.0,232823526.0,195949554.0,239514676.57142857,5464038.991025772,6,25,2,False
North Carolina,2021-07-04,Beverages,262767858,2021-07-04,246422545.0,230922247.0,195796595.0,241457393.57142857,5148067.037115196,7,26,3,False
North Carolina,2021-07-11,Beverages,243558258,2021-07-11,262767858.0,237750009.0,201006438.0,246006766.57142857,7404508.0627410645,7,27,3,False
North Carolina,2021-07-18,Beverages,255252519,2021-07-18,243558258.0,243956230.0,211981451.0,246836516.42857143,6727225.414170035,7,28,3,False
North Carolina,2021-07-25,Beverages,250374722,2021-07-25,255252519.0,245680592.0,192971375.0,248450272.0,7182245.296292654,7,29,3,False
North Carolina,2021-08-01,Beverages,259772020,2021-08-01,250374722.0,244831126.0,197454738.0,249120862.0,7111128.866946274,8,30,3,False
North Carolina,2021-08-08,Beverages,250510025,2021-08-08,259772020.0,240639006.0,198023453.0,251255275.42857143,7719477.807459254,8,31,3,False
North Carolina,2021-08-15,Beverages,252832998,2021-08-15,250510025.0,246422545.0,198861442.0,252665421.0,6448288.933971995,8,32,3,False
North Carolina,2021-08-22,Beverages,247922537,2021-08-22,252832998.0,262767858.0,194192190.0,253581200.0,5931116.906302036,8,33,3,False
North Carolina,2021-08-29,Beverages,254935960,2021-08-29,247922537.0,243558258.0,194920348.0,251460439.85714287,4816481.39127469,8,34,3,False
North Carolina,2021-09-05,Beverages,255605154,2021-09-05,254935960.0,255252519.0,197921622.0,253085825.85714287,3655349.4178204285,9,35,3,False
North Carolina,2021-09-12,Beverages,237152612,2021-09-12,255605154.0,250374722.0,193478579.0,253136202.2857143,3687154.268319731,9,36,3,False
North Carolina,2021-09-19,Beverages,236472548,2021-09-19,237152612.0,259772020.0,197170475.0,251247329.42857143,6740498.567282684,9,37,3,False
North Carolina,2021-09-26,Beverages,229811509,2021-09-26,236472548.0,250510025.0,205260322.0,247918833.42857143,7426899.60422026,9,38,3,False
North Carolina,2021-10-03,Beverages,339832033,2021-10-03,229811509.0,252832998.0,213801184.0,244961902.57142857,9607056.243515136,10,39,4,False
North Carolina,2021-10-10,Beverages,329225663,2021-10-10,339832033.0,247922537.0,250149444.0,257390336.14285713,34853150.061927915,10,40,4,False
North Carolina,2021-10-17,Beverages,326334722,2021-10-17,329225663.0,254935960.0,231871133.0,269005068.4285714,42476136.840509914,10,41,4,False
North Carolina,2021-10-24,Beverages,321305791,2021-10-24,326334722.0,255605154.0,214576034.0,279204891.5714286,46275649.30142926,10,42,4,False
North Carolina,2021-10-31,Beverages,318918242,2021-10-31,321305791.0,237152612.0,218644433.0,288590696.85714287,47191002.11012833,10,43,4,False
North Carolina,2021-11-07,Beverages,314989401,2021-11-07,318918242.0,236472548.0,227854030.0,300271501.14285713,42941371.75997737,11,44,4,False
North Carolina,2021-11-14,Beverages,319937028,2021-11-14,314989401.0,229811509.0,222625362.0,311488194.4285714,34170456.23805917,11,45,4,False
North Carolina,2021-11-21,Beverages,323170370,2021-11-21,319937028.0,339832033.0,219968570.0,324363268.5714286,7683652.995167769,11,46,4,False
North Carolina,2021-11-28,Beverages,301100478,2021-11-28,323170370.0,329225663.0,234669454.0,321983031.0,4403752.964900431,11,47,4,False
North Carolina,2021-12-05,Beverages,316615927,2021-12-05,301100478.0,326334722.0,232823526.0,317965147.4285714,7619269.406170467,12,48,4,False
North Carolina,2021-12-12,Beverages,304892072,2021-12-12,316615927.0,321305791.0,230922247.0,316576748.14285713,6810180.543115719,12,49,4,False
North Carolina,2021-12-19,Beverages,324501073,2021-12-19,304892072.0,318918242.0,237750009.0,314231931.14285713,7562412.276546177,12,50,4,False
North Carolina,2021-12-26,Beverages,311816528,2021-12-26,324501073.0,314989401.0,243956230.0,315029478.4285714,8275365.761488217,12,51,4,False
North Carolina,2022-01-02,Beverages,307769919,2022-01-02,311816528.0,319937028.0,245680592.0,314576210.85714287,8351689.591435987,1,52,1,False
North Carolina,2022-01-09,Beverages,307415597,2022-01-09,307769919.0,323170370.0,244831126.0,312838052.4285714,8321177.102238132,1,1,1,False
North Carolina,2022-01-16,Beverages,317739309,2022-01-16,307415597.0,301100478.0,240639006.0,310587370.5714286,7288750.366060235,1,2,1,False
North Carolina,2022-01-23,Beverages,303277162,2022-01-23,317739309.0,316615927.0,246422545.0,312964346.4285714,6475008.729584211,1,3,1,False
North Carolina,2022-01-30,Beverages,305642940,2022-01-30,303277162.0,304892072.0,262767858.0,311058808.5714286,7056609.324859485,1,4,1,False
North Carolina,2022-02-06,Beverages,307446659,2022-02-06,305642940.0,324501073.0,243558258.0,311166075.4285714,6967194.509546247,2,5,1,False
North Carolina,2022-02-13,Beverages,305513058,2022-02-13,307446659.0,311816528.0,255252519.0,308729730.5714286,4379400.804344092,2,6,1,False
North Carolina,2022-02-20,Beverages,304085030,2022-02-20,305513058.0,307769919.0,250374722.0,307829234.85714287,4299443.089887291,2,7,1,False
North Carolina,2022-02-27,Beverages,320728629,2022-02-27,304085030.0,307415597.0,259772020.0,307302822.14285713,4495589.193917523,2,8,1,False
North Carolina,2022-03-06,Beverages,327412713,2022-03-06,320728629.0,317739309.0,250510025.0,309204683.85714287,6507054.206653516,3,9,1,False
North Carolina,2022-03-13,Beverages,327342070,2022-03-13,327412713.0,303277162.0,252832998.0,310586598.71428573,8797052.74809672,3,10,1,False
North Carolina,2022-03-20,Beverages,324796946,2022-03-20,327342070.0,305642940.0,247922537.0,314024442.71428573,9901684.65260491,3,11,1,False
North Carolina,2022-03-27,Beverages,331119762,2022-03-27,324796946.0,307446659.0,254935960.0,316760729.28571427,9853860.031202195,3,12,1,False
North Carolina,2022-04-03,Beverages,335983497,2022-04-03,331119762.0,305513058.0,255605154.0,320142601.14285713,10135231.458329486,4,13,2,False
North Carolina,2022-04-10,Beverages,345884805,2022-04-10,335983497.0,304085030.0,237152612.0,324495521.0,9436520.90101076,4,14,2,False
North Carolina,2022-04-17,Beverages,346129560,2022-04-17,345884805.0,320728629.0,236472548.0,330466917.4285714,7696435.0469913315,4,15,2,False
North Carolina,2022-04-24,Beverages,338935745,2022-04-24,346129560.0,327412713.0,229811509.0,334095621.85714287,8219814.275105412,4,16,2,False
North Carolina,2022-05-01,Beverages,359106865,2022-05-01,338935745.0,327342070.0,339832033.0,335741769.28571427,7862699.815944368,5,17,2,False
North Carolina,2022-05-08,Beverages,354025895,2022-05-08,359106865.0,324796946.0,329225663.0,340279597.14285713,10447035.921319429,5,18,2,False
North Carolina,2022-05-15,Beverages,349324173,2022-05-15,354025895.0,331119762.0,326334722.0,344455161.28571427,9189938.471559806,5,19,2,False
North Carolina,2022-05-22,Beverages,375923742,2022-05-22,349324173.0,335983497.0,321305791.0,347055791.4285714,7461484.386618013,5,20,2,False
North Carolina,2022-05-29,Beverages,377415583,2022-05-29,375923742.0,345884805.0,318918242.0,352761540.71428573,11164932.900211625,5,21,2,False
North Carolina,2022-06-05,Beverages,360594346,2022-06-05,377415583.0,346129560.0,314989401.0,357265937.5714286,13580949.137243243,6,22,2,False
North Carolina,2022-06-12,Beverages,365018163,2022-06-12,360594346.0,338935745.0,319937028.0,359332335.5714286,12807724.503326813,6,23,2,False
North Carolina,2022-06-19,Beverages,374160521,2022-06-19,365018163.0,359106865.0,323170370.0,363058395.28571427,9764276.934094412,6,24,2,False
North Carolina,2022-06-26,Beverages,372911005,2022-06-26,374160521.0,354025895.0,301100478.0,365208917.5714286,10300187.996808575,6,25,2,False
North Carolina,2022-07-03,Beverages,391066707,2022-07-03,372911005.0,349324173.0,316615927.0,367906790.4285714,9456438.778784364,7,26,3,False
North Carolina,2022-07-10,Beverages,364210620,2022-07-10,391066707.0,375923742.0,304892072.0,373870009.5714286,9008867.281873766,7,27,3,False
North Carolina,2022-07-17,Beverages,373161787,2022-07-17,364210620.0,377415583.0,324501073.0,372196706.4285714,9543915.145010473,7,28,3,False
North Carolina,2022-07-24,Beverages,375550450,2022-07-24,373161787.0,360594346.0,311816528.0,371589021.28571427,9325188.265259456,7,29,3,False
North Carolina,2022-07-31,Beverages,388253576,2022-07-31,375550450.0,365018163.0,307769919.0,373725607.5714286,8207740.070059755,7,30,3,False
North Carolina,2022-08-07,Beverages,385628351,2022-08-07,388253576.0,374160521.0,307415597.0,377044952.28571427,8698808.701482177,8,31,3,False
North Carolina,2022-08-14,Beverages,383416221,2022-08-14,385628351.0,372911005.0,317739309.0,378683213.71428573,9073134.565162538,8,32,3,False
North Carolina,2022-08-21,Beverages,374279033,2022-08-21,383416221.0,391066707.0,303277162.0,380183958.85714287,8860584.538130429,8,33,3,False
North Carolina,2022-08-28,Beverages,390886096,2022-08-28,374279033.0,364210620.0,305642940.0,377785719.71428573,7798743.43206918,8,34,3,False
North Carolina,2022-09-04,Beverages,387763951,2022-09-04,390886096.0,373161787.0,307446659.0,381596502.0,6670027.725422647,9,35,3,False
North Carolina,2022-09-11,Beverages,359529906,2022-09-11,387763951.0,375550450.0,305513058.0,383682525.4285714,5950479.486440572,9,36,3,False
North Carolina,2022-09-18,Beverages,362873266,2022-09-18,359529906.0,388253576.0,304085030.0,381393876.28571427,10200913.215573328,9,37,3,False
North Carolina,2022-09-25,Beverages,364029672,2022-09-25,362873266.0,385628351.0,320728629.0,377768117.71428573,11540890.419217998,9,38,3,False
North Carolina,2022-10-02,Beverages,366438629,2022-10-02,364029672.0,383416221.0,327412713.0,374682592.14285713,11908360.86029943,10,39,4,False
North Carolina,2022-10-09,Beverages,346157533,2022-10-09,366438629.0,374279033.0,327342070.0,372257221.85714287,11607713.671646513,10,40,4,False
North Carolina,2022-10-16,Beverages,348578178,2022-10-16,346157533.0,390886096.0,324796946.0,368239864.71428573,14674102.776319886,10,41,4,False
North Carolina,2022-10-23,Beverages,341495602,2022-10-23,348578178.0,387763951.0,331119762.0,362195876.4285714,12679153.972732317,10,42,4,False
North Carolina,2022-10-30,Beverages,339188862,2022-10-30,341495602.0,359529906.0,335983497.0,355586112.28571427,9213954.232641676,10,43,4,False
North Carolina,2022-11-06,Beverages,336065450,2022-11-06,339188862.0,362873266.0,345884805.0,352680248.85714287,10613244.289373986,11,44,4,False
North Carolina,2022-11-13,Beverages,337474742,2022-11-13,336065450.0,364029672.0,346129560.0,348850560.85714287,11071037.193434646,11,45,4,False
North Carolina,2022-11-20,Beverages,347135355,2022-11-20,337474742.0,366438629.0,338935745.0,345056999.4285714,9682392.953676665,11,46,4,False
North Carolina,2022-11-27,Beverages,327820084,2022-11-27,347135355.0,346157533.0,359106865.0,342299388.85714287,4631502.370749535,11,47,4,False
North Carolina,2022-12-04,Beverages,329838246,2022-12-04,327820084.0,348578178.0,354025895.0,339679753.28571427,6512441.485354972,12,48,4,False
North Carolina,2022-12-11,Beverages,331479550,2022-12-11,329838246.0,341495602.0,349324173.0,337002620.14285713,6145698.483005499,12,49,4,False
North Carolina,2022-12-18,Beverages,349522958,2022-12-18,331479550.0,339188862.0,375923742.0,335571755.5714286,6098864.915352827,12,50,4,False
North Carolina,2022-12-25,Beverages,344835447,2022-12-25,349522958.0,336065450.0,377415583.0,337048055.0,7807225.98492479,12,51,4,False
North Carolina,2023-01-01,Beverages,329375264,2023-01-01,344835447.0,337474742.0,360594346.0,338300911.71428573,8240664.458366557,1,52,1,False
North Carolina,2023-01-08,Beverages,322909955,2023-01-08,329375264.0,347135355.0,365018163.0,337143843.4285714,8823449.573282443,1,1,1,False
North Carolina,2023-01-15,Beverages,337781732,2023-01-15,322909955.0,327820084.0,374160521.0,333683072.0,8975423.115813602,1,2,1,False
North Carolina,2023-01-22,Beverages,319300280,2023-01-22,337781732.0,329838246.0,372911005.0,335106164.5714286,8719072.517800264,1,3,1,False
North Carolina,2023-01-29,Beverages,324629872,2023-01-29,319300280.0,331479550.0,391066707.0,333600740.85714287,10270390.840302756,1,4,1,False
North Carolina,2023-02-05,Beverages,324210092,2023-02-05,324629872.0,349522958.0,364210620.0,332622215.4285714,10741381.591018766,2,5,1,False
North Carolina,2023-02-12,Beverages,331090097,2023-02-12,324210092.0,344835447.0,373161787.0,329006091.71428573,8461975.58391882,2,6,1,False
North Carolina,2023-02-19,Beverages,332000464,2023-02-19,331090097.0,329375264.0,375550450.0,327042470.28571427,5707377.9437069865,2,7,1,False
North Carolina,2023-02-26,Beverages,339919144,2023-02-26,332000464.0,322909955.0,388253576.0,327417498.85714287,5930241.998169311,2,8,1,False
North Carolina,2023-03-05,Beverages,352498465,2023-03-05,339919144.0,337781732.0,385628351.0,329847383.0,6977691.105207333,3,9,1,False
North Carolina,2023-03-12,Beverages,382671103,2023-03-12,352498465.0,319300280.0,383416221.0,331949773.4285714,10419723.84632478,3,10,1,False
North Carolina,2023-03-19,Beverages,362190665,2023-03-19,382671103.0,324629872.0,374279033.0,341002748.14285713,19268566.72884293,3,11,1,False
North Carolina,2023-03-26,Beverages,347895365,2023-03-26,362190665.0,324210092.0,390886096.0,346368575.71428573,19191723.1243009,3,12,1,False
North Carolina,2023-04-02,Beverages,350781557,2023-04-02,347895365.0,331090097.0,387763951.0,349752186.14285713,16942957.25426555,4,13,2,False
North Carolina,2023-04-09,Beverages,359940244,2023-04-09,350781557.0,332000464.0,359529906.0,352565251.85714287,15150856.957537863,4,14,2,False
North Carolina,2023-04-16,Beverages,360726490,2023-04-16,359940244.0,339919144.0,362873266.0,356556649.0,12687454.530633371,4,15,2,False
North Carolina,2023-04-23,Beverages,364452660,2023-04-23,360726490.0,352498465.0,364029672.0,359529127.0,10727349.16253817,4,16,2,False
North Carolina,2023-04-30,Beverages,368494194,2023-04-30,364452660.0,382671103.0,366438629.0,361236869.14285713,10419270.791892245,4,17,2,False
North Carolina,2023-05-07,Beverages,373088425,2023-05-07,368494194.0,362190665.0,346157533.0,359211596.4285714,6808174.73873744,5,18,2,False
Ohio,2020-05-03,Beverages,223836360,2020-05-03,209183034.0,240524150.0,219232699.0,216428273.57142857,12593671.174911363,5,18,2,False
Ohio,2020-05-10,Beverages,226238937,2020-05-10,223836360.0,228133662.0,211680283.0,214044303.57142857,8821152.893378202,5,19,2,False
Ohio,2020-05-17,Beverages,225003095,2020-05-17,226238937.0,199404366.0,201987064.0,213773628.57142857,8403871.364841202,5,20,2,False
Ohio,2020-05-24,Beverages,240369773,2020-05-24,225003095.0,210675230.0,197831851.0,217430589.85714287,6765321.509885168,5,21,2,False
Ohio,2020-05-31,Beverages,236247661,2020-05-31,240369773.0,214025158.0,198087098.0,221672667.42857143,9819744.741610246,5,22,2,False
Ohio,2020-06-07,Beverages,241583579,2020-06-07,236247661.0,213052315.0,198142592.0,224847310.7142857,10408713.552589443,6,23,2,False
Ohio,2020-06-14,Beverages,238503357,2020-06-14,241583579.0,209183034.0,200628466.0,228923205.57142857,10576790.93085398,6,24,2,False
Ohio,2020-06-21,Beverages,237637396,2020-06-21,238503357.0,223836360.0,204767243.0,233111823.14285713,7194967.01443917,6,25,2,False
Ohio,2020-06-28,Beverages,247324697,2020-06-28,237637396.0,226238937.0,194452564.0,235083399.7142857,6206098.91620233,6,26,2,False
Ohio,2020-07-05,Beverages,267702631,2020-07-05,247324697.0,225003095.0,196752183.0,238095651.14285713,6298739.943763225,7,27,3,False
Ohio,2020-07-12,Beverages,244679996,2020-07-12,267702631.0,240369773.0,202276981.0,244195584.85714287,10158829.83159178,7,28,3,False
Ohio,2020-07-19,Beverages,248164573,2020-07-19,244679996.0,236247661.0,214289031.0,244811331.0,10038188.364104005,7,29,3,False
Ohio,2020-07-26,Beverages,236520987,2020-07-26,248164573.0,241583579.0,199101096.0,246513747.0,9433805.669088481,7,30,3,False
Ohio,2020-08-02,Beverages,238840787,2020-08-02,236520987.0,238503357.0,194707669.0,245790519.57142857,9963247.579624115,8,31,3,False
Ohio,2020-08-09,Beverages,238780801,2020-08-09,238840787.0,237637396.0,195597051.0,245838723.85714287,9928630.284111392,8,32,3,False
Ohio,2020-08-16,Beverages,240222406,2020-08-16,238780801.0,247324697.0,201220136.0,246002067.42857143,9800944.734424897,8,33,3,False
Ohio,2020-08-23,Beverages,235466939,2020-08-23,240222406.0,267702631.0,185511873.0,244987454.42857143,9977536.800791824,8,34,3,False
Ohio,2020-08-30,Beverages,234735308,2020-08-30,235466939.0,244679996.0,194171999.0,240382355.57142857,4193040.20702711,8,35,3,False
Ohio,2020-09-06,Beverages,233961924,2020-09-06,234735308.0,248164573.0,194908906.0,238961685.85714287,4180950.3226847486,9,36,3,False
Ohio,2020-09-13,Beverages,229873378,2020-09-13,233961924.0,236520987.0,193373327.0,236932736.0,2199040.1610606615,9,37,3,False
Ohio,2020-09-20,Beverages,226091818,2020-09-20,229873378.0,238840787.0,198453917.0,235983077.57142857,3320982.7208691663,9,38,3,False
Ohio,2020-09-27,Beverages,224932590,2020-09-27,226091818.0,238780801.0,207137431.0,234161796.2857143,4530114.121955468,9,39,3,False
Ohio,2020-10-04,Beverages,227625341,2020-10-04,224932590.0,240222406.0,210814996.0,232183480.42857143,5072340.209479532,10,40,4,False
Ohio,2020-10-11,Beverages,222210218,2020-10-11,227625341.0,235466939.0,240524150.0,230383899.7142857,4028174.3805647413,10,41,4,False
Ohio,2020-10-18,Beverages,217012144,2020-10-18,222210218.0,234735308.0,228133662.0,228490082.42857143,4300320.567557919,10,42,4,False
Ohio,2020-10-25,Beverages,212195348,2020-10-25,217012144.0,233961924.0,199404366.0,225958201.85714287,5032985.373975663,10,43,4,False
Ohio,2020-11-01,Beverages,212163692,2020-11-01,212195348.0,229873378.0,210675230.0,222848691.0,5793959.492200133,11,44,4,False
Ohio,2020-11-08,Beverages,214492819,2020-11-08,212163692.0,226091818.0,214025158.0,220318735.85714287,6035703.665791803,11,45,4,False
Ohio,2020-11-15,Beverages,219089701,2020-11-15,214492819.0,224932590.0,213052315.0,218661736.0,5811335.244907788,11,46,4,False
Ohio,2020-11-22,Beverages,222840501,2020-11-22,219089701.0,227625341.0,209183034.0,217827037.57142857,5242461.460942252,11,47,4,False
Ohio,2020-11-29,Beverages,206662430,2020-11-29,222840501.0,222210218.0,223836360.0,217143489.0,4109939.3480233685,11,48,4,False
Ohio,2020-12-06,Beverages,203933466,2020-12-06,206662430.0,217012144.0,226238937.0,214922376.42857143,4897356.104914075,12,49,4,False
Ohio,2020-12-13,Beverages,212194947,2020-12-13,203933466.0,212195348.0,225003095.0,213053993.85714287,6092638.738679891,12,50,4,False
Ohio,2020-12-20,Beverages,221969823,2020-12-20,212194947.0,212163692.0,240369773.0,213053936.57142857,6092646.813662787,12,51,4,False
Ohio,2020-12-27,Beverages,211281604,2020-12-27,221969823.0,214492819.0,236247661.0,214454812.42857143,6811814.732114623,12,52,4,False
Ohio,2021-01-03,Beverages,206189548,2021-01-03,211281604.0,219089701.0,241583579.0,213996067.42857143,6901349.950957755,1,53,1,False
Ohio,2021-01-10,Beverages,206010975,2021-01-10,206189548.0,222840501.0,238503357.0,212153188.42857143,7016548.19070405,1,1,1,False
Ohio,2021-01-17,Beverages,211318772,2021-01-17,206010975.0,206662430.0,237637396.0,209748970.42857143,5703005.799568381,1,2,1,False
Ohio,2021-01-24,Beverages,206193706,2021-01-24,211318772.0,203933466.0,247324697.0,210414162.14285713,5574304.711140976,1,3,1,False
Ohio,2021-01-31,Beverages,210181156,2021-01-31,206193706.0,212194947.0,267702631.0,210737053.57142857,5245312.553996028,1,4,1,False
Ohio,2021-02-07,Beverages,208721327,2021-02-07,210181156.0,221969823.0,244679996.0,210449369.14285713,5212585.855017683,2,5,1,False
Ohio,2021-02-14,Beverages,209649080,2021-02-14,208721327.0,211281604.0,248164573.0,208556726.85714287,2248427.002301571,2,6,1,False
Ohio,2021-02-21,Beverages,205054556,2021-02-21,209649080.0,206189548.0,236520987.0,208323509.14285713,2027507.7707091763,2,7,1,False
Ohio,2021-02-28,Beverages,215469980,2021-02-28,205054556.0,206010975.0,238840787.0,208161367.42857143,2227225.989700944,2,8,1,False
Ohio,2021-03-07,Beverages,225933533,2021-03-07,215469980.0,211318772.0,238780801.0,209512653.85714287,3178803.780006296,3,9,1,False
Ohio,2021-03-14,Beverages,256382315,2021-03-14,225933533.0,206193706.0,240222406.0,211600476.85714287,6618197.091844689,3,10,1,False
Ohio,2021-03-21,Beverages,244453801,2021-03-21,256382315.0,210181156.0,235466939.0,218770278.14285713,16574253.839013673,3,11,1,False
Ohio,2021-03-28,Beverages,218687883,2021-03-28,244453801.0,208721327.0,234735308.0,223666370.2857143,18287425.54524198,3,12,1,False
Ohio,2021-04-04,Beverages,230104966,2021-04-04,218687883.0,209649080.0,233961924.0,225090164.0,17436620.8577794,4,13,2,False
Ohio,2021-04-11,Beverages,228406975,2021-04-11,230104966.0,205054556.0,229873378.0,228012433.42857143,16279670.856086574,4,14,2,False
Ohio,2021-04-18,Beverages,225595014,2021-04-18,228406975.0,215469980.0,226091818.0,231348493.2857143,13365094.418515055,4,15,2,False
Ohio,2021-04-25,Beverages,229411900,2021-04-25,225595014.0,225933533.0,224932590.0,232794926.7142857,12051736.056295276,4,16,2,False
Ohio,2021-05-02,Beverages,241188313,2021-05-02,229411900.0,256382315.0,227625341.0,233291836.2857143,11828223.547250612,5,17,2,False
Ohio,2021-05-09,Beverages,239651791,2021-05-09,241188313.0,244453801.0,222210218.0,231121264.57142857,8242334.726992786,5,18,2,False
Ohio,2021-05-16,Beverages,236972447,2021-05-16,239651791.0,218687883.0,217012144.0,230435263.14285713,7243437.819077591,5,19,2,False
Ohio,2021-05-23,Beverages,257609254,2021-05-23,236972447.0,230104966.0,212195348.0,233047343.7142857,5659944.702553249,5,20,2,False
Ohio,2021-05-30,Beverages,260805091,2021-05-30,257609254.0,228406975.0,212163692.0,236976527.7142857,10076884.865732733,5,21,2,False
Ohio,2021-06-06,Beverages,255965467,2021-06-06,260805091.0,225595014.0,214492819.0,241604830.0,12277855.67820204,6,22,2,False
Ohio,2021-06-13,Beverages,260247808,2021-06-13,255965467.0,229411900.0,219089701.0,245943466.14285713,11169905.499116931,6,23,2,False
Ohio,2021-06-20,Beverages,261049329,2021-06-20,260247808.0,241188313.0,222840501.0,250348595.85714287,9774988.960512063,6,24,2,False
Ohio,2021-06-27,Beverages,255681942,2021-06-27,261049329.0,239651791.0,206662430.0,253185883.85714287,9584931.251367278,6,25,2,False
Ohio,2021-07-04,Beverages,285647804,2021-07-04,255681942.0,236972447.0,203933466.0,255475905.42857143,7832583.90915367,7,26,3,False
Ohio,2021-07-11,Beverages,258660829,2021-07-11,285647804.0,257609254.0,212194947.0,262429527.85714287,9702290.085263532,7,27,3,False
Ohio,2021-07-18,Beverages,255957268,2021-07-18,258660829.0,260805091.0,221969823.0,262579752.85714287,9634396.033066845,7,28,3,False
Ohio,2021-07-25,Beverages,257077481,2021-07-25,255957268.0,255965467.0,211281604.0,261887206.7142857,9907440.553945972,7,29,3,False
Ohio,2021-08-01,Beverages,258370632,2021-08-01,257077481.0,260247808.0,206189548.0,262046065.85714287,9819742.90412533,8,30,3,False
Ohio,2021-08-08,Beverages,257301256,2021-08-08,258370632.0,261049329.0,206010975.0,261777897.85714287,9890566.494722778,8,31,3,False
Ohio,2021-08-15,Beverages,260135445,2021-08-15,257301256.0,255681942.0,211318772.0,261242458.85714287,10016171.0989509,8,32,3,False
Ohio,2021-08-22,Beverages,254931700,2021-08-22,260135445.0,285647804.0,206193706.0,261878673.57142857,9781458.642370466,8,33,3,False
Ohio,2021-08-29,Beverages,263053999,2021-08-29,254931700.0,258660829.0,210181156.0,257490658.7142857,1614430.10612889,8,34,3,False
Ohio,2021-09-05,Beverages,260169046,2021-09-05,263053999.0,255957268.0,208721327.0,258118254.42857143,2537406.2669802136,9,35,3,False
Ohio,2021-09-12,Beverages,244404075,2021-09-12,260169046.0,257077481.0,209649080.0,258719937.0,2451551.819143234,9,36,3,False
Ohio,2021-09-19,Beverages,245657728,2021-09-19,244404075.0,258370632.0,205054556.0,256909450.42857143,5623572.2755390685,9,37,3,False
Ohio,2021-09-26,Beverages,239275636,2021-09-26,245657728.0,257301256.0,215469980.0,255093321.2857143,6790222.871870321,9,38,3,False
Ohio,2021-10-03,Beverages,350738187,2021-10-03,239275636.0,260135445.0,225933533.0,252518232.7142857,8632633.355787383,10,39,4,False
Ohio,2021-10-10,Beverages,347613232,2021-10-10,350738187.0,254931700.0,256382315.0,265461481.57142857,35733338.11647575,10,40,4,False
Ohio,2021-10-17,Beverages,338945510,2021-10-17,347613232.0,263053999.0,244453801.0,278701700.4285714,45275364.164293066,10,41,4,False
Ohio,2021-10-24,Beverages,328756527,2021-10-24,338945510.0,260169046.0,218687883.0,289543344.85714287,49150915.49174576,10,42,4,False
Ohio,2021-10-31,Beverages,327228674,2021-10-31,328756527.0,244404075.0,230104966.0,299341556.4285714,49154969.26800238,10,43,4,False
Ohio,2021-11-07,Beverages,330215048,2021-11-07,327228674.0,245657728.0,228406975.0,311173642.0,44228390.59781212,11,44,4,False
Ohio,2021-11-14,Beverages,338932007,2021-11-14,330215048.0,239275636.0,225595014.0,323253259.14285713,35338917.93776307,11,45,4,False
Ohio,2021-11-21,Beverages,343745436,2021-11-21,338932007.0,350738187.0,229411900.0,337489883.5714286,8591403.235512571,11,46,4,False
Ohio,2021-11-28,Beverages,313850754,2021-11-28,343745436.0,347613232.0,241188313.0,336490919.14285713,7302781.7579574725,11,47,4,False
Ohio,2021-12-05,Beverages,318626998,2021-12-05,313850754.0,338945510.0,239651791.0,331667708.0,9253123.211220311,12,48,4,False
Ohio,2021-12-12,Beverages,329606167,2021-12-12,318626998.0,328756527.0,236972447.0,328765063.4285714,9691368.183895824,12,49,4,False
Ohio,2021-12-19,Beverages,350739795,2021-12-19,329606167.0,327228674.0,257609254.0,328886440.5714286,9695820.722664822,12,50,4,False
Ohio,2021-12-26,Beverages,329634201,2021-12-26,350739795.0,330215048.0,260805091.0,332245172.14285713,12270265.696246529,12,51,4,False
Ohio,2022-01-02,Beverages,317556878,2022-01-02,329634201.0,338932007.0,255965467.0,332162194.0,12285668.25011664,1,52,1,False
Ohio,2022-01-09,Beverages,317735764,2022-01-09,317556878.0,343745436.0,260247808.0,329108604.14285713,12866221.116656458,1,1,1,False
Ohio,2022-01-16,Beverages,333776108,2022-01-16,317735764.0,313850754.0,261049329.0,325392936.71428573,11815479.409785219,1,2,1,False
Ohio,2022-01-23,Beverages,312961229,2022-01-23,333776108.0,318626998.0,255681942.0,328239415.85714287,11068470.988752542,1,3,1,False
Ohio,2022-01-30,Beverages,325142325,2022-01-30,312961229.0,329606167.0,285647804.0,327430020.28571427,11916470.705025546,1,4,1,False
Ohio,2022-02-06,Beverages,323243634,2022-02-06,325142325.0,350739795.0,258660829.0,326792328.5714286,11902384.50651822,2,5,1,False
Ohio,2022-02-13,Beverages,327062388,2022-02-13,323243634.0,329634201.0,255957268.0,322864305.5714286,6790474.742304355,2,6,1,False
Ohio,2022-02-20,Beverages,317667282,2022-02-20,327062388.0,317556878.0,257077481.0,322496903.71428573,6476566.039764132,2,7,1,False
Ohio,2022-02-27,Beverages,336017692,2022-02-27,317667282.0,317735764.0,258370632.0,322512675.71428573,6464640.131685491,2,8,1,False
Ohio,2022-03-06,Beverages,341919690,2022-03-06,336017692.0,333776108.0,257301256.0,325124379.71428573,7600381.560829442,3,9,1,False
Ohio,2022-03-13,Beverages,342923345,2022-03-13,341919690.0,312961229.0,260135445.0,326287748.5714286,9274516.966017002,3,10,1,False
Ohio,2022-03-20,Beverages,342949048,2022-03-20,342923345.0,325142325.0,254931700.0,330568050.85714287,9047625.463682227,3,11,1,False
Ohio,2022-03-27,Beverages,345210331,2022-03-27,342949048.0,323243634.0,263053999.0,333111868.4285714,9647873.341053452,3,12,1,False
Ohio,2022-04-03,Beverages,355092500,2022-04-03,345210331.0,327062388.0,260169046.0,336249968.0,9499077.274350991,4,13,2,False
Ohio,2022-04-10,Beverages,354698622,2022-04-10,355092500.0,317667282.0,244404075.0,340254269.71428573,10623529.436585475,4,14,2,False
Ohio,2022-04-17,Beverages,364386081,2022-04-17,354698622.0,336017692.0,245657728.0,345544461.14285713,6465071.707943067,4,15,2,False
Ohio,2022-04-24,Beverages,344406839,2022-04-24,364386081.0,341919690.0,239275636.0,349597088.14285713,7944997.2997724665,4,16,2,False
Ohio,2022-05-01,Beverages,363505083,2022-05-01,344406839.0,342923345.0,350738187.0,349952395.14285713,7643610.002806053,5,17,2,False
Ohio,2022-05-08,Beverages,362430701,2022-05-08,363505083.0,342949048.0,347613232.0,352892643.4285714,8304265.680925335,5,18,2,False
Ohio,2022-05-15,Beverages,374421962,2022-05-15,362430701.0,345210331.0,338945510.0,355675736.71428573,7751552.784770501,5,19,2,False
Ohio,2022-05-22,Beverages,392819353,2022-05-22,374421962.0,355092500.0,328756527.0,359848826.85714287,8787974.497173417,5,20,2,False
Ohio,2022-05-29,Beverages,389766405,2022-05-29,392819353.0,354698622.0,327228674.0,365238377.28571427,14150727.606486041,5,21,2,False
Ohio,2022-06-05,Beverages,379192217,2022-06-05,389766405.0,364386081.0,330215048.0,370248060.5714286,15659597.049452564,6,22,2,False
Ohio,2022-06-12,Beverages,374709730,2022-06-12,379192217.0,344406839.0,338932007.0,372363222.85714287,15724769.39425317,6,23,2,False
Ohio,2022-06-19,Beverages,385777555,2022-06-19,374709730.0,363505083.0,343745436.0,376692207.28571427,10847281.171143392,6,24,2,False
Ohio,2022-06-26,Beverages,393034379,2022-06-26,385777555.0,362430701.0,313850754.0,379873989.0,9720535.799914306,6,25,2,False
Ohio,2022-07-03,Beverages,422656741,2022-07-03,393034379.0,374421962.0,318626998.0,384245943.0,7526632.80734479,7,26,3,False
Ohio,2022-07-10,Beverages,384253588,2022-07-10,422656741.0,392819353.0,329606167.0,391136625.71428573,14357972.660023365,7,27,3,False
Ohio,2022-07-17,Beverages,384440093,2022-07-17,384253588.0,389766405.0,350739795.0,389912945.0,14526441.546201456,7,28,3,False
Ohio,2022-07-24,Beverages,384467292,2022-07-24,384440093.0,379192217.0,329634201.0,389152043.28571427,14653134.053247781,7,29,3,False
Ohio,2022-07-31,Beverages,393398135,2022-07-31,384467292.0,374709730.0,317556878.0,389905625.4285714,14251686.194584144,7,30,3,False
Ohio,2022-08-07,Beverages,398641730,2022-08-07,393398135.0,385777555.0,317735764.0,392575397.5714286,12835010.812446196,8,31,3,False
Ohio,2022-08-14,Beverages,388633203,2022-08-14,398641730.0,393034379.0,333776108.0,394413136.85714287,12649738.809395336,8,32,3,False
Ohio,2022-08-21,Beverages,386809038,2022-08-21,388633203.0,422656741.0,312961229.0,393784397.4285714,12810992.56164964,8,33,3,False
Ohio,2022-08-28,Beverages,391441092,2022-08-28,386809038.0,384253588.0,325142325.0,388663297.0,5075352.78938617,8,34,3,False
Ohio,2022-09-04,Beverages,391219461,2022-09-04,391441092.0,384440093.0,323243634.0,389690083.28571427,4798884.135456066,9,35,3,False
Ohio,2022-09-11,Beverages,374480054,2022-09-11,391219461.0,384467292.0,327062388.0,390658564.4285714,4299766.2850618195,9,36,3,False
Ohio,2022-09-18,Beverages,377247509,2022-09-18,374480054.0,393398135.0,317667282.0,389231816.14285713,6954741.460226823,9,37,3,False
Ohio,2022-09-25,Beverages,366224653,2022-09-25,377247509.0,398641730.0,336017692.0,386924583.85714287,7815562.867797569,9,38,3,False
Ohio,2022-10-02,Beverages,371926158,2022-10-02,366224653.0,388633203.0,341919690.0,382293572.85714287,9013109.057415936,10,39,4,False
Ohio,2022-10-09,Beverages,367820685,2022-10-09,371926158.0,386809038.0,342923345.0,379906852.14285713,9227832.699130729,10,40,4,False
Ohio,2022-10-16,Beverages,361905757,2022-10-16,367820685.0,391441092.0,342949048.0,377194230.28571427,9584193.232920045,10,41,4,False
Ohio,2022-10-23,Beverages,351248017,2022-10-23,361905757.0,391219461.0,345210331.0,372974896.71428573,8857137.845302582,10,42,4,False
Ohio,2022-10-30,Beverages,351473786,2022-10-30,351248017.0,374480054.0,355092500.0,367264690.4285714,8107229.763264383,10,43,4,False
Ohio,2022-11-06,Beverages,352545430,2022-11-06,351473786.0,377247509.0,354698622.0,363978080.71428573,9116459.121098993,11,44,4,False
Ohio,2022-11-13,Beverages,353850999,2022-11-13,352545430.0,366224653.0,364386081.0,360449212.28571427,8010940.527702466,11,45,4,False
Ohio,2022-11-20,Beverages,364957301,2022-11-20,353850999.0,371926158.0,344406839.0,358681547.4285714,7906005.012087145,11,46,4,False
Ohio,2022-11-27,Beverages,348892642,2022-11-27,364957301.0,367820685.0,363505083.0,357685996.4285714,6486931.124558251,11,47,4,False
Ohio,2022-12-04,Beverages,338187047,2022-12-04,348892642.0,361905757.0,362430701.0,354981990.28571427,5580470.449007802,12,48,4,False
Ohio,2022-12-11,Beverages,349988156,2022-12-11,338187047.0,351248017.0,374421962.0,351593603.14285713,7287513.3469433915,12,49,4,False
Ohio,2022-12-18,Beverages,371400664,2022-12-18,349988156.0,351473786.0,392819353.0,351413623.0,7309350.530624283,12,50,4,False
Ohio,2022-12-25,Beverages,373152315,2022-12-25,371400664.0,352545430.0,389766405.0,354260319.85714287,10118855.409796411,12,51,4,False
Ohio,2023-01-01,Beverages,334633506,2023-01-01,373152315.0,353850999.0,379192217.0,357204160.5714286,12012147.957252763,1,52,1,False
Ohio,2023-01-08,Beverages,330617117,2023-01-08,334633506.0,364957301.0,374709730.0,354458804.4285714,14419598.679918455,1,1,1,False
Ohio,2023-01-15,Beverages,340904511,2023-01-15,330617117.0,348892642.0,385777555.0,349553063.85714287,15789767.834770601,1,2,1,False
Ohio,2023-01-22,Beverages,335002264,2023-01-22,340904511.0,338187047.0,393034379.0,348411902.28571427,16082212.620071795,1,3,1,False
Ohio,2023-01-29,Beverages,340561717,2023-01-29,335002264.0,349988156.0,422656741.0,347956933.28571427,16406813.458802283,1,4,1,False
Ohio,2023-02-05,Beverages,343769116,2023-02-05,340561717.0,371400664.0,384253588.0,346610299.14285713,16570861.210045237,2,5,1,False
Ohio,2023-02-12,Beverages,351100217,2023-02-12,343769116.0,373152315.0,384440093.0,342662935.14285713,13128988.878267232,2,6,1,False
Ohio,2023-02-19,Beverages,347650674,2023-02-19,351100217.0,334633506.0,384467292.0,339512635.4285714,6309937.353035432,2,7,1,False
Ohio,2023-02-26,Beverages,353624113,2023-02-26,347650674.0,330617117.0,393398135.0,341372230.85714287,6512869.320464749,2,8,1,False
Ohio,2023-03-05,Beverages,370462700,2023-03-05,353624113.0,340904511.0,398641730.0,344658944.5714286,6044371.646212337,3,9,1,False
Ohio,2023-03-12,Beverages,396326368,2023-03-12,370462700.0,335002264.0,388633203.0,348881543.0,10574002.219291931,3,10,1,False
Ohio,2023-03-19,Beverages,378725666,2023-03-19,396326368.0,340561717.0,386809038.0,357642129.28571427,18141541.081844203,3,11,1,False
Ohio,2023-03-26,Beverages,350900425,2023-03-26,378725666.0,343769116.0,391441092.0,363094122.0,17922508.01329314,3,12,1,False
Ohio,2023-04-02,Beverages,359887955,2023-04-02,350900425.0,351100217.0,391219461.0,364112880.4285714,16972580.252038285,4,13,2,False
Ohio,2023-04-09,Beverages,373981010,2023-04-09,359887955.0,347650674.0,374480054.0,365368271.5714286,16274291.293781223,4,14,2,False
Ohio,2023-04-16,Beverages,374911718,2023-04-16,373981010.0,353624113.0,377247509.0,369129748.14285713,14712448.360671176,4,15,2,False
Ohio,2023-04-23,Beverages,369690371,2023-04-23,374911718.0,370462700.0,366224653.0,372170834.5714286,13328069.011038773,4,16,2,False
Ohio,2023-04-30,Beverages,381198123,2023-04-30,369690371.0,396326368.0,371926158.0,372060501.85714287,13344938.728121767,4,17,2,False
Ohio,2023-05-07,Beverages,385825886,2023-05-07,381198123.0,378725666.0,367820685.0,369899324.0,10061104.454973374,5,18,2,False
Oklahoma,2020-05-03,Beverages,88871582,2020-05-03,83200720.0,90347234.0,85463186.0,84866922.85714285,3149029.5374180875,5,18,2,False
Oklahoma,2020-05-10,Beverages,87590117,2020-05-10,88871582.0,88597026.0,80326243.0,84656115.42857143,2805787.7787857153,5,19,2,False
Oklahoma,2020-05-17,Beverages,86966076,2020-05-17,87590117.0,80631133.0,77607881.0,84512271.28571428,2619701.906275181,5,20,2,False
Oklahoma,2020-05-24,Beverages,89019569,2020-05-24,86966076.0,83714875.0,75895543.0,85417263.14285715,2179931.777986543,5,21,2,False
Oklahoma,2020-05-31,Beverages,86013312,2020-05-31,89019569.0,84529308.0,78606324.0,86175076.57142857,2370148.62850777,5,22,2,False
Oklahoma,2020-06-07,Beverages,94400100,2020-06-07,86013312.0,83048164.0,79735847.0,86387077.14285715,2278039.1172604975,6,23,2,False
Oklahoma,2020-06-14,Beverages,92684021,2020-06-14,94400100.0,83200720.0,78375343.0,88008782.28571428,3184267.9553284994,6,24,2,False
Oklahoma,2020-06-21,Beverages,90904542,2020-06-21,92684021.0,88871582.0,78566416.0,89363539.57142857,2850307.247828853,6,25,2,False
Oklahoma,2020-06-28,Beverages,90695835,2020-06-28,90904542.0,87590117.0,77743070.0,89653962.42857143,2888697.3839010047,6,26,2,False
Oklahoma,2020-07-05,Beverages,99205083,2020-07-05,90695835.0,86966076.0,79333316.0,90097636.42857143,2773860.6980271335,7,27,3,False
Oklahoma,2020-07-12,Beverages,91139685,2020-07-12,99205083.0,89019569.0,75511949.0,91846066.0,3884033.1169380685,7,28,3,False
Oklahoma,2020-07-19,Beverages,93341990,2020-07-19,91139685.0,86013312.0,79011300.0,92148939.71428572,3731482.9337258795,7,29,3,False
Oklahoma,2020-07-26,Beverages,89731978,2020-07-26,93341990.0,94400100.0,74528181.0,93195893.71428572,2766441.938197278,7,30,3,False
Oklahoma,2020-08-02,Beverages,90586373,2020-08-02,89731978.0,92684021.0,74745582.0,92529019.14285715,2952189.36725471,8,31,3,False
Oklahoma,2020-08-09,Beverages,93480651,2020-08-09,90586373.0,90904542.0,76919151.0,92229355.14285715,3026766.6220689504,8,32,3,False
Oklahoma,2020-08-16,Beverages,94816278,2020-08-16,93480651.0,90695835.0,75239593.0,92597370.71428572,2999804.196567499,8,33,3,False
Oklahoma,2020-08-23,Beverages,90109170,2020-08-23,94816278.0,99205083.0,72603775.0,93186005.42857143,2973070.856059564,8,34,3,False
Oklahoma,2020-08-30,Beverages,90142387,2020-08-30,90109170.0,91139685.0,76740454.0,91886589.28571428,1824135.703891752,8,35,3,False
Oklahoma,2020-09-06,Beverages,94396915,2020-09-06,90142387.0,93341990.0,76848767.0,91744118.14285715,1913657.1897485484,9,36,3,False
Oklahoma,2020-09-13,Beverages,89514980,2020-09-13,94396915.0,89731978.0,76079559.0,91894821.71428572,2068807.1997257776,9,37,3,False
Oklahoma,2020-09-20,Beverages,88421653,2020-09-20,89514980.0,90586373.0,75792847.0,91863822.0,2102337.7934402158,9,38,3,False
Oklahoma,2020-09-27,Beverages,85283480,2020-09-27,88421653.0,93480651.0,82141566.0,91554576.28571428,2404935.118769189,9,39,3,False
Oklahoma,2020-10-04,Beverages,88335873,2020-10-04,85283480.0,94816278.0,85093040.0,90383551.85714285,3082294.78084,10,40,4,False
Oklahoma,2020-10-11,Beverages,87882414,2020-10-11,88335873.0,90109170.0,90347234.0,89457779.71428572,2536824.1403364646,10,41,4,False
Oklahoma,2020-10-18,Beverages,85645824,2020-10-18,87882414.0,90142387.0,88597026.0,89139671.71428572,2574530.6358562754,10,42,4,False
Oklahoma,2020-10-25,Beverages,80946232,2020-10-25,85645824.0,94396915.0,80631133.0,88497305.57142857,2795673.9550531446,10,43,4,False
Oklahoma,2020-11-01,Beverages,81182720,2020-11-01,80946232.0,89514980.0,83714875.0,86575779.42857143,2701270.380723534,11,44,4,False
Oklahoma,2020-11-08,Beverages,86781884,2020-11-08,81182720.0,88421653.0,84529308.0,85385456.57142857,2966627.285555039,11,45,4,False
Oklahoma,2020-11-15,Beverages,83683257,2020-11-15,86781884.0,85283480.0,83048164.0,85151203.85714285,2776265.287631319,11,46,4,False
Oklahoma,2020-11-22,Beverages,85284485,2020-11-22,83683257.0,88335873.0,83200720.0,84922600.57142857,2821476.244625461,11,47,4,False
Oklahoma,2020-11-29,Beverages,81307554,2020-11-29,85284485.0,87882414.0,88871582.0,84486688.0,2474887.8956255587,11,48,4,False
Oklahoma,2020-12-06,Beverages,80958930,2020-12-06,81307554.0,85645824.0,87590117.0,83547422.28571428,2244863.5981490505,12,49,4,False
Oklahoma,2020-12-13,Beverages,82702750,2020-12-13,80958930.0,80946232.0,86966076.0,82877866.0,2217938.2717347937,12,50,4,False
Oklahoma,2020-12-20,Beverages,81442287,2020-12-20,82702750.0,81182720.0,89019569.0,83128797.14285715,2080296.746513707,12,51,4,False
Oklahoma,2020-12-27,Beverages,79754543,2020-12-27,81442287.0,86781884.0,86013312.0,83165878.14285715,2047329.8668883,12,52,4,False
Oklahoma,2021-01-03,Beverages,79645363,2021-01-03,79754543.0,83683257.0,94400100.0,82161972.28571428,1725764.3190749479,1,53,1,False
Oklahoma,2021-01-10,Beverages,82319646,2021-01-10,79645363.0,85284485.0,92684021.0,81585130.28571428,1794341.329976389,1,1,1,False
Oklahoma,2021-01-17,Beverages,80475327,2021-01-17,82319646.0,81307554.0,90904542.0,81161581.85714285,1078104.208602419,1,2,1,False
Oklahoma,2021-01-24,Beverages,78059157,2021-01-24,80475327.0,80958930.0,90695835.0,81042692.28571428,1101093.9718133612,1,3,1,False
Oklahoma,2021-01-31,Beverages,79728181,2021-01-31,78059157.0,82702750.0,99205083.0,80628439.0,1520342.148092741,1,4,1,False
Oklahoma,2021-02-07,Beverages,84110542,2021-02-07,79728181.0,81442287.0,91139685.0,80203500.57142857,1277484.7718512432,2,5,1,False
Oklahoma,2021-02-14,Beverages,84187147,2021-02-14,84110542.0,79754543.0,93341990.0,80584679.85714285,1856920.214076996,2,6,1,False
Oklahoma,2021-02-21,Beverages,73866345,2021-02-21,84187147.0,79645363.0,89731978.0,81217909.0,2191504.931462075,2,7,1,False
Oklahoma,2021-02-28,Beverages,85254959,2021-02-28,73866345.0,82319646.0,90586373.0,80392335.0,3389488.8441014704,2,8,1,False
Oklahoma,2021-03-07,Beverages,90099344,2021-03-07,85254959.0,80475327.0,93480651.0,80811665.42857143,3762980.596479829,3,9,1,False
Oklahoma,2021-03-14,Beverages,95931310,2021-03-14,90099344.0,78059157.0,94816278.0,82186525.0,4957481.195209116,3,10,1,False
Oklahoma,2021-03-21,Beverages,94265848,2021-03-21,95931310.0,79728181.0,90109170.0,84739689.71428572,6527849.528714997,3,11,1,False
Oklahoma,2021-03-28,Beverages,86437960,2021-03-28,94265848.0,84110542.0,90142387.0,86816499.28571428,6904762.770374642,3,12,1,False
Oklahoma,2021-04-04,Beverages,90092014,2021-04-04,86437960.0,84187147.0,94396915.0,87148987.57142857,6821996.8834416745,4,13,2,False
Oklahoma,2021-04-11,Beverages,90326404,2021-04-11,90092014.0,73866345.0,89514980.0,87992540.0,6768470.289662116,4,14,2,False
Oklahoma,2021-04-18,Beverages,87746182,2021-04-18,90326404.0,85254959.0,88421653.0,90343977.0,3543163.934595443,4,15,2,False
Oklahoma,2021-04-25,Beverages,89062163,2021-04-25,87746182.0,90099344.0,85283480.0,90699866.0,3113149.7707850677,4,16,2,False
Oklahoma,2021-05-02,Beverages,94001881,2021-05-02,89062163.0,95931310.0,88335873.0,90551697.28571428,3162496.236832305,5,17,2,False
Oklahoma,2021-05-09,Beverages,96078346,2021-05-09,94001881.0,94265848.0,87882414.0,90276064.57142857,2737083.90419386,5,18,2,False
Oklahoma,2021-05-16,Beverages,91205565,2021-05-16,96078346.0,86437960.0,85645824.0,90534992.85714285,3155951.046597005,5,19,2,False
Oklahoma,2021-05-23,Beverages,93113160,2021-05-23,91205565.0,90092014.0,80946232.0,91216079.28571428,2676272.1077644494,5,20,2,False
Oklahoma,2021-05-30,Beverages,91015535,2021-05-30,93113160.0,90326404.0,81182720.0,91647671.57142857,2703661.959161784,5,21,2,False
Oklahoma,2021-06-06,Beverages,98464486,2021-06-06,91015535.0,87746182.0,86781884.0,91746118.85714285,2666043.6578545542,6,22,2,False
Oklahoma,2021-06-13,Beverages,102717507,2021-06-13,98464486.0,89062163.0,83683257.0,93277305.14285715,2987587.74200522,6,23,2,False
Oklahoma,2021-06-20,Beverages,102288533,2021-06-20,102717507.0,94001881.0,85284485.0,95228068.57142857,3913190.254083544,6,24,2,False
Oklahoma,2021-06-27,Beverages,96237763,2021-06-27,102288533.0,96078346.0,81307554.0,96411876.0,4562709.526206892,6,25,2,False
Oklahoma,2021-07-04,Beverages,101861976,2021-07-04,96237763.0,91205565.0,80958930.0,96434649.85714285,4561385.599004796,7,26,3,False
Oklahoma,2021-07-11,Beverages,98249579,2021-07-11,101861976.0,93113160.0,82702750.0,97956994.28571428,4334800.7497949265,7,27,3,False
Oklahoma,2021-07-18,Beverages,100015739,2021-07-18,98249579.0,91015535.0,81442287.0,98690768.42857143,3861668.524678348,7,28,3,False
Oklahoma,2021-07-25,Beverages,97954901,2021-07-25,100015739.0,98464486.0,79754543.0,99976511.85714285,2257108.5246619163,7,29,3,False
Oklahoma,2021-08-01,Beverages,97749346,2021-08-01,97954901.0,102717507.0,79645363.0,99903714.0,2312245.7795006097,8,30,3,False
Oklahoma,2021-08-08,Beverages,102015570,2021-08-08,97749346.0,102288533.0,82319646.0,99193976.71428572,2091586.723149356,8,31,3,False
Oklahoma,2021-08-15,Beverages,104210130,2021-08-15,102015570.0,96237763.0,80475327.0,99154982.0,2035317.142487409,8,32,3,False
Oklahoma,2021-08-22,Beverages,98328221,2021-08-22,104210130.0,101861976.0,78059157.0,100293891.57142857,2297892.2210895335,8,33,3,False
Oklahoma,2021-08-29,Beverages,99095059,2021-08-29,98328221.0,98249579.0,79728181.0,99789069.42857143,2286082.577780916,8,34,3,False
Oklahoma,2021-09-05,Beverages,102611166,2021-09-05,99095059.0,100015739.0,84110542.0,99909852.28571428,2223019.666781393,9,35,3,False
Oklahoma,2021-09-12,Beverages,98084759,2021-09-12,102611166.0,97954901.0,84187147.0,100280627.57142857,2417681.2584293215,9,36,3,False
Oklahoma,2021-09-19,Beverages,97937979,2021-09-19,98084759.0,97749346.0,73866345.0,100299178.71428572,2400199.5260856403,9,37,3,False
Oklahoma,2021-09-26,Beverages,93647773,2021-09-26,97937979.0,102015570.0,85254959.0,100326126.28571428,2372317.6845142,9,38,3,False
Oklahoma,2021-10-03,Beverages,139578545,2021-10-03,93647773.0,104210130.0,90099344.0,99130726.71428572,3187891.375889609,10,39,4,False
Oklahoma,2021-10-10,Beverages,138432304,2021-10-10,139578545.0,98328221.0,95931310.0,104183357.42857143,14651478.162199482,10,40,4,False
Oklahoma,2021-10-17,Beverages,133311603,2021-10-17,138432304.0,99095059.0,94265848.0,109912512.14285715,18561118.76567944,10,41,4,False
Oklahoma,2021-10-24,Beverages,129819104,2021-10-24,133311603.0,102611166.0,86437960.0,114800589.85714285,19547937.206088193,10,42,4,False
Oklahoma,2021-10-31,Beverages,128210997,2021-10-31,129819104.0,98084759.0,90092014.0,118687438.14285715,19442492.230785593,10,43,4,False
Oklahoma,2021-11-07,Beverages,133270330,2021-11-07,128210997.0,97937979.0,90326404.0,122991186.42857143,17658043.77332028,11,44,4,False
Oklahoma,2021-11-14,Beverages,132050715,2021-11-14,133270330.0,93647773.0,87746182.0,128038665.14285715,14551896.635383664,11,45,4,False
Oklahoma,2021-11-21,Beverages,132271455,2021-11-21,132050715.0,139578545.0,89062163.0,133524799.71428572,3872674.3017482786,11,46,4,False
Oklahoma,2021-11-28,Beverages,124661602,2021-11-28,132271455.0,138432304.0,94001881.0,132480929.71428572,2982775.1383613585,11,47,4,False
Oklahoma,2021-12-05,Beverages,128954975,2021-12-05,124661602.0,133311603.0,96078346.0,130513686.57142857,2949850.9312244956,12,48,4,False
Oklahoma,2021-12-12,Beverages,128121755,2021-12-12,128954975.0,129819104.0,91205565.0,129891311.14285715,2746455.6592644635,12,49,4,False
Oklahoma,2021-12-19,Beverages,128793171,2021-12-19,128121755.0,128210997.0,93113160.0,129648832.71428572,2816169.5203421963,12,50,4,False
Oklahoma,2021-12-26,Beverages,128582524,2021-12-26,128793171.0,133270330.0,91015535.0,129732000.42857143,2780853.998280072,12,51,4,False
Oklahoma,2022-01-02,Beverages,122812646,2022-01-02,128582524.0,132050715.0,98464486.0,129062313.85714285,2384299.8940807674,1,52,1,False
Oklahoma,2022-01-09,Beverages,125894614,2022-01-09,122812646.0,132271455.0,102717507.0,127742589.71428572,2871791.5298321266,1,1,1,False
Oklahoma,2022-01-16,Beverages,130810460,2022-01-16,125894614.0,124661602.0,102288533.0,126831612.42857143,2230488.1686864756,1,2,1,False
Oklahoma,2022-01-23,Beverages,123087658,2022-01-23,130810460.0,128954975.0,96237763.0,127710020.71428572,2406735.1096517607,1,3,1,False
Oklahoma,2022-01-30,Beverages,126661785,2022-01-30,123087658.0,128121755.0,101861976.0,126871832.57142857,2814377.05782652,1,4,1,False
Oklahoma,2022-02-06,Beverages,127526645,2022-02-06,126661785.0,128793171.0,98249579.0,126663265.42857143,2767730.883351529,2,5,1,False
Oklahoma,2022-02-13,Beverages,133213656,2022-02-13,127526645.0,128582524.0,100015739.0,126482333.14285715,2661957.142395921,2,6,1,False
Oklahoma,2022-02-20,Beverages,122053638,2022-02-20,133213656.0,122812646.0,97954901.0,127143923.42857143,3534283.209269413,2,7,1,False
Oklahoma,2022-02-27,Beverages,130023890,2022-02-27,122053638.0,125894614.0,97749346.0,127035493.71428572,3674367.723719108,2,8,1,False
Oklahoma,2022-03-06,Beverages,137714109,2022-03-06,130023890.0,130810460.0,102015570.0,127625390.28571428,3773969.2493802235,3,9,1,False
Oklahoma,2022-03-13,Beverages,136461942,2022-03-13,137714109.0,123087658.0,104210130.0,128611625.85714285,5134322.312514919,3,10,1,False
Oklahoma,2022-03-20,Beverages,134978035,2022-03-20,136461942.0,126661785.0,98328221.0,130522237.85714285,5211101.260300525,3,11,1,False
Oklahoma,2022-03-27,Beverages,132847810,2022-03-27,134978035.0,127526645.0,99095059.0,131710273.57142857,5143096.1259157285,3,12,1,False
Oklahoma,2022-04-03,Beverages,141210550,2022-04-03,132847810.0,133213656.0,102611166.0,132470440.0,4853663.335661586,4,13,2,False
Oklahoma,2022-04-10,Beverages,141755939,2022-04-10,141210550.0,122053638.0,98084759.0,133612853.42857143,5752114.246438734,4,14,2,False
Oklahoma,2022-04-17,Beverages,140765828,2022-04-17,141755939.0,130023890.0,97937979.0,136427467.85714287,3943307.689842025,4,15,2,False
Oklahoma,2022-04-24,Beverages,133940731,2022-04-24,140765828.0,137714109.0,93647773.0,137962030.42857143,3166320.805752397,4,16,2,False
Oklahoma,2022-05-01,Beverages,137163267,2022-05-01,133940731.0,136461942.0,139578545.0,137422976.42857143,3469344.146946493,5,17,2,False
Oklahoma,2022-05-08,Beverages,141285993,2022-05-08,137163267.0,134978035.0,138432304.0,137523165.7142857,3450218.1759843105,5,18,2,False
Oklahoma,2022-05-15,Beverages,143855272,2022-05-15,141285993.0,132847810.0,133311603.0,138424302.57142857,3491313.3757828427,5,19,2,False
Oklahoma,2022-05-22,Beverages,139771359,2022-05-22,143855272.0,141210550.0,129819104.0,139996797.14285713,3080210.3107717694,5,20,2,False
Oklahoma,2022-05-29,Beverages,135755044,2022-05-29,139771359.0,141755939.0,128210997.0,139791198.42857143,3040103.3687528432,5,21,2,False
Oklahoma,2022-06-05,Beverages,142131462,2022-06-05,135755044.0,140765828.0,133270330.0,138933927.7142857,3206723.8502911786,6,22,2,False
Oklahoma,2022-06-12,Beverages,147942449,2022-06-12,142131462.0,133940731.0,132050715.0,139129018.2857143,3350554.101259699,6,23,2,False
Oklahoma,2022-06-19,Beverages,152890845,2022-06-19,147942449.0,137163267.0,132271455.0,141129263.7142857,3804787.4555432443,6,24,2,False
Oklahoma,2022-06-26,Beverages,147588860,2022-06-26,152890845.0,141285993.0,124661602.0,143376060.57142857,5190703.842376778,6,25,2,False
Oklahoma,2022-07-03,Beverages,153118813,2022-07-03,147588860.0,143855272.0,128954975.0,144276470.14285713,5295658.322124922,7,26,3,False
Oklahoma,2022-07-10,Beverages,151769464,2022-07-10,153118813.0,139771359.0,128121755.0,145599833.14285713,6118573.262407725,7,27,3,False
Oklahoma,2022-07-17,Beverages,152584163,2022-07-17,151769464.0,135755044.0,128793171.0,147313848.14285713,5923161.239816024,7,28,3,False
Oklahoma,2022-07-24,Beverages,148155011,2022-07-24,152584163.0,142131462.0,128582524.0,149718008.0,3766340.525147713,7,29,3,False
Oklahoma,2022-07-31,Beverages,152306097,2022-07-31,148155011.0,147942449.0,122812646.0,150578515.0,2360424.295760893,7,30,3,False
Oklahoma,2022-08-07,Beverages,157651928,2022-08-07,152306097.0,152890845.0,125894614.0,151201893.2857143,2148644.496048189,8,31,3,False
Oklahoma,2022-08-14,Beverages,159549607,2022-08-14,157651928.0,147588860.0,130810460.0,151882048.0,3112849.6147311884,8,32,3,False
Oklahoma,2022-08-21,Beverages,150724443,2022-08-21,159549607.0,153118813.0,123087658.0,153590726.14285713,3540616.570830866,8,33,3,False
Oklahoma,2022-08-28,Beverages,149157622,2022-08-28,150724443.0,151769464.0,126661785.0,153248673.2857143,3682499.8468153984,8,34,3,False
Oklahoma,2022-09-04,Beverages,156360685,2022-09-04,149157622.0,152584163.0,127526645.0,152875553.0,3936999.31294115,9,35,3,False
Oklahoma,2022-09-11,Beverages,153309864,2022-09-11,156360685.0,148155011.0,133213656.0,153415056.14285713,4114843.107023667,9,36,3,False
Oklahoma,2022-09-18,Beverages,151038592,2022-09-18,153309864.0,152306097.0,122053638.0,154151463.7142857,3526845.095046079,9,37,3,False
Oklahoma,2022-09-25,Beverages,145687932,2022-09-25,151038592.0,157651928.0,130023890.0,153970391.57142857,3647416.628326152,9,38,3,False
Oklahoma,2022-10-02,Beverages,144114760,2022-10-02,145687932.0,159549607.0,137714109.0,152261249.2857143,4271546.910026306,10,39,4,False
Oklahoma,2022-10-09,Beverages,147640275,2022-10-09,144114760.0,150724443.0,136461942.0,150056271.14285713,3908496.610306495,10,40,4,False
Oklahoma,2022-10-16,Beverages,141443211,2022-10-16,147640275.0,149157622.0,134978035.0,149615675.7142857,3981495.2984189223,10,41,4,False
Oklahoma,2022-10-23,Beverages,134986428,2022-10-23,141443211.0,156360685.0,132847810.0,148513617.0,4914174.340070933,10,42,4,False
Oklahoma,2022-10-30,Beverages,132940053,2022-10-30,134986428.0,153309864.0,141210550.0,145460151.7142857,5671817.300099844,10,43,4,False
Oklahoma,2022-11-06,Beverages,138164354,2022-11-06,132940053.0,151038592.0,141755939.0,142550178.7142857,6106739.476324308,11,44,4,False
Oklahoma,2022-11-13,Beverages,137896121,2022-11-13,138164354.0,145687932.0,140765828.0,140711001.85714287,5134618.736079735,11,45,4,False
Oklahoma,2022-11-20,Beverages,135567427,2022-11-20,137896121.0,144114760.0,133940731.0,139597886.0,4766410.736563444,11,46,4,False
Oklahoma,2022-11-27,Beverages,132993117,2022-11-27,135567427.0,147640275.0,137163267.0,138376838.42857143,4542441.885537063,11,47,4,False
Oklahoma,2022-12-04,Beverages,133222494,2022-12-04,132993117.0,141443211.0,141285993.0,136284387.2857143,2852597.4327986836,12,48,4,False
Oklahoma,2022-12-11,Beverages,136075677,2022-12-11,133222494.0,134986428.0,143855272.0,135109999.14285713,2072562.272120609,12,49,4,False
Oklahoma,2022-12-18,Beverages,137614796,2022-12-18,136075677.0,132940053.0,139771359.0,135265606.14285713,2098175.0481926706,12,50,4,False
Oklahoma,2022-12-25,Beverages,139698733,2022-12-25,137614796.0,138164354.0,135755044.0,135933426.57142857,1993022.7015024412,12,51,4,False
Oklahoma,2023-01-01,Beverages,128027305,2023-01-01,139698733.0,137896121.0,142131462.0,136152623.57142857,2288765.7452607155,1,52,1,False
Oklahoma,2023-01-08,Beverages,135062547,2023-01-08,128027305.0,135567427.0,147942449.0,134742792.7142857,3499730.555756523,1,1,1,False
Oklahoma,2023-01-15,Beverages,135596807,2023-01-15,135062547.0,132993117.0,152890845.0,134670667.0,3487172.4937404618,1,2,1,False
Oklahoma,2023-01-22,Beverages,130499779,2023-01-22,135596807.0,133222494.0,147588860.0,135042622.7142857,3426737.472354453,1,3,1,False
Oklahoma,2023-01-29,Beverages,131289925,2023-01-29,130499779.0,136075677.0,153118813.0,134653663.42857143,3750490.31319004,1,4,1,False
Oklahoma,2023-02-05,Beverages,135216389,2023-02-05,131289925.0,137614796.0,151769464.0,133969984.57142857,3863454.0298606693,2,5,1,False
Oklahoma,2023-02-12,Beverages,139263301,2023-02-12,135216389.0,139698733.0,152584163.0,133627355.0,3623949.064864519,2,6,1,False
Oklahoma,2023-02-19,Beverages,135360155,2023-02-19,139263301.0,128027305.0,148155011.0,133565150.42857143,3521489.506449009,2,7,1,False
Oklahoma,2023-02-26,Beverages,135256255,2023-02-26,135360155.0,135062547.0,152306097.0,134612700.42857143,2717115.088035228,2,8,1,False
Oklahoma,2023-03-05,Beverages,149196561,2023-03-05,135256255.0,135596807.0,157651928.0,134640373.0,2722536.6575392447,3,9,1,False
Oklahoma,2023-03-12,Beverages,151437049,2023-03-12,149196561.0,130499779.0,159549607.0,136583195.0,5811704.7264328245,3,10,1,False
Oklahoma,2023-03-19,Beverages,145942881,2023-03-19,151437049.0,131289925.0,150724443.0,139574233.57142857,7145790.259851311,3,11,1,False
Oklahoma,2023-03-26,Beverages,137653757,2023-03-26,145942881.0,135216389.0,149157622.0,141667513.0,6532264.967776908,3,12,1,False
Oklahoma,2023-04-02,Beverages,141704836,2023-04-02,137653757.0,139263301.0,156360685.0,142015708.42857143,6237421.115831303,4,13,2,False
Oklahoma,2023-04-09,Beverages,150712862,2023-04-09,141704836.0,135360155.0,153309864.0,142364499.14285713,6141280.2935882835,4,14,2,False
Oklahoma,2023-04-16,Beverages,147173331,2023-04-16,150712862.0,135256255.0,151038592.0,144557743.0,5987717.913905878,4,15,2,False
Oklahoma,2023-04-23,Beverages,144161747,2023-04-23,147173331.0,149196561.0,145687932.0,146260182.42857143,4644580.285996364,4,16,2,False
Oklahoma,2023-04-30,Beverages,146135675,2023-04-30,144161747.0,151437049.0,144114760.0,145540923.2857143,4522399.147774252,4,17,2,False
Oklahoma,2023-05-07,Beverages,154636606,2023-05-07,146135675.0,145942881.0,147640275.0,144783584.14285713,3868169.583451838,5,18,2,False
Oregon,2020-05-03,Beverages,73277376,2020-05-03,67450880.0,72106968.0,63944985.0,67617605.71428572,2892589.6171972565,5,18,2,False
Oregon,2020-05-10,Beverages,77387146,2020-05-10,73277376.0,70139255.0,62778735.0,67784806.85714285,3167974.9109321935,5,19,2,False
Oregon,2020-05-17,Beverages,69490829,2020-05-17,77387146.0,62638431.0,61126837.0,68820219.85714285,4619978.133020573,5,20,2,False
Oregon,2020-05-24,Beverages,71299206,2020-05-24,69490829.0,65216666.0,59546507.0,69799133.85714285,3871815.3818796943,5,21,2,False
Oregon,2020-05-31,Beverages,73202193,2020-05-31,71299206.0,67070539.0,60796877.0,70668068.14285715,3399633.544984989,5,22,2,False
Oregon,2020-06-07,Beverages,75237396,2020-06-07,73202193.0,68700501.0,61552925.0,71544018.71428572,3139861.3416628074,6,23,2,False
Oregon,2020-06-14,Beverages,76096147,2020-06-14,75237396.0,67450880.0,61015742.0,72477860.85714285,3127347.563095821,6,24,2,False
Oregon,2020-06-21,Beverages,73685178,2020-06-21,76096147.0,73277376.0,60959599.0,73712899.0,2552487.387295579,6,25,2,False
Oregon,2020-06-28,Beverages,75752558,2020-06-28,73685178.0,77387146.0,58257574.0,73771156.42857143,2546529.114319726,6,26,2,False
Oregon,2020-07-05,Beverages,79284077,2020-07-05,75752558.0,69490829.0,59857038.0,73537643.85714285,2263453.3814512654,7,27,3,False
Oregon,2020-07-12,Beverages,75629014,2020-07-12,79284077.0,71299206.0,59979191.0,74936679.28571428,2354516.3572089868,7,28,3,False
Oregon,2020-07-19,Beverages,77462421,2020-07-19,75629014.0,73202193.0,65582615.0,75555223.28571428,1827416.975925806,7,29,3,False
Oregon,2020-07-26,Beverages,77350341,2020-07-26,77462421.0,75237396.0,58675369.0,76163827.28571428,1642473.2840393428,7,30,3,False
Oregon,2020-08-02,Beverages,80871404,2020-08-02,77350341.0,76096147.0,59870249.0,76465676.57142857,1638630.8897330496,8,31,3,False
Oregon,2020-08-09,Beverages,77553114,2020-08-09,80871404.0,73685178.0,58578362.0,77147856.14285715,2230056.9386224737,8,32,3,False
Oregon,2020-08-16,Beverages,77714158,2020-08-16,77553114.0,75752558.0,56795066.0,77700418.42857143,1725808.13778355,8,33,3,False
Oregon,2020-08-23,Beverages,75260646,2020-08-23,77714158.0,79284077.0,58377817.0,77980647.0,1535542.1685603973,8,34,3,False
Oregon,2020-08-30,Beverages,76088846,2020-08-30,75260646.0,75629014.0,60557263.0,77405871.14285715,1685744.131297103,8,35,3,False
Oregon,2020-09-06,Beverages,77441416,2020-09-06,76088846.0,77462421.0,59559349.0,77471561.42857143,1623015.7273576679,9,36,3,False
Oregon,2020-09-13,Beverages,71781836,2020-09-13,77441416.0,77350341.0,56802264.0,77468560.71428572,1623049.269922782,9,37,3,False
Oregon,2020-09-20,Beverages,66947712,2020-09-20,71781836.0,80871404.0,59501128.0,76673060.0,2572800.999977784,9,38,3,False
Oregon,2020-09-27,Beverages,66149796,2020-09-27,66947712.0,77553114.0,64230390.0,74683961.14285715,3695476.702920378,9,39,3,False
Oregon,2020-10-04,Beverages,70735758,2020-10-04,66149796.0,77714158.0,65194564.0,73054915.71428572,4497924.123451235,10,40,4,False
Oregon,2020-10-11,Beverages,68755331,2020-10-11,70735758.0,75260646.0,72106968.0,72058001.42857143,4111522.782160934,10,41,4,False
Oregon,2020-10-18,Beverages,65409369,2020-10-18,68755331.0,76088846.0,70139255.0,71128670.71428572,4016705.255925667,10,42,4,False
Oregon,2020-10-25,Beverages,64629347,2020-10-25,65409369.0,77441416.0,62638431.0,69603031.14285715,3868397.3852515058,10,43,4,False
Oregon,2020-11-01,Beverages,65902983,2020-11-01,64629347.0,71781836.0,65216666.0,67772735.57142857,2524136.9655007888,11,44,4,False
Oregon,2020-11-08,Beverages,67079892,2020-11-08,65902983.0,66947712.0,67070539.0,66932899.428571425,1967038.6425251884,11,45,4,False
Oregon,2020-11-15,Beverages,64517128,2020-11-15,67079892.0,66149796.0,68700501.0,66951782.28571428,1967724.5239847407,11,46,4,False
Oregon,2020-11-22,Beverages,66592957,2020-11-22,64517128.0,70735758.0,67450880.0,66718544.0,2138328.366439954,11,47,4,False
Oregon,2020-11-29,Beverages,62889298,2020-11-29,66592957.0,68755331.0,73277376.0,66126715.28571428,1385283.4987034881,11,48,4,False
Oregon,2020-12-06,Beverages,64691824,2020-12-06,62889298.0,65409369.0,77387146.0,65288710.571428575,1314129.771954922,12,49,4,False
Oregon,2020-12-13,Beverages,64893024,2020-12-13,64691824.0,64629347.0,69490829.0,65186204.14285714,1328625.5814748937,12,50,4,False
Oregon,2020-12-20,Beverages,68988950,2020-12-20,64893024.0,65902983.0,71299206.0,65223872.28571428,1315981.6567304204,12,51,4,False
Oregon,2020-12-27,Beverages,64198267,2020-12-27,68988950.0,67079892.0,73202193.0,65664724.71428572,1869943.3464245878,12,52,4,False
Oregon,2021-01-03,Beverages,65702535,2021-01-03,64198267.0,64517128.0,75237396.0,65253064.0,1829846.3950872563,1,53,1,False
Oregon,2021-01-10,Beverages,64053360,2021-01-10,65702535.0,66592957.0,76096147.0,65422407.85714286,1808631.9138025509,1,1,1,False
Oregon,2021-01-17,Beverages,63206425,2021-01-17,64053360.0,62889298.0,73685178.0,65059608.28571428,1792077.3195007374,1,2,1,False
Oregon,2021-01-24,Beverages,62798390,2021-01-24,63206425.0,64691824.0,75752558.0,65104912.14285714,1739887.611778888,1,3,1,False
Oregon,2021-01-31,Beverages,63397752,2021-01-31,62798390.0,64893024.0,79284077.0,64834421.571428575,1920852.0746367343,1,4,1,False
Oregon,2021-02-07,Beverages,66162742,2021-02-07,63397752.0,68988950.0,75629014.0,64620811.28571428,1984543.4373157143,2,5,1,False
Oregon,2021-02-14,Beverages,63689993,2021-02-14,66162742.0,64198267.0,77462421.0,64217067.28571428,1178663.805199957,2,6,1,False
Oregon,2021-02-21,Beverages,63403370,2021-02-21,63689993.0,65702535.0,77350341.0,64144456.71428572,1193152.2682227704,2,7,1,False
Oregon,2021-02-28,Beverages,66943352,2021-02-28,63403370.0,64053360.0,80871404.0,63816004.571428575,1023420.1936088314,2,8,1,False
Oregon,2021-03-07,Beverages,70618337,2021-03-07,66943352.0,63206425.0,77553114.0,64228860.571428575,1505349.3211670755,3,9,1,False
Oregon,2021-03-14,Beverages,76233387,2021-03-14,70618337.0,62798390.0,77714158.0,65287705.14285714,2613003.411500567,3,10,1,False
Oregon,2021-03-21,Beverages,74480607,2021-03-21,76233387.0,63397752.0,75260646.0,67206990.42857143,4401625.952518395,3,11,1,False
Oregon,2021-03-28,Beverages,66604607,2021-03-28,74480607.0,66162742.0,76088846.0,68790255.42857143,4727854.865158869,3,12,1,False
Oregon,2021-04-04,Beverages,72067412,2021-04-04,66604607.0,63689993.0,77441416.0,68853379.0,4695189.354482921,4,13,2,False
Oregon,2021-04-11,Beverages,73834808,2021-04-11,72067412.0,63403370.0,71781836.0,70050153.14285715,4275464.823821521,4,14,2,False
Oregon,2021-04-18,Beverages,75450878,2021-04-18,73834808.0,66943352.0,66947712.0,71540358.57142857,3434199.780407303,4,15,2,False
Oregon,2021-04-25,Beverages,73646636,2021-04-25,75450878.0,70618337.0,66149796.0,72755719.42857143,3079333.7779967934,4,16,2,False
Oregon,2021-05-02,Beverages,77119514,2021-05-02,73646636.0,76233387.0,70735758.0,73188333.57142857,2959037.47210519,5,17,2,False
Oregon,2021-05-09,Beverages,80320038,2021-05-09,77119514.0,74480607.0,68755331.0,73314923.14285715,3102095.4685323904,5,18,2,False
Oregon,2021-05-16,Beverages,78986878,2021-05-16,80320038.0,66604607.0,65409369.0,74149127.57142857,3967772.138072249,5,19,2,False
Oregon,2021-05-23,Beverages,75666448,2021-05-23,78986878.0,72067412.0,64629347.0,75918023.42857143,2797539.7574126087,5,20,2,False
Oregon,2021-05-30,Beverages,79225585,2021-05-30,75666448.0,73834808.0,65902983.0,76432171.42857143,2335112.279992767,5,21,2,False
Oregon,2021-06-06,Beverages,81955738,2021-06-06,79225585.0,75450878.0,67079892.0,77202282.42857143,2238450.084191412,6,22,2,False
Oregon,2021-06-13,Beverages,76750662,2021-06-13,81955738.0,73646636.0,64517128.0,78131548.14285715,2633785.718553689,6,23,2,False
Oregon,2021-06-20,Beverages,82203801,2021-06-20,76750662.0,77119514.0,66592957.0,78574980.42857143,2034480.444209179,6,24,2,False
Oregon,2021-06-27,Beverages,87618933,2021-06-27,82203801.0,80320038.0,62889298.0,79301307.14285715,2278184.662301084,6,25,2,False
Oregon,2021-07-04,Beverages,88375865,2021-07-04,87618933.0,78986878.0,64691824.0,80344006.42857143,3719934.95000551,7,26,3,False
Oregon,2021-07-11,Beverages,83128994,2021-07-11,88375865.0,75666448.0,64893024.0,81685290.28571428,4581657.0624870295,7,27,3,False
Oregon,2021-07-18,Beverages,85334685,2021-07-18,83128994.0,79225585.0,68988950.0,82751368.28571428,3870091.027120682,7,28,3,False
Oregon,2021-07-25,Beverages,84134566,2021-07-25,85334685.0,81955738.0,64198267.0,83624096.85714285,3659703.798712228,7,29,3,False
Oregon,2021-08-01,Beverages,87403941,2021-08-01,84134566.0,76750662.0,65702535.0,83935358.0,3596684.906894728,8,30,3,False
Oregon,2021-08-08,Beverages,85425512,2021-08-08,87403941.0,82203801.0,64053360.0,85457255.0,2228100.22541889,8,31,3,False
Oregon,2021-08-15,Beverages,87451793,2021-08-15,85425512.0,87618933.0,63206425.0,85917499.42857143,1800170.0098797062,8,32,3,False
Oregon,2021-08-22,Beverages,81419883,2021-08-22,87451793.0,88375865.0,62798390.0,85893622.28571428,1778421.2176204447,8,33,3,False
Oregon,2021-08-29,Beverages,79469685,2021-08-29,81419883.0,83128994.0,63397752.0,84899910.57142857,2038208.166052741,8,34,3,False
Oregon,2021-09-05,Beverages,85701988,2021-09-05,79469685.0,85334685.0,66162742.0,84377152.14285715,2765045.009406178,9,35,3,False
Oregon,2021-09-12,Beverages,80871146,2021-09-12,85701988.0,84134566.0,63689993.0,84429624.0,2786122.8855478046,9,36,3,False
Oregon,2021-09-19,Beverages,74940261,2021-09-19,80871146.0,87403941.0,63403370.0,83963421.14285715,3056413.7682370055,9,37,3,False
Oregon,2021-09-26,Beverages,74560310,2021-09-26,74940261.0,85425512.0,66943352.0,82182895.42857143,4013904.319457654,9,38,3,False
Oregon,2021-10-03,Beverages,109358124,2021-10-03,74560310.0,87451793.0,70618337.0,80630723.71428572,4527764.8596900785,10,39,4,False
Oregon,2021-10-10,Beverages,105944044,2021-10-10,109358124.0,81419883.0,76233387.0,83760199.57142857,11043328.880657412,10,40,4,False
Oregon,2021-10-17,Beverages,103410414,2021-10-17,105944044.0,79469685.0,74480607.0,87263651.14285715,13386626.860669736,10,41,4,False
Oregon,2021-10-24,Beverages,99799036,2021-10-24,103410414.0,85701988.0,66604607.0,90683755.28571428,14002574.799149692,10,42,4,False
Oregon,2021-10-31,Beverages,102488327,2021-10-31,99799036.0,80871146.0,72067412.0,92697619.28571428,14154179.124293966,10,43,4,False
Oregon,2021-11-07,Beverages,101452515,2021-11-07,102488327.0,74940261.0,73834808.0,95785788.0,13583711.316403741,11,44,4,False
Oregon,2021-11-14,Beverages,101451949,2021-11-14,101452515.0,74560310.0,75450878.0,99573252.85714285,10615232.051617915,11,45,4,False
Oregon,2021-11-21,Beverages,102440117,2021-11-21,101451949.0,109358124.0,73646636.0,103414915.57142857,3008455.7623469033,11,46,4,False
Oregon,2021-11-28,Beverages,95648672,2021-11-28,102440117.0,105944044.0,77119514.0,102426628.85714285,1778730.4437226837,11,47,4,False
Oregon,2021-12-05,Beverages,99250313,2021-12-05,95648672.0,103410414.0,80320038.0,100955861.42857143,2407534.779676447,12,48,4,False
Oregon,2021-12-12,Beverages,100207545,2021-12-12,99250313.0,99799036.0,78986878.0,100361561.28571428,2235597.858840479,12,49,4,False
Oregon,2021-12-19,Beverages,105713197,2021-12-19,100207545.0,102488327.0,75666448.0,100419919.71428572,2225460.815236259,12,50,4,False
Oregon,2021-12-26,Beverages,100450342,2021-12-26,105713197.0,101452515.0,79225585.0,100880615.42857143,2851654.22710581,12,51,4,False
Oregon,2022-01-02,Beverages,99078288,2022-01-02,100450342.0,101451949.0,81955738.0,100737447.85714285,2844496.195557004,1,52,1,False
Oregon,2022-01-09,Beverages,98739520,2022-01-09,99078288.0,102440117.0,76750662.0,100398353.42857143,2880364.9216664196,1,1,1,False
Oregon,2022-01-16,Beverages,99784455,2022-01-16,98739520.0,95648672.0,82203801.0,99869696.71428572,2795458.024954787,1,2,1,False
Oregon,2022-01-23,Beverages,98759328,2022-01-23,99784455.0,99250313.0,87618933.0,100460522.85714285,2218390.2393608755,1,3,1,False
Oregon,2022-01-30,Beverages,97891572,2022-01-30,98759328.0,100207545.0,88375865.0,100390382.14285715,2262861.8032319183,1,4,1,False
Oregon,2022-02-06,Beverages,101836177,2022-02-06,97891572.0,105713197.0,83128994.0,100059528.85714285,2428643.9548571142,2,5,1,False
Oregon,2022-02-13,Beverages,98688555,2022-02-13,101836177.0,100450342.0,85334685.0,99505668.85714285,1214987.8937089194,2,6,1,False
Oregon,2022-02-20,Beverages,97925864,2022-02-20,98688555.0,99078288.0,84134566.0,99253985.0,1175051.5754086715,2,7,1,False
Oregon,2022-02-27,Beverages,99904233,2022-02-27,97925864.0,98739520.0,87403941.0,99089353.0,1265392.8537899526,2,8,1,False
Oregon,2022-03-06,Beverages,104964035,2022-03-06,99904233.0,99784455.0,85425512.0,99255740.57142857,1284878.3177510018,3,9,1,False
Oregon,2022-03-13,Beverages,105051111,2022-03-13,104964035.0,98759328.0,87451793.0,99995680.57142857,2391320.4347346844,3,10,1,False
Oregon,2022-03-20,Beverages,105717901,2022-03-20,105051111.0,97891572.0,81419883.0,100894506.71428572,2888461.875480017,3,11,1,False
Oregon,2022-03-27,Beverages,104959456,2022-03-27,105717901.0,101836177.0,79469685.0,102012553.71428572,3021347.757929834,3,12,1,False
Oregon,2022-04-03,Beverages,110649233,2022-04-03,104959456.0,98688555.0,85701988.0,102458736.42857143,3188357.5519815036,4,13,2,False
Oregon,2022-04-10,Beverages,108260091,2022-04-10,110649233.0,97925864.0,80871146.0,104167404.71428572,3846937.595819743,4,14,2,False
Oregon,2022-04-17,Beverages,112502886,2022-04-17,108260091.0,99904233.0,74940261.0,105643722.85714285,3073600.6292198696,4,15,2,False
Oregon,2022-04-24,Beverages,107413332,2022-04-24,112502886.0,104964035.0,74560310.0,107443530.42857143,2867561.6804039218,4,16,2,False
Oregon,2022-05-01,Beverages,112386989,2022-05-01,107413332.0,105051111.0,109358124.0,107793430.0,2687441.064619513,5,17,2,False
Oregon,2022-05-08,Beverages,117390519,2022-05-08,112386989.0,105717901.0,105944044.0,108841412.57142857,2839742.8160512787,5,18,2,False
Oregon,2022-05-15,Beverages,114214156,2022-05-15,117390519.0,104959456.0,103410414.0,110508929.42857143,3785604.0042204196,5,19,2,False
Oregon,2022-05-22,Beverages,112911917,2022-05-22,114214156.0,110649233.0,99799036.0,111831029.42857143,3185054.23767615,5,20,2,False
Oregon,2022-05-29,Beverages,117192390,2022-05-29,112911917.0,108260091.0,102488327.0,112154270.0,3163458.2648228044,5,21,2,False
Oregon,2022-06-05,Beverages,120036709,2022-06-05,117192390.0,112502886.0,101452515.0,113430312.71428572,3136702.211433939,6,22,2,False
Oregon,2022-06-12,Beverages,120298432,2022-06-12,120036709.0,107413332.0,101451949.0,114506573.14285715,3846116.805024746,6,23,2,False
Oregon,2022-06-19,Beverages,119427324,2022-06-19,120298432.0,112386989.0,102440117.0,116347301.71428572,3001473.179715552,6,24,2,False
Oregon,2022-06-26,Beverages,127766543,2022-06-26,119427324.0,117390519.0,95648672.0,117353063.85714285,2666818.511404333,6,25,2,False
Oregon,2022-07-03,Beverages,131648179,2022-07-03,127766543.0,114214156.0,99250313.0,118835353.0,4517305.202680232,7,26,3,False
Oregon,2022-07-10,Beverages,125109130,2022-07-10,131648179.0,112911917.0,100207545.0,121325927.71428572,5882597.040672419,7,27,3,False
Oregon,2022-07-17,Beverages,126747931,2022-07-17,125109130.0,117192390.0,105713197.0,123068386.71428572,4847658.275147273,7,28,3,False
Oregon,2022-07-24,Beverages,125456577,2022-07-24,126747931.0,120036709.0,100450342.0,124433464.0,4317178.179926516,7,29,3,False
Oregon,2022-07-31,Beverages,131034950,2022-07-31,125456577.0,120298432.0,99078288.0,125207730.85714285,3927650.5805248627,7,30,3,False
Oregon,2022-08-07,Beverages,128095152,2022-08-07,131034950.0,119427324.0,98739520.0,126741519.14285715,3805499.6989552407,8,31,3,False
Oregon,2022-08-14,Beverages,127640454,2022-08-14,128095152.0,127766543.0,99784455.0,127979780.28571428,2359619.5949467616,8,32,3,False
Oregon,2022-08-21,Beverages,120792093,2022-08-21,127640454.0,131648179.0,98759328.0,127961767.57142857,2361659.0238045896,8,33,3,False
Oregon,2022-08-28,Beverages,122367501,2022-08-28,120792093.0,125109130.0,97891572.0,126410898.14285715,2928194.6110478286,8,34,3,False
Oregon,2022-09-04,Beverages,124544284,2022-09-04,122367501.0,126747931.0,101836177.0,126019236.85714285,3242594.551528307,9,35,3,False
Oregon,2022-09-11,Beverages,117844182,2022-09-11,124544284.0,125456577.0,98688555.0,125704430.14285715,3263471.0680644303,9,36,3,False
Oregon,2022-09-18,Beverages,111186797,2022-09-18,117844182.0,131034950.0,97925864.0,124616945.14285715,4276103.169191013,9,37,3,False
Oregon,2022-09-25,Beverages,110628293,2022-09-25,111186797.0,128095152.0,99904233.0,121781494.71428572,5488885.484810838,9,38,3,False
Oregon,2022-10-02,Beverages,112015851,2022-10-02,110628293.0,127640454.0,104964035.0,119286229.14285715,5998121.5549059855,10,39,4,False
Oregon,2022-10-09,Beverages,112790064,2022-10-09,112015851.0,120792093.0,105051111.0,117054143.0,5345653.786615653,10,40,4,False
Oregon,2022-10-16,Beverages,109322610,2022-10-16,112790064.0,122367501.0,105717901.0,115910996.0,5279268.143475398,10,41,4,False
Oregon,2022-10-23,Beverages,105871721,2022-10-23,109322610.0,124544284.0,104959456.0,114047440.14285715,4964231.995789653,10,42,4,False
Oregon,2022-10-30,Beverages,105092490,2022-10-30,105871721.0,117844182.0,110649233.0,111379931.14285715,3366953.2187818727,10,43,4,False
Oregon,2022-11-06,Beverages,106220543,2022-11-06,105092490.0,111186797.0,108260091.0,109558260.85714285,2774130.917039496,11,44,4,False
Oregon,2022-11-13,Beverages,105789953,2022-11-13,106220543.0,110628293.0,112502886.0,108848796.0,2899149.241089834,11,45,4,False
Oregon,2022-11-20,Beverages,107960778,2022-11-20,105789953.0,112015851.0,107413332.0,108157604.57142857,2968432.8728403915,11,46,4,False
Oregon,2022-11-27,Beverages,103586066,2022-11-27,107960778.0,112790064.0,112386989.0,107578308.42857143,2520905.253834001,11,47,4,False
Oregon,2022-12-04,Beverages,103950593,2022-12-04,103586066.0,109322610.0,117390519.0,106263451.57142857,1738571.1161102783,12,48,4,False
Oregon,2022-12-11,Beverages,104626576,2022-12-11,103950593.0,105871721.0,114214156.0,105496020.57142857,1364164.777564001,12,49,4,False
Oregon,2022-12-18,Beverages,110611156,2022-12-18,104626576.0,105092490.0,112911917.0,105318142.71428572,1384605.055022216,12,50,4,False
Oregon,2022-12-25,Beverages,109236205,2022-12-25,110611156.0,106220543.0,117192390.0,106106523.57142857,2300129.7470441074,12,51,4,False
Oregon,2023-01-01,Beverages,101850451,2023-01-01,109236205.0,105789953.0,120036709.0,106537332.42857143,2549983.4589704163,1,52,1,False
Oregon,2023-01-08,Beverages,103066966,2023-01-08,101850451.0,107960778.0,120298432.0,105974546.42857143,3040396.9296747604,1,1,1,False
Oregon,2023-01-15,Beverages,102630801,2023-01-15,103066966.0,103586066.0,119427324.0,105275430.42857143,3065840.8367250906,1,2,1,False
Oregon,2023-01-22,Beverages,101274697,2023-01-22,102630801.0,103950593.0,127766543.0,105138964.0,3157879.2904636497,1,3,1,False
Oregon,2023-01-29,Beverages,101267059,2023-01-29,101274697.0,104626576.0,131648179.0,104756693.14285715,3428927.9467512444,1,4,1,False
Oregon,2023-02-05,Beverages,105298610,2023-02-05,101267059.0,110611156.0,125109130.0,104276762.14285715,3642038.433838348,2,5,1,False
Oregon,2023-02-12,Beverages,108981500,2023-02-12,105298610.0,109236205.0,126747931.0,103517827.0,2665623.9506296297,2,6,1,False
Oregon,2023-02-19,Beverages,105809683,2023-02-19,108981500.0,101850451.0,125456577.0,103481440.57142857,2587924.2983504417,2,7,1,False
Oregon,2023-02-26,Beverages,106451748,2023-02-26,105809683.0,103066966.0,131034950.0,104047045.14285715,2602270.7480606963,2,8,1,False
Oregon,2023-03-05,Beverages,112224784,2023-03-05,106451748.0,102630801.0,128095152.0,104530585.42857143,2688282.871303528,3,9,1,False
Oregon,2023-03-12,Beverages,117522384,2023-03-12,112224784.0,101274697.0,127640454.0,105901154.42857143,3645552.058295441,3,10,1,False
Oregon,2023-03-19,Beverages,115111039,2023-03-19,117522384.0,101267059.0,120792093.0,108222252.57142857,4913054.6355050625,3,11,1,False
Oregon,2023-03-26,Beverages,106516210,2023-03-26,115111039.0,105298610.0,122367501.0,110199964.0,4482792.566178471,3,12,1,False
Oregon,2023-04-02,Beverages,110131690,2023-04-02,106516210.0,108981500.0,124544284.0,110373906.85714285,4309507.496157031,4,13,2,False
Oregon,2023-04-09,Beverages,118297200,2023-04-09,110131690.0,105809683.0,117844182.0,110538219.71428572,4275075.02291634,4,14,2,False
Oregon,2023-04-16,Beverages,114781669,2023-04-16,118297200.0,106451748.0,111186797.0,112322150.71428572,4527688.0269759325,4,15,2,False
Oregon,2023-04-23,Beverages,112632065,2023-04-23,114781669.0,112224784.0,110628293.0,113512139.42857143,3876205.8451221236,4,16,2,False
Oregon,2023-04-30,Beverages,120727821,2023-04-30,112632065.0,117522384.0,112015851.0,113570322.42857143,3859466.1445453404,4,17,2,False
Oregon,2023-05-07,Beverages,124363371,2023-05-07,120727821.0,115111039.0,112790064.0,114028242.0,4446692.434424789,5,18,2,False
Pennsylvania,2020-05-03,Beverages,213421497,2020-05-03,203316194.0,238885114.0,213784018.0,213777588.14285713,13513675.10739423,5,18,2,False
Pennsylvania,2020-05-10,Beverages,218076035,2020-05-10,213421497.0,228595535.0,207743595.0,210139928.57142857,8907836.682135314,5,19,2,False
Pennsylvania,2020-05-17,Beverages,219999446,2020-05-17,218076035.0,198403019.0,198963636.0,208637142.85714287,6118014.4160742,5,20,2,False
Pennsylvania,2020-05-24,Beverages,234224919,2020-05-24,219999446.0,206165824.0,195191440.0,211722346.7142857,5602881.458588245,5,21,2,False
Pennsylvania,2020-05-31,Beverages,225286541,2020-05-31,234224919.0,211887569.0,198030518.0,215730788.85714287,9124249.639472427,5,22,2,False
Pennsylvania,2020-06-07,Beverages,234140846,2020-06-07,225286541.0,209189862.0,200157093.0,217644927.7142857,9514335.7066983,6,23,2,False
Pennsylvania,2020-06-14,Beverages,234741227,2020-06-14,234140846.0,203316194.0,202076105.0,221209354.0,10318840.800138876,6,24,2,False
Pennsylvania,2020-06-21,Beverages,227804732,2020-06-21,234741227.0,213421497.0,205134229.0,225698644.42857143,8169801.889959585,6,25,2,False
Pennsylvania,2020-06-28,Beverages,241926052,2020-06-28,227804732.0,218076035.0,197064569.0,227753392.2857143,6451721.531375527,6,26,2,False
Pennsylvania,2020-07-05,Beverages,256800832,2020-07-05,241926052.0,219999446.0,195489102.0,231160537.57142857,6732920.6291037565,7,27,3,False
Pennsylvania,2020-07-12,Beverages,236554855,2020-07-12,256800832.0,234224919.0,205556320.0,236417878.42857143,9685798.473504158,7,28,3,False
Pennsylvania,2020-07-19,Beverages,245054945,2020-07-19,236554855.0,225286541.0,213752120.0,236750726.42857143,9644665.597945668,7,29,3,False
Pennsylvania,2020-07-26,Beverages,236671014,2020-07-26,245054945.0,234140846.0,203141884.0,239574784.14285713,8724697.343906775,7,30,3,False
Pennsylvania,2020-08-02,Beverages,240341151,2020-08-02,236671014.0,234741227.0,196391974.0,239936236.7142857,8542599.702765446,8,31,3,False
Pennsylvania,2020-08-09,Beverages,234559739,2020-08-09,240341151.0,227804732.0,195521619.0,240736225.85714287,8276714.488061726,8,32,3,False
Pennsylvania,2020-08-16,Beverages,236828323,2020-08-16,234559739.0,241926052.0,203680243.0,241701226.85714287,7009533.172018077,8,33,3,False
Pennsylvania,2020-08-23,Beverages,232430387,2020-08-23,236828323.0,256800832.0,182683922.0,240972979.85714287,7210281.615585931,8,34,3,False
Pennsylvania,2020-08-30,Beverages,229315042,2020-08-30,232430387.0,236554855.0,192603195.0,237491487.7142857,3808385.5468419925,8,35,3,False
Pennsylvania,2020-09-06,Beverages,227652613,2020-09-06,229315042.0,245054945.0,197142390.0,236457228.7142857,4781149.671028048,9,36,3,False
Pennsylvania,2020-09-13,Beverages,224021083,2020-09-13,227652613.0,236671014.0,190861364.0,233971181.2857143,4146483.1064460035,9,37,3,False
Pennsylvania,2020-09-20,Beverages,218799935,2020-09-20,224021083.0,240341151.0,193068295.0,232164048.2857143,5199017.853907464,9,38,3,False
Pennsylvania,2020-09-27,Beverages,216568175,2020-09-27,218799935.0,234559739.0,200422700.0,229086731.7142857,5789817.177778347,9,39,3,False
Pennsylvania,2020-10-04,Beverages,219759186,2020-10-04,216568175.0,236828323.0,209827935.0,226516508.2857143,6710035.073514628,10,40,4,False
Pennsylvania,2020-10-11,Beverages,215291299,2020-10-11,219759186.0,232430387.0,238885114.0,224078060.14285713,5514625.633816621,10,41,4,False
Pennsylvania,2020-10-18,Beverages,209727400,2020-10-18,215291299.0,229315042.0,228595535.0,221629619.0,5047763.725663732,10,42,4,False
Pennsylvania,2020-10-25,Beverages,207682355,2020-10-25,209727400.0,227652613.0,198403019.0,218831384.42857143,5426728.873018727,10,43,4,False
Pennsylvania,2020-11-01,Beverages,205040628,2020-11-01,207682355.0,224021083.0,206165824.0,215978490.42857143,5286903.742698721,11,44,4,False
Pennsylvania,2020-11-08,Beverages,212199643,2020-11-08,205040628.0,218799935.0,211887569.0,213266996.85714287,5333822.2131846305,11,45,4,False
Pennsylvania,2020-11-15,Beverages,212590605,2020-11-15,212199643.0,216568175.0,209189862.0,212324098.0,4832184.477809909,11,46,4,False
Pennsylvania,2020-11-22,Beverages,218627512,2020-11-22,212590605.0,219759186.0,203316194.0,211755873.7142857,4523726.85041418,11,47,4,False
Pennsylvania,2020-11-29,Beverages,210388605,2020-11-29,218627512.0,215291299.0,213421497.0,211594206.0,4246547.881317277,11,48,4,False
Pennsylvania,2020-12-06,Beverages,199752213,2020-12-06,210388605.0,209727400.0,218076035.0,210893821.14285713,3974622.8364102505,12,49,4,False
Pennsylvania,2020-12-13,Beverages,215637351,2020-12-13,199752213.0,207682355.0,219999446.0,209468794.42857143,5595194.016979408,12,50,4,False
Pennsylvania,2020-12-20,Beverages,216383075,2020-12-20,215637351.0,205040628.0,234224919.0,210605222.42857143,5915630.829326577,12,51,4,False
Pennsylvania,2020-12-27,Beverages,214323880,2020-12-27,216383075.0,212199643.0,225286541.0,212225572.0,5719677.273730545,12,52,4,False
Pennsylvania,2021-01-03,Beverages,203326021,2021-01-03,214323880.0,212590605.0,234140846.0,212529034.42857143,5766412.041671589,1,53,1,False
Pennsylvania,2021-01-10,Beverages,203602343,2021-01-10,203326021.0,218627512.0,234741227.0,211205522.42857143,6602926.104306806,1,1,1,False
Pennsylvania,2021-01-17,Beverages,209376110,2021-01-17,203602343.0,210388605.0,227804732.0,209059069.7142857,6275371.649945584,1,2,1,False
Pennsylvania,2021-01-24,Beverages,197658988,2021-01-24,209376110.0,199752213.0,241926052.0,208914427.57142857,6254694.539018116,1,3,1,False
Pennsylvania,2021-01-31,Beverages,203994431,2021-01-31,197658988.0,215637351.0,256800832.0,208615395.42857143,6718431.247279116,1,4,1,False
Pennsylvania,2021-02-07,Beverages,206907756,2021-02-07,203994431.0,216383075.0,236554855.0,206952121.14285713,6194943.926038298,2,5,1,False
Pennsylvania,2021-02-14,Beverages,204289441,2021-02-14,206907756.0,214323880.0,245054945.0,205598504.14285713,4882540.855784706,2,6,1,False
Pennsylvania,2021-02-21,Beverages,200342851,2021-02-21,204289441.0,203326021.0,236671014.0,204165012.85714287,3339623.9749603355,2,7,1,False
Pennsylvania,2021-02-28,Beverages,208783568,2021-02-28,200342851.0,203602343.0,240341151.0,203738845.7142857,3599708.380037844,2,8,1,False
Pennsylvania,2021-03-07,Beverages,218227304,2021-03-07,208783568.0,209376110.0,234559739.0,204479020.7142857,4005369.2478934517,3,9,1,False
Pennsylvania,2021-03-14,Beverages,249366612,2021-03-14,218227304.0,197658988.0,236828323.0,205743477.0,6166067.763243734,3,10,1,False
Pennsylvania,2021-03-21,Beverages,240470033,2021-03-21,249366612.0,203994431.0,232430387.0,213130280.42857143,15683511.051041242,3,11,1,False
Pennsylvania,2021-03-28,Beverages,211715951,2021-03-28,240470033.0,206907756.0,229315042.0,218341080.7142857,17710928.3485773,3,12,1,False
Pennsylvania,2021-04-04,Beverages,219439092,2021-04-04,211715951.0,204289441.0,227652613.0,219027965.7142857,17343618.148905482,4,13,2,False
Pennsylvania,2021-04-11,Beverages,218655025,2021-04-11,219439092.0,200342851.0,224021083.0,221192201.57142857,16282177.502748536,4,14,2,False
Pennsylvania,2021-04-18,Beverages,214838318,2021-04-18,218655025.0,208783568.0,218799935.0,223808226.42857143,14038731.490054809,4,15,2,False
Pennsylvania,2021-04-25,Beverages,217674935,2021-04-25,214838318.0,218227304.0,216568175.0,224673190.7142857,13250787.721931158,4,16,2,False
Pennsylvania,2021-05-02,Beverages,228313605,2021-05-02,217674935.0,249366612.0,219759186.0,224594280.85714287,13290523.836349498,5,17,2,False
Pennsylvania,2021-05-09,Beverages,231070674,2021-05-09,228313605.0,240470033.0,215291299.0,221586708.42857143,9049962.157368423,5,18,2,False
Pennsylvania,2021-05-16,Beverages,234583162,2021-05-16,231070674.0,211715951.0,209727400.0,220243942.85714287,6481371.391259354,5,19,2,False
Pennsylvania,2021-05-23,Beverages,250456818,2021-05-23,234583162.0,219439092.0,207682355.0,223510687.2857143,7093683.832015394,5,20,2,False
Pennsylvania,2021-05-30,Beverages,244453366,2021-05-30,250456818.0,218655025.0,205040628.0,227941791.0,11491088.246199118,5,21,2,False
Pennsylvania,2021-06-06,Beverages,242433793,2021-06-06,244453366.0,214838318.0,212199643.0,231627268.2857143,12045299.320545657,6,22,2,False
Pennsylvania,2021-06-13,Beverages,254850786,2021-06-13,242433793.0,217674935.0,212590605.0,235569479.0,10293892.763216432,6,23,2,False
Pennsylvania,2021-06-20,Beverages,246575819,2021-06-20,254850786.0,228313605.0,218627512.0,240880314.85714287,9226273.428900518,6,24,2,False
Pennsylvania,2021-06-27,Beverages,249632549,2021-06-27,246575819.0,231070674.0,210388605.0,243489202.57142857,7771204.675515289,6,25,2,False
Pennsylvania,2021-07-04,Beverages,271012302,2021-07-04,249632549.0,234583162.0,199752213.0,246140899.0,6059723.5978713045,7,26,3,False
Pennsylvania,2021-07-11,Beverages,250707017,2021-07-11,271012302.0,250456818.0,215637351.0,251345061.85714287,8883885.699879868,7,27,3,False
Pennsylvania,2021-07-18,Beverages,256160105,2021-07-18,250707017.0,244453366.0,216383075.0,251380804.57142857,8880742.867884038,7,28,3,False
Pennsylvania,2021-07-25,Beverages,254291473,2021-07-25,256160105.0,242433793.0,214323880.0,253053195.85714287,8513411.405677078,7,29,3,False
Pennsylvania,2021-08-01,Beverages,253933316,2021-08-01,254291473.0,254850786.0,203326021.0,254747150.14285713,7329221.959504373,8,30,3,False
Pennsylvania,2021-08-08,Beverages,248997322,2021-08-08,253933316.0,246575819.0,203602343.0,254616083.0,7334398.379956958,8,31,3,False
Pennsylvania,2021-08-15,Beverages,256219968,2021-08-15,248997322.0,249632549.0,209376110.0,254962012.0,6996333.315648179,8,32,3,False
Pennsylvania,2021-08-22,Beverages,247056896,2021-08-22,256219968.0,271012302.0,197658988.0,255903071.85714287,6650680.748099787,8,33,3,False
Pennsylvania,2021-08-29,Beverages,250825139,2021-08-29,247056896.0,250707017.0,203994431.0,252480871.0,3329664.5419047833,8,34,3,False
Pennsylvania,2021-09-05,Beverages,247774680,2021-09-05,250825139.0,256160105.0,206907756.0,252497745.57142857,3320919.8148298664,9,35,3,False
Pennsylvania,2021-09-12,Beverages,240001312,2021-09-12,247774680.0,254291473.0,204289441.0,251299827.7142857,3296079.4974908656,9,36,3,False
Pennsylvania,2021-09-19,Beverages,238000028,2021-09-19,240001312.0,253933316.0,200342851.0,249258376.14285713,4863608.662850623,9,37,3,False
Pennsylvania,2021-09-26,Beverages,233962532,2021-09-26,238000028.0,248997322.0,208783568.0,246982192.14285713,5784351.668848795,9,38,3,False
Pennsylvania,2021-10-03,Beverages,341687183,2021-10-03,233962532.0,256219968.0,218227304.0,244834365.0,7244404.160134515,10,39,4,False
Pennsylvania,2021-10-10,Beverages,339686180,2021-10-10,341687183.0,247056896.0,249366612.0,257043967.14285713,34999358.0531067,10,40,4,False
Pennsylvania,2021-10-17,Beverages,328811498,2021-10-17,339686180.0,250825139.0,240470033.0,270276722.0,44847262.373933375,10,41,4,False
Pennsylvania,2021-10-24,Beverages,323821417,2021-10-24,328811498.0,247774680.0,211715951.0,281417630.4285714,48193146.568073034,10,42,4,False
Pennsylvania,2021-10-31,Beverages,319568517,2021-10-31,323821417.0,240001312.0,219439092.0,292281450.0,47955530.89688451,10,43,4,False
Pennsylvania,2021-11-07,Beverages,325928183,2021-11-07,319568517.0,238000028.0,218655025.0,303648193.5714286,43433169.98635838,11,44,4,False
Pennsylvania,2021-11-14,Beverages,332654785,2021-11-14,325928183.0,233962532.0,214838318.0,316209358.5714286,34407885.32629056,11,45,4,False
Pennsylvania,2021-11-21,Beverages,336849628,2021-11-21,332654785.0,341687183.0,217674935.0,330308251.85714287,7576071.678676664,11,46,4,False
Pennsylvania,2021-11-28,Beverages,314228014,2021-11-28,336849628.0,339686180.0,228313605.0,329617172.5714286,6673448.759263283,11,47,4,False
Pennsylvania,2021-12-05,Beverages,313904168,2021-12-05,314228014.0,328811498.0,231070674.0,325980291.71428573,7117357.081250839,12,48,4,False
Pennsylvania,2021-12-12,Beverages,331752966,2021-12-12,313904168.0,323821417.0,234583162.0,323850673.14285713,8112314.368259621,12,49,4,False
Pennsylvania,2021-12-19,Beverages,342758306,2021-12-19,331752966.0,319568517.0,250456818.0,324983751.5714286,8570096.017693356,12,50,4,False
Pennsylvania,2021-12-26,Beverages,334393038,2021-12-26,342758306.0,325928183.0,244453366.0,328296578.5714286,10169366.329566821,12,51,4,False
Pennsylvania,2022-01-02,Beverages,312074299,2022-01-02,334393038.0,332654785.0,242433793.0,329505843.5714286,10318037.935814539,1,52,1,False
Pennsylvania,2022-01-09,Beverages,312566272,2022-01-09,312074299.0,336849628.0,254850786.0,326565774.14285713,11824117.02668853,1,1,1,False
Pennsylvania,2022-01-16,Beverages,333199495,2022-01-16,312566272.0,314228014.0,246575819.0,323096723.28571427,11860236.189966327,1,2,1,False
Pennsylvania,2022-01-23,Beverages,303324800,2022-01-23,333199495.0,313904168.0,249632549.0,325806934.85714287,11690360.387672238,1,3,1,False
Pennsylvania,2022-01-30,Beverages,315496929,2022-01-30,303324800.0,331752966.0,271012302.0,324295596.5714286,13650919.419259494,1,4,1,False
Pennsylvania,2022-02-06,Beverages,318740775,2022-02-06,315496929.0,342758306.0,250707017.0,321973305.5714286,13567219.689675301,2,5,1,False
Pennsylvania,2022-02-13,Beverages,318755302,2022-02-13,318740775.0,334393038.0,256160105.0,318542229.71428573,10586468.39179054,2,6,1,False
Pennsylvania,2022-02-20,Beverages,310961557,2022-02-20,318755302.0,312074299.0,254291473.0,316308267.4285714,8437809.085159522,2,7,1,False
Pennsylvania,2022-02-27,Beverages,323065179,2022-02-27,310961557.0,312566272.0,253933316.0,316149304.28571427,8526096.861908752,2,8,1,False
Pennsylvania,2022-03-06,Beverages,325893348,2022-03-06,323065179.0,333199495.0,248997322.0,317649148.14285713,8685824.045314077,3,9,1,False
Pennsylvania,2022-03-13,Beverages,333847258,2022-03-13,325893348.0,303324800.0,256219968.0,316605412.85714287,7036970.085643119,3,10,1,False
Pennsylvania,2022-03-20,Beverages,331014707,2022-03-20,333847258.0,315496929.0,247056896.0,320965764.0,6912210.183533852,3,11,1,False
Pennsylvania,2022-03-27,Beverages,333173254,2022-03-27,331014707.0,318740775.0,250825139.0,323182589.4285714,7281320.932398689,3,12,1,False
Pennsylvania,2022-04-03,Beverages,341882200,2022-04-03,333173254.0,318755302.0,247774680.0,325244372.14285713,7759330.503874705,4,13,2,False
Pennsylvania,2022-04-10,Beverages,343808866,2022-04-10,341882200.0,310961557.0,240001312.0,328548214.71428573,9100644.587892734,4,14,2,False
Pennsylvania,2022-04-17,Beverages,355710750,2022-04-17,343808866.0,323065179.0,238000028.0,333240687.4285714,7063123.249773499,4,15,2,False
Pennsylvania,2022-04-24,Beverages,334455035,2022-04-24,355710750.0,325893348.0,233962532.0,337904340.4285714,9245300.700846374,4,16,2,False
Pennsylvania,2022-05-01,Beverages,352640398,2022-05-01,334455035.0,333847258.0,341687183.0,339127438.5714286,8066607.365238352,5,17,2,False
Pennsylvania,2022-05-08,Beverages,354632334,2022-05-08,352640398.0,331014707.0,339686180.0,341812172.85714287,8942325.19339894,5,18,2,False
Pennsylvania,2022-05-15,Beverages,361080994,2022-05-15,354632334.0,333173254.0,328811498.0,345186119.5714286,8683670.280871332,5,19,2,False
Pennsylvania,2022-05-22,Beverages,382457636,2022-05-22,361080994.0,341882200.0,323821417.0,349172939.5714286,8659576.570844207,5,20,2,False
Pennsylvania,2022-05-29,Beverages,373202808,2022-05-29,382457636.0,343808866.0,319568517.0,354969430.4285714,13858668.528857866,5,21,2,False
Pennsylvania,2022-06-05,Beverages,373086334,2022-06-05,373202808.0,355710750.0,325928183.0,359168565.0,14287395.0190091,6,22,2,False
Pennsylvania,2022-06-12,Beverages,373881703,2022-06-12,373086334.0,334455035.0,332654785.0,361650791.28571427,14964363.730605867,6,23,2,False
Pennsylvania,2022-06-19,Beverages,369264643,2022-06-19,373881703.0,352640398.0,336849628.0,367283172.4285714,10388491.52444887,6,24,2,False
Pennsylvania,2022-06-26,Beverages,376228591,2022-06-26,369264643.0,354632334.0,314228014.0,369658064.5714286,8497729.838885281,6,25,2,False
Pennsylvania,2022-07-03,Beverages,400773833,2022-07-03,376228591.0,361080994.0,313904168.0,372743244.14285713,6050393.072595696,7,26,3,False
Pennsylvania,2022-07-10,Beverages,374859760,2022-07-10,400773833.0,382457636.0,331752966.0,378413649.71428573,9862498.467879781,7,27,3,False
Pennsylvania,2022-07-17,Beverages,385936571,2022-07-17,374859760.0,373202808.0,342758306.0,377328238.85714287,9775418.311277138,7,28,3,False
Pennsylvania,2022-07-24,Beverages,380559276,2022-07-24,385936571.0,373086334.0,334393038.0,379147347.85714287,10020206.16961161,7,29,3,False
Pennsylvania,2022-07-31,Beverages,379297749,2022-07-31,380559276.0,373881703.0,312074299.0,380214911.0,9710903.565630674,7,30,3,False
Pennsylvania,2022-08-07,Beverages,380580838,2022-08-07,379297749.0,369264643.0,312566272.0,380988631.85714287,9385799.998145945,8,31,3,False
Pennsylvania,2022-08-14,Beverages,383793267,2022-08-14,380580838.0,376228591.0,333199495.0,382605231.14285713,8115886.709674203,8,32,3,False
Pennsylvania,2022-08-21,Beverages,376642047,2022-08-21,383793267.0,400773833.0,303324800.0,383685899.14285713,7687172.116051913,8,33,3,False
Pennsylvania,2022-08-28,Beverages,379061294,2022-08-28,376642047.0,374859760.0,315496929.0,380238501.14285713,3547127.705305153,8,34,3,False
Pennsylvania,2022-09-04,Beverages,378016232,2022-09-04,379061294.0,385936571.0,318740775.0,380838720.28571427,2878688.2911532694,9,35,3,False
Pennsylvania,2022-09-11,Beverages,363329344,2022-09-11,378016232.0,380559276.0,318755302.0,379707243.28571427,2105251.9615246337,9,36,3,False
Pennsylvania,2022-09-18,Beverages,365882492,2022-09-18,363329344.0,379297749.0,310961557.0,377245824.4285714,6048897.732943391,9,37,3,False
Pennsylvania,2022-09-25,Beverages,358012520,2022-09-25,365882492.0,380580838.0,323065179.0,375329359.14285713,7124697.50316495,9,38,3,False
Pennsylvania,2022-10-02,Beverages,358529095,2022-10-02,358012520.0,383793267.0,325893348.0,372105313.71428573,8903151.98451329,10,39,4,False
Pennsylvania,2022-10-09,Beverages,356804664,2022-10-09,358529095.0,376642047.0,333847258.0,368496146.28571427,8547227.141780319,10,40,4,False
Pennsylvania,2022-10-16,Beverages,352411073,2022-10-16,356804664.0,379061294.0,331014707.0,365662234.4285714,8664404.252738627,10,41,4,False
Pennsylvania,2022-10-23,Beverages,345996550,2022-10-23,352411073.0,378016232.0,333173254.0,361855060.0,7746886.464754424,10,42,4,False
Pennsylvania,2022-10-30,Beverages,343415692,2022-10-30,345996550.0,363329344.0,341882200.0,357280819.71428573,6140531.491084277,10,43,4,False
Pennsylvania,2022-11-06,Beverages,347145076,2022-11-06,343415692.0,365882492.0,343808866.0,354436012.28571427,7200689.493871043,11,44,4,False
Pennsylvania,2022-11-13,Beverages,351470197,2022-11-13,347145076.0,358012520.0,355710750.0,351759238.5714286,5793216.9173513735,11,45,4,False
Pennsylvania,2022-11-20,Beverages,353253113,2022-11-20,351470197.0,358529095.0,334455035.0,350824621.0,5207069.125329956,11,46,4,False
Pennsylvania,2022-11-27,Beverages,350124372,2022-11-27,353253113.0,356804664.0,352640398.0,350070909.28571427,4348350.532449685,11,47,4,False
Pennsylvania,2022-12-04,Beverages,329211860,2022-12-04,350124372.0,352411073.0,354632334.0,349116581.85714287,3394139.6194573003,12,48,4,False
Pennsylvania,2022-12-11,Beverages,349630225,2022-12-11,329211860.0,345996550.0,361080994.0,345802408.5714286,7455576.576729033,12,49,4,False
Pennsylvania,2022-12-18,Beverages,360122297,2022-12-18,349630225.0,343415692.0,382457636.0,346321505.0,7576539.114188061,12,50,4,False
Pennsylvania,2022-12-25,Beverages,373269582,2022-12-25,360122297.0,347145076.0,373202808.0,348708162.85714287,8815350.04724779,12,51,4,False
Pennsylvania,2023-01-01,Beverages,330275163,2023-01-01,373269582.0,351470197.0,373086334.0,352440235.14285713,12231658.573180918,1,52,1,False
Pennsylvania,2023-01-08,Beverages,330468915,2023-01-08,330275163.0,353253113.0,373881703.0,349412373.14285713,14508461.133412993,1,1,1,False
Pennsylvania,2023-01-15,Beverages,341977684,2023-01-15,330468915.0,350124372.0,369264643.0,346157487.71428573,15781596.338350113,1,2,1,False
Pennsylvania,2023-01-22,Beverages,325217205,2023-01-22,341977684.0,329211860.0,376228591.0,344993675.14285713,15746495.533701636,1,3,1,False
Pennsylvania,2023-01-29,Beverages,330353612,2023-01-29,325217205.0,349630225.0,400773833.0,344423010.14285713,16368211.017800137,1,4,1,False
Pennsylvania,2023-02-05,Beverages,335036733,2023-02-05,330353612.0,360122297.0,374859760.0,341669208.28571427,16874228.991138406,2,5,1,False
Pennsylvania,2023-02-12,Beverages,345049291,2023-02-12,335036733.0,373269582.0,385936571.0,338085556.28571427,15150448.093497157,2,6,1,False
Pennsylvania,2023-02-19,Beverages,337598545,2023-02-19,345049291.0,330275163.0,380559276.0,334054086.14285713,6585278.13876749,2,7,1,False
Pennsylvania,2023-02-26,Beverages,342074422,2023-02-26,337598545.0,330468915.0,379297749.0,335100283.5714286,6482751.203969768,2,8,1,False
Pennsylvania,2023-03-05,Beverages,354015329,2023-03-05,342074422.0,341977684.0,380580838.0,336758213.14285713,6569739.731066962,3,9,1,False
Pennsylvania,2023-03-12,Beverages,382958015,2023-03-12,354015329.0,325217205.0,383793267.0,338477876.71428573,8880112.87752981,3,10,1,False
Pennsylvania,2023-03-19,Beverages,373630833,2023-03-19,382958015.0,330353612.0,376642047.0,346726563.85714287,16380939.46181111,3,11,1,False
Pennsylvania,2023-03-26,Beverages,341287098,2023-03-26,373630833.0,335036733.0,379061294.0,352909024.0,17182020.067623112,3,12,1,False
Pennsylvania,2023-04-02,Beverages,352480721,2023-04-02,341287098.0,345049291.0,378016232.0,353801933.28571427,16373419.507772796,4,13,2,False
Pennsylvania,2023-04-09,Beverages,364103216,2023-04-09,352480721.0,337598545.0,363329344.0,354863566.14285713,16008343.669569323,4,14,2,False
Pennsylvania,2023-04-16,Beverages,370426792,2023-04-16,364103216.0,342074422.0,365882492.0,358649947.71428573,14544526.932783995,4,15,2,False
Pennsylvania,2023-04-23,Beverages,359074415,2023-04-23,370426792.0,354015329.0,358012520.0,362700286.28571427,13255253.172728494,4,16,2,False
Pennsylvania,2023-04-30,Beverages,361037223,2023-04-30,359074415.0,382958015.0,358529095.0,363423012.85714287,12895039.358265068,4,17,2,False
Pennsylvania,2023-05-07,Beverages,370133894,2023-05-07,361037223.0,373630833.0,356804664.0,360291471.14285713,10137653.224639513,5,18,2,False
Rhode Island,2020-05-03,Beverages,15581453,2020-05-03,14217016.0,16069508.0,14853671.0,15218702.42857143,1019839.3490375964,5,18,2,False
Rhode Island,2020-05-10,Beverages,15969129,2020-05-10,15581453.0,17031395.0,13852111.0,15148980.285714285,974986.8644671623,5,19,2,False
Rhode Island,2020-05-17,Beverages,15895282,2020-05-17,15969129.0,14606410.0,13265842.0,14997228.0,719340.2894949724,5,20,2,False
Rhode Island,2020-05-24,Beverages,16903672,2020-05-24,15895282.0,15614828.0,13320632.0,15181352.57142857,759567.7753826706,5,21,2,False
Rhode Island,2020-05-31,Beverages,17519944,2020-05-31,16903672.0,15083521.0,13856303.0,15365473.142857144,969519.9851246977,5,22,2,False
Rhode Island,2020-06-07,Beverages,17506767,2020-06-07,17519944.0,13908239.0,14151732.0,15713533.57142857,1212671.680967511,6,23,2,False
Rhode Island,2020-06-14,Beverages,17243950,2020-06-14,17506767.0,14217016.0,13802172.0,16227609.0,1095490.1744769006,6,24,2,False
Rhode Island,2020-06-21,Beverages,17104333,2020-06-21,17243950.0,15581453.0,14064840.0,16660028.142857144,763661.4496237019,6,25,2,False
Rhode Island,2020-06-28,Beverages,17784393,2020-06-28,17104333.0,15969129.0,13851887.0,16877582.42857143,630762.0180781152,6,26,2,False
Rhode Island,2020-07-05,Beverages,19947248,2020-07-05,17784393.0,15895282.0,14346931.0,17136905.85714286,574618.1788775468,7,27,3,False
Rhode Island,2020-07-12,Beverages,17818041,2020-07-12,19947248.0,16903672.0,13660736.0,17715758.14285714,950353.748951622,7,28,3,False
Rhode Island,2020-07-19,Beverages,17530224,2020-07-19,17818041.0,17519944.0,14871015.0,17846382.285714287,890725.623104781,7,29,3,False
Rhode Island,2020-07-26,Beverages,17701064,2020-07-26,17530224.0,17506767.0,14479431.0,17847850.85714286,890194.5180624621,7,30,3,False
Rhode Island,2020-08-02,Beverages,18638117,2020-08-02,17701064.0,17243950.0,14508723.0,17875607.57142857,882119.1284490302,8,31,3,False
Rhode Island,2020-08-09,Beverages,18287971,2020-08-09,18638117.0,17104333.0,13460213.0,18074774.285714287,874372.9817082012,8,32,3,False
Rhode Island,2020-08-16,Beverages,17104953,2020-08-16,18287971.0,17784393.0,13821909.0,18243865.42857143,779674.8979818695,8,33,3,False
Rhode Island,2020-08-23,Beverages,16266953,2020-08-23,17104953.0,19947248.0,13665331.0,18146802.57142857,868110.3324777534,8,34,3,False
Rhode Island,2020-08-30,Beverages,16170664,2020-08-30,16266953.0,17818041.0,13718697.0,17621046.14285714,720376.9608570994,8,35,3,False
Rhode Island,2020-09-06,Beverages,17064048,2020-09-06,16170664.0,17530224.0,14421601.0,17385706.57142857,870936.2080588656,9,36,3,False
Rhode Island,2020-09-13,Beverages,15562258,2020-09-13,17064048.0,17701064.0,13245522.0,17319110.0,875152.4255552599,9,37,3,False
Rhode Island,2020-09-20,Beverages,14909112,2020-09-20,15562258.0,18638117.0,13451281.0,17013566.285714287,1045287.639025869,9,38,3,False
Rhode Island,2020-09-27,Beverages,15194353,2020-09-27,14909112.0,18287971.0,14290557.0,16480851.285714285,1031742.6074994543,9,39,3,False
Rhode Island,2020-10-04,Beverages,15666300,2020-10-04,15194353.0,17104953.0,15533226.0,16038905.857142856,799431.5392339037,10,40,4,False
Rhode Island,2020-10-11,Beverages,14882506,2020-10-11,15666300.0,16266953.0,16069508.0,15833384.0,674043.1820731267,10,41,4,False
Rhode Island,2020-10-18,Beverages,14269881,2020-10-18,14882506.0,16170664.0,17031395.0,15635605.857142856,719395.8790616441,10,42,4,False
Rhode Island,2020-10-25,Beverages,14485540,2020-10-25,14269881.0,17064048.0,14606410.0,15364065.42857143,818141.6882543984,10,43,4,False
Rhode Island,2020-11-01,Beverages,14239757,2020-11-01,14485540.0,15562258.0,15614828.0,14995707.142857144,480705.15960973426,11,44,4,False
Rhode Island,2020-11-08,Beverages,15522272,2020-11-08,14239757.0,14909112.0,15083521.0,14806778.42857143,480797.6236741704,11,45,4,False
Rhode Island,2020-11-15,Beverages,14661992,2020-11-15,15522272.0,15194353.0,13908239.0,14894372.714285715,543259.2203148575,11,46,4,False
Rhode Island,2020-11-22,Beverages,14731990,2020-11-22,14661992.0,15666300.0,14217016.0,14818321.142857144,533109.4496493603,11,47,4,False
Rhode Island,2020-11-29,Beverages,15360322,2020-11-29,14731990.0,14882506.0,15581453.0,14684848.285714285,405871.1435292711,11,48,4,False
Rhode Island,2020-12-06,Beverages,14258437,2020-12-06,15360322.0,14269881.0,15969129.0,14753107.714285715,468691.2501239833,12,49,4,False
Rhode Island,2020-12-13,Beverages,14656353,2020-12-13,14258437.0,14485540.0,15895282.0,14751472.857142856,470390.83513711154,12,50,4,False
Rhode Island,2020-12-20,Beverages,15210314,2020-12-20,14656353.0,14239757.0,16903672.0,14775874.714285715,460284.40164086106,12,51,4,False
Rhode Island,2020-12-27,Beverages,15734816,2020-12-27,15210314.0,15522272.0,17519944.0,14914525.714285715,422539.71978121356,12,52,4,False
Rhode Island,2021-01-03,Beverages,14645230,2021-01-03,15734816.0,14661992.0,17506767.0,14944889.142857144,470082.93250455323,1,53,1,False
Rhode Island,2021-01-10,Beverages,14421115,2021-01-10,14645230.0,14731990.0,17243950.0,14942494.57142857,471558.27009720035,1,1,1,False
Rhode Island,2021-01-17,Beverages,14687264,2021-01-17,14421115.0,15360322.0,17104333.0,14898083.857142856,502890.03580549074,1,2,1,False
Rhode Island,2021-01-24,Beverages,14649492,2021-01-24,14687264.0,14258437.0,17784393.0,14801932.714285715,468486.0620480279,1,3,1,False
Rhode Island,2021-01-31,Beverages,14322677,2021-01-31,14649492.0,14656353.0,19947248.0,14857797.714285715,421283.519172099,1,4,1,False
Rhode Island,2021-02-07,Beverages,15657542,2021-02-07,14322677.0,15210314.0,17818041.0,14810129.714285715,458604.5858375757,2,5,1,False
Rhode Island,2021-02-14,Beverages,14493827,2021-02-14,15657542.0,15734816.0,17530224.0,14874019.42857143,534738.1219363745,2,6,1,False
Rhode Island,2021-02-21,Beverages,14463612,2021-02-21,14493827.0,14645230.0,17701064.0,14696735.285714285,411475.0274606441,2,7,1,False
Rhode Island,2021-02-28,Beverages,14868786,2021-02-28,14463612.0,14421115.0,18638117.0,14670789.857142856,419551.35946557927,2,8,1,False
Rhode Island,2021-03-07,Beverages,16310885,2021-03-07,14868786.0,14687264.0,18287971.0,14734742.857142856,410643.82158458204,3,9,1,False
Rhode Island,2021-03-14,Beverages,17329532,2021-03-14,16310885.0,14649492.0,17104953.0,14966688.714285715,685125.2320906501,3,10,1,False
Rhode Island,2021-03-21,Beverages,18108325,2021-03-21,17329532.0,14322677.0,16266953.0,15349551.57142857,1051672.3383776147,3,11,1,False
Rhode Island,2021-03-28,Beverages,15849364,2021-03-28,18108325.0,15657542.0,16170664.0,15890358.42857143,1322938.1801111097,3,12,1,False
Rhode Island,2021-04-04,Beverages,16257946,2021-04-04,15849364.0,14493827.0,17064048.0,15917761.57142857,1319814.8423635324,4,13,2,False
Rhode Island,2021-04-11,Beverages,16436425,2021-04-11,16257946.0,14463612.0,15562258.0,16169778.57142857,1185443.0353590199,4,14,2,False
Rhode Island,2021-04-18,Beverages,15576968,2021-04-18,16436425.0,14868786.0,14909112.0,16451609.0,959242.5245021852,4,15,2,False
Rhode Island,2021-04-25,Beverages,16104316,2021-04-25,15576968.0,16310885.0,15194353.0,16552777.857142856,813198.7818533932,4,16,2,False
Rhode Island,2021-05-02,Beverages,16583194,2021-05-02,16104316.0,17329532.0,15666300.0,16523268.0,825102.2337478984,5,17,2,False
Rhode Island,2021-05-09,Beverages,17442900,2021-05-09,16583194.0,18108325.0,14882506.0,16416648.285714285,759653.2118963544,5,18,2,False
Rhode Island,2021-05-16,Beverages,17397104,2021-05-16,17442900.0,15849364.0,14269881.0,16321587.57142857,556478.431879129,5,19,2,False
Rhode Island,2021-05-23,Beverages,18587102,2021-05-23,17397104.0,16257946.0,14485540.0,16542693.285714285,627831.1925657352,5,20,2,False
Rhode Island,2021-05-30,Beverages,18426786,2021-05-30,18587102.0,16436425.0,14239757.0,16875429.85714286,932181.3616511815,5,21,2,False
Rhode Island,2021-06-06,Beverages,18711194,2021-06-06,18426786.0,15576968.0,15522272.0,17159767.14285714,1050903.1089033766,6,22,2,False
Rhode Island,2021-06-13,Beverages,19207115,2021-06-13,18711194.0,16104316.0,14661992.0,17607513.714285713,943331.0758739528,6,23,2,False
Rhode Island,2021-06-20,Beverages,18857727,2021-06-20,19207115.0,16583194.0,14731990.0,18050770.714285713,857979.200517384,6,24,2,False
Rhode Island,2021-06-27,Beverages,18958249,2021-06-27,18857727.0,17442900.0,15360322.0,18375704.0,644894.6440226543,6,25,2,False
Rhode Island,2021-07-04,Beverages,19914190,2021-07-04,18958249.0,17397104.0,14258437.0,18592182.42857143,541481.9239263409,7,26,3,False
Rhode Island,2021-07-11,Beverages,18920025,2021-07-11,19914190.0,18587102.0,14656353.0,18951766.14285714,457759.63015375775,7,27,3,False
Rhode Island,2021-07-18,Beverages,17901416,2021-07-18,18920025.0,18426786.0,15210314.0,18999326.57142857,434083.72390124574,7,28,3,False
Rhode Island,2021-07-25,Beverages,19150496,2021-07-25,17901416.0,18711194.0,15734816.0,18924273.714285713,555128.7048782269,7,29,3,False
Rhode Island,2021-08-01,Beverages,19169356,2021-08-01,19150496.0,19207115.0,14645230.0,18987031.14285714,552317.0992522713,8,30,3,False
Rhode Island,2021-08-08,Beverages,19610358,2021-08-08,19169356.0,18857727.0,14421115.0,18981637.0,550322.1159080135,8,31,3,False
Rhode Island,2021-08-15,Beverages,18919593,2021-08-15,19610358.0,18958249.0,14687264.0,19089155.714285713,587852.691592815,8,32,3,False
Rhode Island,2021-08-22,Beverages,18521347,2021-08-22,18919593.0,19914190.0,14649492.0,19083633.42857143,589236.4291236553,8,33,3,False
Rhode Island,2021-08-29,Beverages,17802863,2021-08-29,18521347.0,18920025.0,14322677.0,18884655.85714286,504210.0296132795,8,34,3,False
Rhode Island,2021-09-05,Beverages,18013919,2021-09-05,17802863.0,17901416.0,15657542.0,18725061.285714287,629095.2797053547,9,35,3,False
Rhode Island,2021-09-12,Beverages,17732145,2021-09-12,18013919.0,19150496.0,14493827.0,18741133.14285714,608962.7901299695,9,36,3,False
Rhode Island,2021-09-19,Beverages,16507187,2021-09-19,17732145.0,19169356.0,14463612.0,18538511.57142857,671771.6845884364,9,37,3,False
Rhode Island,2021-09-26,Beverages,16466648,2021-09-26,16507187.0,19610358.0,14868786.0,18158201.714285713,916110.26183361,9,38,3,False
Rhode Island,2021-10-03,Beverages,23725178,2021-10-03,16466648.0,18919593.0,16310885.0,17709100.285714287,863179.9614567624,10,39,4,False
Rhode Island,2021-10-10,Beverages,23868671,2021-10-10,23725178.0,18521347.0,17329532.0,18395612.42857143,2287992.3675562404,10,40,4,False
Rhode Island,2021-10-17,Beverages,22798438,2021-10-17,23868671.0,17802863.0,18108325.0,19159515.85714286,2988025.75348705,10,41,4,False
Rhode Island,2021-10-24,Beverages,22549742,2021-10-24,22798438.0,18013919.0,15849364.0,19873169.42857143,3169817.993229196,10,42,4,False
Rhode Island,2021-10-31,Beverages,22111739,2021-10-31,22549742.0,17732145.0,16257946.0,20521144.14285714,3187080.0055602635,10,43,4,False
Rhode Island,2021-11-07,Beverages,23698831,2021-11-07,22111739.0,16507187.0,16436425.0,21146800.42857143,3002706.1127927615,11,44,4,False
Rhode Island,2021-11-14,Beverages,23191647,2021-11-14,23698831.0,16466648.0,15576968.0,22174178.14285714,2411639.054219512,11,45,4,False
Rhode Island,2021-11-21,Beverages,23742344,2021-11-21,23191647.0,23725178.0,16104316.0,23134892.285714287,622272.4929617799,11,46,4,False
Rhode Island,2021-11-28,Beverages,22516816,2021-11-28,23742344.0,23868671.0,16583194.0,23137344.57142857,624623.2754046158,11,47,4,False
Rhode Island,2021-12-05,Beverages,22869123,2021-12-05,22516816.0,22798438.0,17442900.0,22944222.42857143,575726.1106814519,12,48,4,False
Rhode Island,2021-12-12,Beverages,23300978,2021-12-12,22869123.0,22549742.0,17397104.0,22954320.285714287,573696.900956336,12,49,4,False
Rhode Island,2021-12-19,Beverages,24223428,2021-12-19,23300978.0,22111739.0,18587102.0,23061639.714285713,558027.4830056048,12,50,4,False
Rhode Island,2021-12-26,Beverages,24309917,2021-12-26,24223428.0,23698831.0,18426786.0,23363309.57142857,533207.3353618152,12,51,4,False
Rhode Island,2022-01-02,Beverages,22264587,2022-01-02,24309917.0,23191647.0,18711194.0,23450607.57142857,623391.0543554099,1,52,1,False
Rhode Island,2022-01-09,Beverages,22772787,2022-01-09,22264587.0,23742344.0,19207115.0,23318170.42857143,749963.9883920229,1,1,1,False
Rhode Island,2022-01-16,Beverages,22890137,2022-01-16,22772787.0,22516816.0,18857727.0,23179662.285714287,748364.904612862,1,2,1,False
Rhode Island,2022-01-23,Beverages,22572809,2022-01-23,22890137.0,22869123.0,18958249.0,23232993.85714286,711627.9234662583,1,3,1,False
Rhode Island,2022-01-30,Beverages,23319592,2022-01-30,22572809.0,23300978.0,19914190.0,23190663.285714287,740250.8275847536,1,4,1,False
Rhode Island,2022-02-06,Beverages,23357314,2022-02-06,23319592.0,24223428.0,18920025.0,23193322.42857143,740675.6369379092,2,5,1,False
Rhode Island,2022-02-13,Beverages,22953702,2022-02-13,23357314.0,24309917.0,17901416.0,23069591.85714286,620922.5579898166,2,6,1,False
Rhode Island,2022-02-20,Beverages,22272307,2022-02-20,22953702.0,22264587.0,19150496.0,22875846.85714286,360768.6011354724,2,7,1,False
Rhode Island,2022-02-27,Beverages,22907791,2022-02-27,22272307.0,22772787.0,19169356.0,22876949.714285713,358905.3032894964,2,8,1,False
Rhode Island,2022-03-06,Beverages,24059181,2022-03-06,22907791.0,22890137.0,19610358.0,22896236.0,356408.4144520581,3,9,1,False
Rhode Island,2022-03-13,Beverages,23462552,2022-03-13,24059181.0,22572809.0,18919593.0,23063242.285714287,540681.4330336121,3,10,1,False
Rhode Island,2022-03-20,Beverages,23950719,2022-03-20,23462552.0,23319592.0,18521347.0,23190348.42857143,514390.9746363957,3,11,1,False
Rhode Island,2022-03-27,Beverages,23741771,2022-03-27,23950719.0,23357314.0,17802863.0,23280509.42857143,580239.2347992024,3,12,1,False
Rhode Island,2022-04-03,Beverages,25065172,2022-04-03,23741771.0,22953702.0,18013919.0,23335431.85714286,602671.5488040387,4,13,2,False
Rhode Island,2022-04-10,Beverages,25080892,2022-04-10,25065172.0,22272307.0,17732145.0,23637070.42857143,823916.9040733012,4,14,2,False
Rhode Island,2022-04-17,Beverages,23816899,2022-04-17,25080892.0,22907791.0,16507187.0,24038296.85714286,741334.3605559516,4,15,2,False
Rhode Island,2022-04-24,Beverages,23825887,2022-04-24,23816899.0,24059181.0,16466648.0,24168169.42857143,597607.3440253894,4,16,2,False
Rhode Island,2022-05-01,Beverages,25106485,2022-05-01,23825887.0,23462552.0,23725178.0,24134841.714285713,609149.921846794,5,17,2,False
Rhode Island,2022-05-08,Beverages,26216069,2022-05-08,25106485.0,23950719.0,23868671.0,24369689.285714287,621460.1392914213,5,18,2,False
Rhode Island,2022-05-15,Beverages,26284223,2022-05-15,26216069.0,23741771.0,22798438.0,24693310.714285713,862219.3190410106,5,19,2,False
Rhode Island,2022-05-22,Beverages,27833790,2022-05-22,26284223.0,25065172.0,22549742.0,25056518.14285714,918546.3437002567,5,20,2,False
Rhode Island,2022-05-29,Beverages,27658681,2022-05-29,27833790.0,25080892.0,22111739.0,25452035.0,1337600.2332490857,5,21,2,False
Rhode Island,2022-06-05,Beverages,28181142,2022-06-05,27658681.0,23816899.0,23698831.0,25820290.57142857,1526268.791603575,6,22,2,False
Rhode Island,2022-06-12,Beverages,28026795,2022-06-12,28181142.0,23825887.0,23191647.0,26443753.85714286,1470936.1143957058,6,23,2,False
Rhode Island,2022-06-19,Beverages,27233550,2022-06-19,28026795.0,25106485.0,23742344.0,27043883.57142857,1087413.3153562343,6,24,2,False
Rhode Island,2022-06-26,Beverages,27730959,2022-06-26,27233550.0,26216069.0,22516816.0,27347750.0,747700.3327879832,6,25,2,False
Rhode Island,2022-07-03,Beverages,31263263,2022-07-03,27730959.0,26284223.0,22869123.0,27564162.85714286,591812.7228293751,7,26,3,False
Rhode Island,2022-07-10,Beverages,29295752,2022-07-10,31263263.0,27833790.0,23300978.0,28275454.285714287,1251013.500371306,7,27,3,False
Rhode Island,2022-07-17,Beverages,27964640,2022-07-17,29295752.0,27658681.0,24223428.0,28484306.0,1281508.6121641877,7,28,3,False
Rhode Island,2022-07-24,Beverages,29127141,2022-07-24,27964640.0,28181142.0,24309917.0,28528014.42857143,1257598.2429780334,7,29,3,False
Rhode Island,2022-07-31,Beverages,29307271,2022-07-31,29127141.0,28026795.0,22264587.0,28663157.14285714,1263875.0322212314,7,30,3,False
Rhode Island,2022-08-07,Beverages,30340206,2022-08-07,29307271.0,27233550.0,22772787.0,28846082.285714287,1251134.0746001974,8,31,3,False
Rhode Island,2022-08-14,Beverages,28191073,2022-08-14,30340206.0,27730959.0,22890137.0,29289890.285714287,1147092.0889328546,8,32,3,False
Rhode Island,2022-08-21,Beverages,28164176,2022-08-21,28191073.0,31263263.0,22572809.0,29355620.85714286,1066210.3076590605,8,33,3,False
Rhode Island,2022-08-28,Beverages,27354433,2022-08-28,28164176.0,29295752.0,23319592.0,28912894.14285714,789758.0677222305,8,34,3,False
Rhode Island,2022-09-04,Beverages,28296567,2022-09-04,27354433.0,27964640.0,23357314.0,28635562.85714286,934257.3169175517,9,35,3,False
Rhode Island,2022-09-11,Beverages,26219165,2022-09-11,28296567.0,29127141.0,22953702.0,28682981.0,907027.9951984815,9,36,3,False
Rhode Island,2022-09-18,Beverages,25401322,2022-09-18,26219165.0,29307271.0,22272307.0,28267555.85714286,1220302.2646372973,9,37,3,False
Rhode Island,2022-09-25,Beverages,24647727,2022-09-25,25401322.0,30340206.0,22907791.0,27709563.14285714,1482216.5438834839,9,38,3,False
Rhode Island,2022-10-02,Beverages,24908515,2022-10-02,24647727.0,28191073.0,24059181.0,26896351.85714286,1373428.022874637,10,39,4,False
Rhode Island,2022-10-09,Beverages,25367581,2022-10-09,24908515.0,28164176.0,23462552.0,26427415.0,1411180.4500929755,10,40,4,False
Rhode Island,2022-10-16,Beverages,24305334,2022-10-16,25367581.0,27354433.0,23950719.0,26027901.42857143,1249550.9775928622,10,41,4,False
Rhode Island,2022-10-23,Beverages,24293167,2022-10-23,24305334.0,28296567.0,23741771.0,25592315.85714286,1242638.467418045,10,42,4,False
Rhode Island,2022-10-30,Beverages,23709244,2022-10-30,24293167.0,26219165.0,25065172.0,25020401.57142857,643013.4838510004,10,43,4,False
Rhode Island,2022-11-06,Beverages,25600521,2022-11-06,23709244.0,25401322.0,25080892.0,24661841.42857143,570263.9952585665,11,44,4,False
Rhode Island,2022-11-13,Beverages,24777328,2022-11-13,25600521.0,24647727.0,23816899.0,24690298.42857143,610038.2173474854,11,45,4,False
Rhode Island,2022-11-20,Beverages,24545419,2022-11-20,24777328.0,24908515.0,23825887.0,24708812.85714286,610431.7813396396,11,46,4,False
Rhode Island,2022-11-27,Beverages,25523523,2022-11-27,24545419.0,25367581.0,25106485.0,24656942.0,606673.7442377533,11,47,4,False
Rhode Island,2022-12-04,Beverages,24246399,2022-12-04,25523523.0,24305334.0,26216069.0,24679219.42857143,634581.0854533004,12,48,4,False
Rhode Island,2022-12-11,Beverages,25189012,2022-12-11,24246399.0,24293167.0,26284223.0,24670800.14285714,639854.7934819574,12,49,4,False
Rhode Island,2022-12-18,Beverages,25134440,2022-12-18,25189012.0,23709244.0,27833790.0,24798778.0,641113.7086640077,12,50,4,False
Rhode Island,2022-12-25,Beverages,27164719,2022-12-25,25134440.0,25600521.0,27658681.0,25002377.42857143,464850.67678335885,12,51,4,False
Rhode Island,2023-01-01,Beverages,23545999,2023-01-01,27164719.0,24777328.0,28181142.0,25225834.285714287,884874.2955436088,1,52,1,False
Rhode Island,2023-01-08,Beverages,24992025,2023-01-08,23545999.0,24545419.0,28026795.0,25049930.14285714,1061340.8270999328,1,1,1,False
Rhode Island,2023-01-15,Beverages,23889254,2023-01-15,24992025.0,25523523.0,27233550.0,25113731.0,1042348.8671252154,1,2,1,False
Rhode Island,2023-01-22,Beverages,23757841,2023-01-22,23889254.0,24246399.0,27730959.0,24880264.0,1105525.3880411938,1,3,1,False
Rhode Island,2023-01-29,Beverages,24385607,2023-01-29,23757841.0,25189012.0,31263263.0,24810470.0,1157537.7081718573,1,4,1,False
Rhode Island,2023-02-05,Beverages,24833609,2023-02-05,24385607.0,25134440.0,29295752.0,24695697.85714286,1154139.18636065,2,5,1,False
Rhode Island,2023-02-12,Beverages,24628163,2023-02-12,24833609.0,27164719.0,27964640.0,24652722.0,1142544.6021789785,2,6,1,False
Rhode Island,2023-02-19,Beverages,24154151,2023-02-19,24628163.0,23545999.0,29127141.0,24290356.85714286,522244.0473502779,2,7,1,False
Rhode Island,2023-02-26,Beverages,24253798,2023-02-26,24154151.0,24992025.0,29307271.0,24377235.714285713,434382.9416949794,2,8,1,False
Rhode Island,2023-03-05,Beverages,26251443,2023-03-05,24253798.0,23889254.0,30340206.0,24271774.714285713,354609.77064985514,3,9,1,False
Rhode Island,2023-03-12,Beverages,27144883,2023-03-12,26251443.0,23757841.0,28191073.0,24609230.285714287,742184.729783457,3,10,1,False
Rhode Island,2023-03-19,Beverages,27579680,2023-03-19,27144883.0,24385607.0,28164176.0,25093093.42857143,1063798.6783481217,3,11,1,False
Rhode Island,2023-03-26,Beverages,25041537,2023-03-26,27579680.0,24833609.0,27354433.0,25549389.57142857,1317291.9156399623,3,12,1,False
Rhode Island,2023-04-02,Beverages,25506948,2023-04-02,25041537.0,24628163.0,28296567.0,25579093.57142857,1303084.365848551,4,13,2,False
Rhode Island,2023-04-09,Beverages,27104665,2023-04-09,25506948.0,24154151.0,26219165.0,25704634.285714287,1246527.4500918025,4,14,2,False
Rhode Island,2023-04-16,Beverages,26660282,2023-04-16,27104665.0,24253798.0,25401322.0,26126136.285714287,1145753.327756606,4,15,2,False
Rhode Island,2023-04-23,Beverages,26266039,2023-04-23,26660282.0,26251443.0,24647727.0,26469919.714285713,857038.6292401695,4,16,2,False
Rhode Island,2023-04-30,Beverages,26462619,2023-04-30,26266039.0,27144883.0,24908515.0,26472004.85714286,856522.1471823034,4,17,2,False
Rhode Island,2023-05-07,Beverages,28258432,2023-05-07,26462619.0,27579680.0,25367581.0,26374538.57142857,812072.8927099861,5,18,2,False
South Carolina,2020-05-03,Beverages,116196588,2020-05-03,108820075.0,121301348.0,114383017.0,111081832.42857143,4968958.864944873,5,18,2,False
South Carolina,2020-05-10,Beverages,115219472,2020-05-10,116196588.0,115236524.0,107997409.0,110352581.0,3602250.049401333,5,19,2,False
South Carolina,2020-05-17,Beverages,118588431,2020-05-17,115219472.0,105584122.0,102885416.0,110350145.0,3598950.7432989287,5,20,2,False
South Carolina,2020-05-24,Beverages,122171669,2020-05-24,118588431.0,109700821.0,98847771.0,112207903.42857143,3993971.1977212676,5,21,2,False
South Carolina,2020-05-31,Beverages,118551509,2020-05-31,122171669.0,108773507.0,101518325.0,113989453.14285715,5105128.623886819,5,22,2,False
South Carolina,2020-06-07,Beverages,122039883,2020-06-07,118551509.0,108156430.0,101041837.0,115386310.57142857,4816402.816168939,6,23,2,False
South Carolina,2020-06-14,Beverages,118707107,2020-06-14,122039883.0,108820075.0,98576580.0,117369661.0,4256881.036974963,6,24,2,False
South Carolina,2020-06-21,Beverages,119479062,2020-06-21,118707107.0,116196588.0,100831193.0,118782094.14285715,2437089.0859768353,6,25,2,False
South Carolina,2020-06-28,Beverages,126408582,2020-06-28,119479062.0,115219472.0,97713917.0,119251019.0,2198620.0548304636,6,26,2,False
South Carolina,2020-07-05,Beverages,132593655,2020-07-05,126408582.0,118588431.0,99273973.0,120849463.28571428,2697344.6986283725,7,27,3,False
South Carolina,2020-07-12,Beverages,122574667,2020-07-12,132593655.0,122171669.0,97227124.0,122850209.57142857,4716574.893602999,7,28,3,False
South Carolina,2020-07-19,Beverages,129859709,2020-07-19,122574667.0,118551509.0,106241375.0,122907780.71428572,4710396.653527295,7,29,3,False
South Carolina,2020-07-26,Beverages,124835596,2020-07-26,129859709.0,122039883.0,97728797.0,124523237.85714285,4875582.714083356,7,30,3,False
South Carolina,2020-08-02,Beverages,125876673,2020-08-02,124835596.0,118707107.0,96859134.0,124922625.42857143,4769143.242172341,8,31,3,False
South Carolina,2020-08-09,Beverages,125700126,2020-08-09,125876673.0,119479062.0,97732879.0,125946849.14285715,4038164.1650064383,8,32,3,False
South Carolina,2020-08-16,Beverages,126603502,2020-08-16,125700126.0,126408582.0,96976761.0,126835572.57142857,3090242.3673153324,8,33,3,False
South Carolina,2020-08-23,Beverages,120757152,2020-08-23,126603502.0,132593655.0,93453835.0,126863418.28571428,3087146.008316698,8,34,3,False
South Carolina,2020-08-30,Beverages,126932494,2020-08-30,120757152.0,122574667.0,97486877.0,125172489.28571428,2703159.059473549,8,35,3,False
South Carolina,2020-09-06,Beverages,123513393,2020-09-06,126932494.0,129859709.0,99428920.0,125795036.0,2529411.7721480536,9,36,3,False
South Carolina,2020-09-13,Beverages,120250377,2020-09-13,123513393.0,124835596.0,98121232.0,124888419.42857143,1989835.6113356755,9,37,3,False
South Carolina,2020-09-20,Beverages,114240209,2020-09-20,120250377.0,125876673.0,96624312.0,124233388.14285715,2569638.820611535,9,38,3,False
South Carolina,2020-09-27,Beverages,114367165,2020-09-27,114240209.0,125700126.0,102674942.0,122571036.14285715,4209524.077866594,9,39,3,False
South Carolina,2020-10-04,Beverages,118393333,2020-10-04,114367165.0,126603502.0,105918812.0,120952041.71428572,4828560.099055018,10,40,4,False
South Carolina,2020-10-11,Beverages,115546164,2020-10-11,118393333.0,120757152.0,121301348.0,119779160.42857143,4279241.951598148,10,41,4,False
South Carolina,2020-10-18,Beverages,111258894,2020-10-18,115546164.0,126932494.0,115236524.0,119034733.57142857,4492310.471291014,10,42,4,False
South Carolina,2020-10-25,Beverages,109199832,2020-10-25,111258894.0,123513393.0,105584122.0,116795647.85714285,3859320.8320965767,10,43,4,False
South Carolina,2020-11-01,Beverages,108607871,2020-11-01,109199832.0,120250377.0,109700821.0,114750853.42857143,3536756.583991151,11,44,4,False
South Carolina,2020-11-08,Beverages,109323980,2020-11-08,108607871.0,114240209.0,108773507.0,113087638.28571428,3288247.715422916,11,45,4,False
South Carolina,2020-11-15,Beverages,107385644,2020-11-15,109323980.0,114367165.0,108156430.0,112385319.85714285,3486134.9346952094,11,46,4,False
South Carolina,2020-11-22,Beverages,111742859,2020-11-22,107385644.0,118393333.0,108820075.0,111387959.71428572,3764076.7261923403,11,47,4,False
South Carolina,2020-11-29,Beverages,106117751,2020-11-29,111742859.0,115546164.0,116196588.0,110437892.0,2504573.337013615,11,48,4,False
South Carolina,2020-12-06,Beverages,104097292,2020-12-06,106117751.0,111258894.0,115219472.0,109090975.85714285,1843138.1223355576,12,49,4,False
South Carolina,2020-12-13,Beverages,107007214,2020-12-13,104097292.0,109199832.0,118588431.0,108067889.85714285,2289422.3105792874,12,50,4,False
South Carolina,2020-12-20,Beverages,111763892,2020-12-20,107007214.0,108607871.0,122171669.0,107754658.71428572,2262966.6252955887,12,51,4,False
South Carolina,2020-12-27,Beverages,103647586,2020-12-27,111763892.0,109323980.0,118551509.0,108205518.85714285,2666463.1975245965,12,52,4,False
South Carolina,2021-01-03,Beverages,105691763,2021-01-03,103647586.0,107385644.0,122039883.0,107394605.42857143,3039993.288713474,1,53,1,False
South Carolina,2021-01-10,Beverages,105420670,2021-01-10,105691763.0,111742859.0,118707107.0,107152622.42857143,3097939.776028158,1,1,1,False
South Carolina,2021-01-17,Beverages,105451570,2021-01-17,105420670.0,106117751.0,119479062.0,106249452.57142857,2489979.7155940016,1,2,1,False
South Carolina,2021-01-24,Beverages,101756190,2021-01-24,105451570.0,104097292.0,126408582.0,106154283.85714285,2505874.9425274716,1,3,1,False
South Carolina,2021-01-31,Beverages,102663345,2021-01-31,101756190.0,107007214.0,132593655.0,105819840.71428572,2885553.0086070946,1,4,1,False
South Carolina,2021-02-07,Beverages,105642956,2021-02-07,102663345.0,111763892.0,122574667.0,105199288.0,3027090.1476642676,2,5,1,False
South Carolina,2021-02-14,Beverages,104817841,2021-02-14,105642956.0,103647586.0,129859709.0,104324868.57142857,1506816.5872166764,2,6,1,False
South Carolina,2021-02-21,Beverages,102379033,2021-02-21,104817841.0,105691763.0,124835596.0,104492047.85714285,1487190.127692596,2,7,1,False
South Carolina,2021-02-28,Beverages,108628107,2021-02-28,102379033.0,105420670.0,125876673.0,104018800.71428572,1555631.0931717306,2,8,1,False
South Carolina,2021-03-07,Beverages,112826155,2021-03-07,108628107.0,105451570.0,125700126.0,104477006.0,2228090.7599042044,3,9,1,False
South Carolina,2021-03-14,Beverages,130590731,2021-03-14,112826155.0,101756190.0,126603502.0,105530518.14285715,3698262.4922030778,3,10,1,False
South Carolina,2021-03-21,Beverages,124498179,2021-03-21,130590731.0,102663345.0,120757152.0,109649738.28571428,9186425.635116698,3,11,1,False
South Carolina,2021-03-28,Beverages,114332167,2021-03-28,124498179.0,105642956.0,126932494.0,112769000.28571428,9959136.8255999,3,12,1,False
South Carolina,2021-04-04,Beverages,119123090,2021-04-04,114332167.0,104817841.0,123513393.0,114010316.14285715,9525662.870008826,4,13,2,False
South Carolina,2021-04-11,Beverages,120645103,2021-04-11,119123090.0,102379033.0,120250377.0,116053923.14285715,8844468.182837073,4,14,2,False
South Carolina,2021-04-18,Beverages,118708738,2021-04-18,120645103.0,108628107.0,114240209.0,118663361.71428572,6907391.967155762,4,15,2,False
South Carolina,2021-04-25,Beverages,117551690,2021-04-25,118708738.0,112826155.0,114367165.0,120103451.85714285,5590337.97860595,4,16,2,False
South Carolina,2021-05-02,Beverages,123593132,2021-05-02,117551690.0,130590731.0,118393333.0,120778528.28571428,4915362.110523617,5,17,2,False
South Carolina,2021-05-09,Beverages,125587920,2021-05-09,123593132.0,124498179.0,115546164.0,119778871.28571428,3246381.851532191,5,18,2,False
South Carolina,2021-05-16,Beverages,125512878,2021-05-16,125587920.0,114332167.0,111258894.0,119934548.57142857,3486227.9989269893,5,19,2,False
South Carolina,2021-05-23,Beverages,129573465,2021-05-23,125512878.0,119123090.0,109199832.0,121531793.0,3092600.6442350983,5,20,2,False
South Carolina,2021-05-30,Beverages,129965455,2021-05-30,129573465.0,120645103.0,108607871.0,123024703.71428572,3967986.405877777,5,21,2,False
South Carolina,2021-06-06,Beverages,131297261,2021-06-06,129965455.0,118708738.0,109323980.0,124356182.57142857,4477181.671577796,6,22,2,False
South Carolina,2021-06-13,Beverages,132205677,2021-06-13,131297261.0,117551690.0,107385644.0,126154543.0,4374640.033991733,6,23,2,False
South Carolina,2021-06-20,Beverages,132108080,2021-06-20,132205677.0,123593132.0,111742859.0,128247969.71428572,3068094.4080917547,6,24,2,False
South Carolina,2021-06-27,Beverages,133108994,2021-06-27,132108080.0,125587920.0,106117751.0,129464390.85714285,2639469.578011663,6,25,2,False
South Carolina,2021-07-04,Beverages,142350228,2021-07-04,133108994.0,125512878.0,104097292.0,130538830.0,2358654.793171348,7,26,3,False
South Carolina,2021-07-11,Beverages,132319092,2021-07-11,142350228.0,129573465.0,107007214.0,132944165.71428572,4012341.9764627037,7,27,3,False
South Carolina,2021-07-18,Beverages,139656336,2021-07-18,132319092.0,129965455.0,111763892.0,133336398.14285715,3791802.9418627108,7,28,3,False
South Carolina,2021-07-25,Beverages,135020319,2021-07-25,139656336.0,131297261.0,103647586.0,134720809.7142857,4067406.6132303206,7,29,3,False
South Carolina,2021-08-01,Beverages,137103834,2021-08-01,135020319.0,132205677.0,105691763.0,135252675.14285713,3820909.2051091916,8,30,3,False
South Carolina,2021-08-08,Beverages,132733260,2021-08-08,137103834.0,132108080.0,105420670.0,135952411.85714287,3643205.049371783,8,31,3,False
South Carolina,2021-08-15,Beverages,138477665,2021-08-15,132733260.0,133108994.0,105451570.0,136041723.2857143,3554450.264004345,8,32,3,False
South Carolina,2021-08-22,Beverages,131830740,2021-08-22,138477665.0,142350228.0,101756190.0,136808676.2857143,3415389.7371750064,8,33,3,False
South Carolina,2021-08-29,Beverages,133754231,2021-08-29,131830740.0,132319092.0,102663345.0,135305892.2857143,2925668.309623753,8,34,3,False
South Carolina,2021-09-05,Beverages,139602832,2021-09-05,133754231.0,139656336.0,105642956.0,135510912.14285713,2754455.876047181,9,35,3,False
South Carolina,2021-09-12,Beverages,130647182,2021-09-12,139602832.0,135020319.0,104817841.0,135503268.7142857,2742992.381103543,9,36,3,False
South Carolina,2021-09-19,Beverages,126337749,2021-09-19,130647182.0,137103834.0,102379033.0,134878534.85714287,3235613.022594055,9,37,3,False
South Carolina,2021-09-26,Beverages,121546105,2021-09-26,126337749.0,132733260.0,108628107.0,133340522.71428572,4221019.490008464,9,38,3,False
South Carolina,2021-10-03,Beverages,180723407,2021-10-03,121546105.0,138477665.0,112826155.0,131742357.71428572,5923074.013545415,10,39,4,False
South Carolina,2021-10-10,Beverages,176599858,2021-10-10,180723407.0,131830740.0,130590731.0,137777463.7142857,18300667.178577352,10,40,4,False
South Carolina,2021-10-17,Beverages,177044108,2021-10-17,176599858.0,133754231.0,124498179.0,144173052.0,22455959.637751218,10,41,4,False
South Carolina,2021-10-24,Beverages,169100035,2021-10-24,177044108.0,139602832.0,114332167.0,150357320.14285713,24594218.67911208,10,42,4,False
South Carolina,2021-10-31,Beverages,166307533,2021-10-31,169100035.0,130647182.0,119123090.0,154571206.2857143,24915461.743029065,10,43,4,False
South Carolina,2021-11-07,Beverages,166607824,2021-11-07,166307533.0,126337749.0,120645103.0,159665542.14285713,23081155.76154763,11,44,4,False
South Carolina,2021-11-14,Beverages,169313002,2021-11-14,166607824.0,121546105.0,118708738.0,165418410.0,18650788.26584015,11,45,4,False
South Carolina,2021-11-21,Beverages,172579093,2021-11-21,169313002.0,180723407.0,117551690.0,172242252.42857143,5337177.463844173,11,46,4,False
South Carolina,2021-11-28,Beverages,159627451,2021-11-28,172579093.0,176599858.0,123593132.0,171078779.0,4107589.295388489,11,47,4,False
South Carolina,2021-12-05,Beverages,162585900,2021-12-05,159627451.0,177044108.0,125587920.0,168654149.42857143,5037074.384231681,12,48,4,False
South Carolina,2021-12-12,Beverages,162995925,2021-12-12,162585900.0,169100035.0,125512878.0,166588691.14285713,4038639.255507697,12,49,4,False
South Carolina,2021-12-19,Beverages,171199262,2021-12-19,162995925.0,166307533.0,129573465.0,165716675.42857143,4061183.67684714,12,50,4,False
South Carolina,2021-12-26,Beverages,166981961,2021-12-26,171199262.0,166607824.0,129965455.0,166415493.85714287,4499900.038101426,12,51,4,False
South Carolina,2022-01-02,Beverages,163551098,2022-01-02,166981961.0,169313002.0,131297261.0,166468942.0,4504087.02787332,1,52,1,False
South Carolina,2022-01-09,Beverages,162783064,2022-01-09,163551098.0,172579093.0,132205677.0,165645812.85714287,4435086.485009506,1,1,1,False
South Carolina,2022-01-16,Beverages,167542161,2022-01-16,162783064.0,159627451.0,132108080.0,164246380.14285713,3466286.9993627616,1,2,1,False
South Carolina,2022-01-23,Beverages,157956138,2022-01-23,167542161.0,162585900.0,133108994.0,165377053.0,3039848.1211135294,1,3,1,False
South Carolina,2022-01-30,Beverages,159023663,2022-01-30,157956138.0,162995925.0,142350228.0,164715658.42857143,3944292.098537186,1,4,1,False
South Carolina,2022-02-06,Beverages,165738850,2022-02-06,159023663.0,171199262.0,132319092.0,164148192.42857143,4409231.976781821,2,5,1,False
South Carolina,2022-02-13,Beverages,164866135,2022-02-13,165738850.0,166981961.0,139656336.0,163368133.57142857,3477323.540551288,2,6,1,False
South Carolina,2022-02-20,Beverages,163508228,2022-02-20,164866135.0,163551098.0,135020319.0,163065872.7142857,3233467.4280073335,2,7,1,False
South Carolina,2022-02-27,Beverages,172198536,2022-02-27,163508228.0,162783064.0,137103834.0,163059748.42857143,3232583.0743642794,2,8,1,False
South Carolina,2022-03-06,Beverages,175873738,2022-03-06,172198536.0,167542161.0,132733260.0,164404815.85714287,4534370.213310548,3,9,1,False
South Carolina,2022-03-13,Beverages,177614299,2022-03-13,175873738.0,157956138.0,138477665.0,165595041.14285713,6043891.598462101,3,10,1,False
South Carolina,2022-03-20,Beverages,176316871,2022-03-20,177614299.0,159023663.0,131830740.0,168403349.85714287,6398704.25437947,3,11,1,False
South Carolina,2022-03-27,Beverages,178770773,2022-03-27,176316871.0,165738850.0,133754231.0,170873808.14285713,5587320.534609405,3,12,1,False
South Carolina,2022-04-03,Beverages,181076192,2022-04-03,178770773.0,164866135.0,139602832.0,172735511.42857143,5735350.783306629,4,13,2,False
South Carolina,2022-04-10,Beverages,187262382,2022-04-10,181076192.0,163508228.0,130647182.0,175051233.85714287,5350054.935762447,4,14,2,False
South Carolina,2022-04-17,Beverages,189212253,2022-04-17,187262382.0,172198536.0,126337749.0,178444684.42857143,4401691.590308658,4,15,2,False
South Carolina,2022-04-24,Beverages,184741953,2022-04-24,189212253.0,175873738.0,121546105.0,180875215.42857143,4945387.723471977,4,16,2,False
South Carolina,2022-05-01,Beverages,191013792,2022-05-01,184741953.0,177614299.0,180723407.0,182142103.2857143,4627555.158705161,5,17,2,False
South Carolina,2022-05-08,Beverages,192637660,2022-05-08,191013792.0,176316871.0,176599858.0,184056316.57142857,5105406.499822424,5,18,2,False
South Carolina,2022-05-15,Beverages,191201415,2022-05-15,192637660.0,178770773.0,177044108.0,186387857.85714287,4753105.340061134,5,19,2,False
South Carolina,2022-05-22,Beverages,203399074,2022-05-22,191201415.0,181076192.0,169100035.0,188163663.85714287,3802630.9428977882,5,20,2,False
South Carolina,2022-05-29,Beverages,203009781,2022-05-29,203399074.0,187262382.0,166307533.0,191352647.0,5502183.788700104,5,21,2,False
South Carolina,2022-06-05,Beverages,198193324,2022-06-05,203009781.0,189212253.0,166607824.0,193602275.42857143,6498910.831490865,6,22,2,False
South Carolina,2022-06-12,Beverages,199979552,2022-06-12,198193324.0,184741953.0,169313002.0,194885285.57142857,6391216.280901299,6,23,2,False
South Carolina,2022-06-19,Beverages,206203991,2022-06-19,199979552.0,191013792.0,172579093.0,197062085.42857143,5011824.166181464,6,24,2,False
South Carolina,2022-06-26,Beverages,206761069,2022-06-26,206203991.0,192637660.0,159627451.0,199232113.85714287,5207934.752748176,6,25,2,False
South Carolina,2022-07-03,Beverages,212484199,2022-07-03,206761069.0,191201415.0,162585900.0,201249743.7142857,4993719.239608873,7,26,3,False
South Carolina,2022-07-10,Beverages,203704957,2022-07-10,212484199.0,203399074.0,162995925.0,204290141.42857143,4393120.769979538,7,27,3,False
South Carolina,2022-07-17,Beverages,206196711,2022-07-17,203704957.0,203009781.0,171199262.0,204333839.0,4385554.925081057,7,28,3,False
South Carolina,2022-07-24,Beverages,204000301,2022-07-24,206196711.0,198193324.0,166981961.0,204789114.7142857,4389888.945474666,7,29,3,False
South Carolina,2022-07-31,Beverages,209504320,2022-07-31,204000301.0,199979552.0,163551098.0,205618682.85714287,3529434.666970204,7,30,3,False
South Carolina,2022-08-07,Beverages,209825158,2022-08-07,209504320.0,206203991.0,162783064.0,206979364.0,2866968.793819443,8,31,3,False
South Carolina,2022-08-14,Beverages,211971500,2022-08-14,209825158.0,206761069.0,167542161.0,207496673.57142857,3003822.476816612,8,32,3,False
South Carolina,2022-08-21,Beverages,201723507,2022-08-21,211971500.0,212484199.0,157956138.0,208241020.85714287,3354426.363854919,8,33,3,False
South Carolina,2022-08-28,Beverages,208685841,2022-08-28,201723507.0,203704957.0,159023663.0,206703779.14285713,3519270.9294223706,8,34,3,False
South Carolina,2022-09-04,Beverages,207052636,2022-09-04,208685841.0,206196711.0,165738850.0,207415334.0,3339981.5628387225,9,35,3,False
South Carolina,2022-09-11,Beverages,198776568,2022-09-11,207052636.0,204000301.0,164866135.0,207537609.0,3308650.7278953437,9,36,3,False
South Carolina,2022-09-18,Beverages,200168053,2022-09-18,198776568.0,209504320.0,163508228.0,206791361.42857143,4423561.605219441,9,37,3,False
South Carolina,2022-09-25,Beverages,200145634,2022-09-25,200168053.0,209825158.0,172198536.0,205457609.0,4796294.439771381,9,38,3,False
South Carolina,2022-10-02,Beverages,202964629,2022-10-02,200145634.0,211971500.0,175873738.0,204074819.85714287,4732681.75122864,10,39,4,False
South Carolina,2022-10-09,Beverages,192621234,2022-10-09,202964629.0,201723507.0,177614299.0,202788124.0,3465622.986008894,10,40,4,False
South Carolina,2022-10-16,Beverages,192750334,2022-10-16,192621234.0,208685841.0,176316871.0,201487799.2857143,4992424.706427346,10,41,4,False
South Carolina,2022-10-23,Beverages,186735843,2022-10-23,192750334.0,207052636.0,178770773.0,199211298.2857143,4821446.561575656,10,42,4,False
South Carolina,2022-10-30,Beverages,180597389,2022-10-30,186735843.0,198776568.0,181076192.0,196308899.2857143,5317187.714960825,10,43,4,False
South Carolina,2022-11-06,Beverages,183072080,2022-11-06,180597389.0,200168053.0,187262382.0,193711873.7142857,7478137.375204436,11,44,4,False
South Carolina,2022-11-13,Beverages,182848873,2022-11-13,183072080.0,200145634.0,189212253.0,191269591.85714287,7757278.101814155,11,45,4,False
South Carolina,2022-11-20,Beverages,186596158,2022-11-20,182848873.0,202964629.0,184741953.0,188798626.0,7276304.212219386,11,46,4,False
South Carolina,2022-11-27,Beverages,179285281,2022-11-27,186596158.0,192621234.0,191013792.0,186460273.0,4416077.476483105,11,47,4,False
South Carolina,2022-12-04,Beverages,178047572,2022-12-04,179285281.0,192750334.0,192637660.0,184555136.85714287,4219486.184781441,12,48,4,False
South Carolina,2022-12-11,Beverages,179660743,2022-12-11,178047572.0,186735843.0,191201415.0,182454742.2857143,3138106.5336276214,12,49,4,False
South Carolina,2022-12-18,Beverages,187471223,2022-12-18,179660743.0,180597389.0,203399074.0,181444013.7142857,2706119.8178991615,12,50,4,False
South Carolina,2022-12-25,Beverages,186801489,2022-12-25,187471223.0,183072080.0,203009781.0,182425990.0,3383196.4528238527,12,51,4,False
South Carolina,2023-01-01,Beverages,178693691,2023-01-01,186801489.0,182848873.0,198193324.0,182958762.7142857,3719884.0136311967,1,52,1,False
South Carolina,2023-01-08,Beverages,176995113,2023-01-08,178693691.0,186596158.0,199979552.0,182365165.2857143,4010254.9821379823,1,1,1,False
South Carolina,2023-01-15,Beverages,182273982,2023-01-15,176995113.0,179285281.0,206203991.0,180993587.42857143,3970293.199462516,1,2,1,False
South Carolina,2023-01-22,Beverages,171650115,2023-01-22,182273982.0,178047572.0,206761069.0,181420544.7142857,3924058.547068635,1,3,1,False
South Carolina,2023-01-29,Beverages,171331528,2023-01-29,171650115.0,179660743.0,212484199.0,180506622.2857143,5155097.626872805,1,4,1,False
South Carolina,2023-02-05,Beverages,178638946,2023-02-05,171331528.0,187471223.0,203704957.0,179316734.42857143,6089583.992310795,2,5,1,False
South Carolina,2023-02-12,Beverages,180928462,2023-02-12,178638946.0,186801489.0,206196711.0,178054980.57142857,5104630.756425434,2,6,1,False
South Carolina,2023-02-19,Beverages,179619574,2023-02-19,180928462.0,178693691.0,204000301.0,177215976.7142857,3950203.9665112956,2,7,1,False
South Carolina,2023-02-26,Beverages,185148805,2023-02-26,179619574.0,176995113.0,209504320.0,177348245.7142857,4012479.7181944284,2,8,1,False
South Carolina,2023-03-05,Beverages,193419521,2023-03-05,185148805.0,182273982.0,209825158.0,178513058.85714287,4839221.443787261,3,9,1,False
South Carolina,2023-03-12,Beverages,206941748,2023-03-12,193419521.0,171650115.0,211971500.0,180105278.7142857,7113752.992716179,3,10,1,False
South Carolina,2023-03-19,Beverages,199129767,2023-03-19,206941748.0,171331528.0,201723507.0,185146940.57142857,10856309.43477384,3,11,1,False
South Carolina,2023-03-26,Beverages,188420756,2023-03-26,199129767.0,178638946.0,208685841.0,189118117.57142857,10136766.636220383,3,12,1,False
South Carolina,2023-04-02,Beverages,195832713,2023-04-02,188420756.0,180928462.0,207052636.0,190515519.0,9229474.725265265,4,13,2,False
South Carolina,2023-04-09,Beverages,197534798,2023-04-09,195832713.0,179619574.0,198776568.0,192644697.7142857,8459225.750293177,4,14,2,False
South Carolina,2023-04-16,Beverages,197670443,2023-04-16,197534798.0,185148805.0,200168053.0,195204015.42857143,6647426.8378741825,4,15,2,False
South Carolina,2023-04-23,Beverages,198810907,2023-04-23,197670443.0,193419521.0,200145634.0,196992820.85714287,5235800.104329163,4,16,2,False
South Carolina,2023-04-30,Beverages,200954411,2023-04-30,198810907.0,206941748.0,202964629.0,197763018.85714287,5046636.075741196,4,17,2,False
South Carolina,2023-05-07,Beverages,207827572,2023-05-07,200954411.0,199129767.0,192621234.0,196907685.0,3762493.338354788,5,18,2,False
South Dakota,2020-05-03,Beverages,17620604,2020-05-03,16518924.0,17515040.0,15271120.0,16485005.57142857,553034.2018342188,5,18,2,False
South Dakota,2020-05-10,Beverages,17242993,2020-05-10,17620604.0,16883066.0,15392179.0,16500086.142857144,581617.043899142,5,19,2,False
South Dakota,2020-05-17,Beverages,17720866,2020-05-17,17242993.0,15718331.0,15676481.0,16551504.285714285,627316.1597273812,5,20,2,False
South Dakota,2020-05-24,Beverages,18289917,2020-05-24,17720866.0,16010215.0,15250300.0,16837580.714285713,638640.2948790266,5,21,2,False
South Dakota,2020-05-31,Beverages,17591968,2020-05-31,18289917.0,16171240.0,14897185.0,17163252.42857143,710868.9036187032,5,22,2,False
South Dakota,2020-06-07,Beverages,19638362,2020-06-07,17591968.0,16578223.0,15098715.0,17366213.57142857,591450.757652964,6,23,2,False
South Dakota,2020-06-14,Beverages,19909808,2020-06-14,19638362.0,16518924.0,16008107.0,17803376.285714287,898621.8544097786,6,24,2,False
South Dakota,2020-06-21,Beverages,19448822,2020-06-21,19909808.0,17620604.0,15467801.0,18287788.285714287,985415.1157918903,6,25,2,False
South Dakota,2020-06-28,Beverages,20706381,2020-06-28,19448822.0,17242993.0,14701327.0,18548962.285714287,1015781.3361213087,6,26,2,False
South Dakota,2020-07-05,Beverages,21446684,2020-07-05,20706381.0,17720866.0,14563391.0,19043732.0,1099220.6526171882,7,27,3,False
South Dakota,2020-07-12,Beverages,19797094,2020-07-12,21446684.0,18289917.0,16064025.0,19575991.714285713,1224692.5758947385,7,28,3,False
South Dakota,2020-07-19,Beverages,20270769,2020-07-19,19797094.0,17591968.0,16742201.0,19791302.714285713,1106441.5032717092,7,29,3,False
South Dakota,2020-07-26,Beverages,19649057,2020-07-26,20270769.0,19638362.0,15095225.0,20173988.57142857,647761.5387961157,7,30,3,False
South Dakota,2020-08-02,Beverages,19718838,2020-08-02,19649057.0,19909808.0,14584980.0,20175516.42857143,646507.7690655236,8,31,3,False
South Dakota,2020-08-09,Beverages,20181077,2020-08-09,19718838.0,19448822.0,15167398.0,20148235.0,661011.1682576272,8,32,3,False
South Dakota,2020-08-16,Beverages,20104885,2020-08-16,20181077.0,20706381.0,14677693.0,20252842.85714286,596878.8795405084,8,33,3,False
South Dakota,2020-08-23,Beverages,19444087,2020-08-23,20104885.0,21446684.0,14904570.0,20166914.85714286,567999.007804442,8,34,3,False
South Dakota,2020-08-30,Beverages,18701635,2020-08-30,19444087.0,19797094.0,15408970.0,19880829.57142857,285386.3614741774,8,35,3,False
South Dakota,2020-09-06,Beverages,18294091,2020-09-06,18701635.0,20270769.0,14295837.0,19724335.42857143,504575.1963404841,9,36,3,False
South Dakota,2020-09-13,Beverages,17251460,2020-09-13,18294091.0,19649057.0,15171292.0,19441952.85714286,651482.1521825637,9,37,3,False
South Dakota,2020-09-20,Beverages,17797392,2020-09-20,17251460.0,19718838.0,15018603.0,19099439.0,993202.583072446,9,38,3,False
South Dakota,2020-09-27,Beverages,17283572,2020-09-27,17797392.0,20181077.0,15685229.0,18824946.714285713,1048087.2892864932,9,39,3,False
South Dakota,2020-10-04,Beverages,16607853,2020-10-04,17283572.0,20104885.0,16445448.0,18411017.42857143,1001911.9753720103,10,40,4,False
South Dakota,2020-10-11,Beverages,16853967,2020-10-11,16607853.0,19444087.0,17515040.0,17911441.42857143,899362.8374147711,10,41,4,False
South Dakota,2020-10-18,Beverages,16674281,2020-10-18,16853967.0,18701635.0,16883066.0,17541424.285714287,704357.4083283943,10,42,4,False
South Dakota,2020-10-25,Beverages,15660179,2020-10-25,16674281.0,18294091.0,15718331.0,17251802.285714287,572153.5466864669,10,43,4,False
South Dakota,2020-11-01,Beverages,15798141,2020-11-01,15660179.0,17251460.0,16010215.0,16875529.14285714,626480.6849556529,11,44,4,False
South Dakota,2020-11-08,Beverages,16533416,2020-11-08,15798141.0,17797392.0,16171240.0,16667912.142857144,703567.8270231119,11,45,4,False
South Dakota,2020-11-15,Beverages,16589583,2020-11-15,16533416.0,17283572.0,16578223.0,16487344.142857144,531733.6412878237,11,46,4,False
South Dakota,2020-11-22,Beverages,16721167,2020-11-22,16589583.0,16607853.0,16518924.0,16388202.857142856,428761.6185230792,11,47,4,False
South Dakota,2020-11-29,Beverages,15436615,2020-11-29,16721167.0,16853967.0,17620604.0,16404390.57142857,438771.0628471894,11,48,4,False
South Dakota,2020-12-06,Beverages,15634339,2020-12-06,15436615.0,16674281.0,17242993.0,16201911.714285715,506405.69528853445,12,49,4,False
South Dakota,2020-12-13,Beverages,16783125,2020-12-13,15634339.0,15660179.0,17720866.0,16053348.57142857,498517.2427957613,12,50,4,False
South Dakota,2020-12-20,Beverages,17144205,2020-12-20,16783125.0,15798141.0,18289917.0,16213769.42857143,526102.0343060549,12,51,4,False
South Dakota,2020-12-27,Beverages,16142224,2020-12-27,17144205.0,16533416.0,17591968.0,16406064.285714285,582065.9794291935,12,52,4,False
South Dakota,2021-01-03,Beverages,15773717,2021-01-03,16142224.0,16589583.0,19638362.0,16350179.714285715,585922.6266363129,1,53,1,False
South Dakota,2021-01-10,Beverages,15912125,2021-01-10,15773717.0,16721167.0,19909808.0,16233627.42857143,607458.5878238396,1,1,1,False
South Dakota,2021-01-17,Beverages,15851077,2021-01-17,15912125.0,15436615.0,19448822.0,16118050.0,580049.6943428066,1,2,1,False
South Dakota,2021-01-24,Beverages,15560399,2021-01-24,15851077.0,15634339.0,20706381.0,16177258.857142856,526115.7718200152,1,3,1,False
South Dakota,2021-01-31,Beverages,15736581,2021-01-31,15560399.0,16783125.0,21446684.0,16166696.0,537528.4353836107,1,4,1,False
South Dakota,2021-02-07,Beverages,15619897,2021-02-07,15736581.0,17144205.0,19797094.0,16017189.714285715,488599.60628470563,2,5,1,False
South Dakota,2021-02-14,Beverages,15643630,2021-02-14,15619897.0,16142224.0,20270769.0,15799431.42857143,180021.57666077613,2,6,1,False
South Dakota,2021-02-21,Beverages,15564950,2021-02-21,15643630.0,15773717.0,19649057.0,15728203.714285715,118386.7774872056,2,7,1,False
South Dakota,2021-02-28,Beverages,16320595,2021-02-28,15564950.0,15912125.0,19718838.0,15698379.857142856,128986.2021715284,2,8,1,False
South Dakota,2021-03-07,Beverages,17167338,2021-03-07,16320595.0,15851077.0,20181077.0,15756732.714285715,249024.2067413973,3,9,1,False
South Dakota,2021-03-14,Beverages,18900494,2021-03-14,17167338.0,15560399.0,20104885.0,15944770.0,556454.5509494494,3,10,1,False
South Dakota,2021-03-21,Beverages,17838606,2021-03-21,18900494.0,15736581.0,19444087.0,16421926.42857143,1144072.123609732,3,11,1,False
South Dakota,2021-03-28,Beverages,16660802,2021-03-28,17838606.0,15619897.0,18701635.0,16722215.714285715,1199307.7904702304,3,12,1,False
South Dakota,2021-04-04,Beverages,17655542,2021-04-04,16660802.0,15643630.0,18294091.0,16870916.42857143,1114979.5650536455,4,13,2,False
South Dakota,2021-04-11,Beverages,17329849,2021-04-11,17655542.0,15564950.0,17251460.0,17158332.42857143,1016535.1250764169,4,14,2,False
South Dakota,2021-04-18,Beverages,16872003,2021-04-18,17329849.0,16320595.0,17797392.0,17410460.85714286,781845.3247407558,4,15,2,False
South Dakota,2021-04-25,Beverages,17765951,2021-04-25,16872003.0,17167338.0,17283572.0,17489233.42857143,690514.1184052344,4,16,2,False
South Dakota,2021-05-02,Beverages,18812183,2021-05-02,17765951.0,18900494.0,16607853.0,17574749.57142857,682373.2856305502,5,17,2,False
South Dakota,2021-05-09,Beverages,18081148,2021-05-09,18812183.0,17838606.0,16853967.0,17562133.714285713,658131.7918269543,5,18,2,False
South Dakota,2021-05-16,Beverages,18739050,2021-05-16,18081148.0,16660802.0,16674281.0,17596782.57142857,677864.0075151349,5,19,2,False
South Dakota,2021-05-23,Beverages,19742943,2021-05-23,18739050.0,17655542.0,15660179.0,17893675.14285714,657722.9273664821,5,20,2,False
South Dakota,2021-05-30,Beverages,19751915,2021-05-30,19742943.0,17329849.0,15798141.0,18191875.285714287,907808.7496521927,5,21,2,False
South Dakota,2021-06-06,Beverages,21278083,2021-06-06,19751915.0,16872003.0,16533416.0,18537884.714285713,972580.8083852518,6,22,2,False
South Dakota,2021-06-13,Beverages,21748015,2021-06-13,21278083.0,17765951.0,16589583.0,19167324.714285713,1107220.1849488528,6,23,2,False
South Dakota,2021-06-20,Beverages,21546185,2021-06-20,21748015.0,18812183.0,16721167.0,19736191.0,1254273.1459314008,6,24,2,False
South Dakota,2021-06-27,Beverages,21595076,2021-06-27,21546185.0,18081148.0,15436615.0,20126762.714285713,1329171.144532188,6,25,2,False
South Dakota,2021-07-04,Beverages,23658904,2021-07-04,21595076.0,18739050.0,15634339.0,20628752.42857143,1106753.3054037548,7,26,3,False
South Dakota,2021-07-11,Beverages,20854708,2021-07-11,23658904.0,19742943.0,16783125.0,21331588.714285713,1237930.9650040932,7,27,3,False
South Dakota,2021-07-18,Beverages,21734729,2021-07-18,20854708.0,19751915.0,17144205.0,21490412.285714287,1085906.9310988556,7,28,3,False
South Dakota,2021-07-25,Beverages,22065420,2021-07-25,21734729.0,21278083.0,16142224.0,21773671.42857143,822020.567296953,7,29,3,False
South Dakota,2021-08-01,Beverages,21566844,2021-08-01,22065420.0,21748015.0,15773717.0,21886148.14285714,800087.2230142114,8,30,3,False
South Dakota,2021-08-08,Beverages,22216319,2021-08-08,21566844.0,21546185.0,15912125.0,21860266.57142857,807037.1146826725,8,31,3,False
South Dakota,2021-08-15,Beverages,23853897,2021-08-15,22216319.0,21595076.0,15851077.0,21956000.0,803842.0424333913,8,32,3,False
South Dakota,2021-08-22,Beverages,21052543,2021-08-22,23853897.0,23658904.0,15560399.0,22278688.714285713,1018821.8019444768,8,33,3,False
South Dakota,2021-08-29,Beverages,20265750,2021-08-29,21052543.0,20854708.0,15736581.0,21906351.42857143,917603.9253120641,8,34,3,False
South Dakota,2021-09-05,Beverages,20271008,2021-09-05,20265750.0,21734729.0,15619897.0,21822214.57142857,1030259.6633652138,9,35,3,False
South Dakota,2021-09-12,Beverages,18873970,2021-09-12,20271008.0,22065420.0,15643630.0,21613111.57142857,1166347.4407296656,9,36,3,False
South Dakota,2021-09-19,Beverages,19219386,2021-09-19,18873970.0,21566844.0,15564950.0,21157190.14285714,1481593.141473993,9,37,3,False
South Dakota,2021-09-26,Beverages,19121112,2021-09-26,19219386.0,22216319.0,16320595.0,20821839.0,1610939.1027036207,9,38,3,False
South Dakota,2021-10-03,Beverages,26303345,2021-10-03,19121112.0,23853897.0,17167338.0,20379666.57142857,1592175.3407725876,10,39,4,False
South Dakota,2021-10-10,Beverages,26411019,2021-10-10,26303345.0,21052543.0,18900494.0,20729587.714285713,2387698.5817527133,10,40,4,False
South Dakota,2021-10-17,Beverages,25950714,2021-10-17,26411019.0,20265750.0,17838606.0,21495084.285714287,3116321.044179172,10,41,4,False
South Dakota,2021-10-24,Beverages,24802967,2021-10-24,25950714.0,20271008.0,16660802.0,22307222.0,3416443.3814125652,10,42,4,False
South Dakota,2021-10-31,Beverages,24723617,2021-10-31,24802967.0,18873970.0,17655542.0,22954644.714285713,3398593.829033105,10,43,4,False
South Dakota,2021-11-07,Beverages,25141437,2021-11-07,24723617.0,19219386.0,17329849.0,23790308.57142857,2986687.0884943763,11,44,4,False
South Dakota,2021-11-14,Beverages,25615142,2021-11-14,25141437.0,19121112.0,16872003.0,24636315.85714286,2341068.5880038873,11,45,4,False
South Dakota,2021-11-21,Beverages,25404918,2021-11-21,25615142.0,26303345.0,17765951.0,25564034.42857143,641450.3358841006,11,46,4,False
South Dakota,2021-11-28,Beverages,24173894,2021-11-28,25404918.0,26411019.0,18812183.0,25435687.714285713,566144.5420160716,11,47,4,False
South Dakota,2021-12-05,Beverages,24109456,2021-12-05,24173894.0,25950714.0,18081148.0,25116098.42857143,556715.9543635501,12,48,4,False
South Dakota,2021-12-12,Beverages,25745864,2021-12-12,24109456.0,24802967.0,18739050.0,24853061.57142857,534783.759546624,12,49,4,False
South Dakota,2021-12-19,Beverages,26628312,2021-12-19,25745864.0,24723617.0,19742943.0,24987761.14285714,617545.2065461852,12,50,4,False
South Dakota,2021-12-26,Beverages,25269496,2021-12-26,26628312.0,25141437.0,19751915.0,25259860.42857143,825738.0605560974,12,51,4,False
South Dakota,2022-01-02,Beverages,24421534,2022-01-02,25269496.0,25615142.0,21278083.0,25278154.57142857,824329.1141215024,1,52,1,False
South Dakota,2022-01-09,Beverages,24382756,2022-01-09,24421534.0,25404918.0,21748015.0,25107639.14285714,859679.268717092,1,1,1,False
South Dakota,2022-01-16,Beverages,25161451,2022-01-16,24382756.0,24173894.0,21546185.0,24961616.0,883269.9522295116,1,2,1,False
South Dakota,2022-01-23,Beverages,24097439,2022-01-23,25161451.0,24109456.0,21595076.0,25102695.57142857,822996.6689047844,1,3,1,False
South Dakota,2022-01-30,Beverages,24745497,2022-01-30,24097439.0,25745864.0,23658904.0,25100978.85714286,825076.6126844361,1,4,1,False
South Dakota,2022-02-06,Beverages,24178742,2022-02-06,24745497.0,26628312.0,20854708.0,24958069.285714287,786746.3197637046,2,5,1,False
South Dakota,2022-02-13,Beverages,24840137,2022-02-13,24178742.0,25269496.0,21734729.0,24608130.714285713,429822.16735637846,2,6,1,False
South Dakota,2022-02-20,Beverages,24813224,2022-02-20,24840137.0,24421534.0,22065420.0,24546793.714285713,355229.69457145705,2,7,1,False
South Dakota,2022-02-27,Beverages,24932951,2022-02-27,24813224.0,24382756.0,21566844.0,24602749.42857143,361878.97715177335,2,8,1,False
South Dakota,2022-03-06,Beverages,26142223,2022-03-06,24932951.0,25161451.0,22216319.0,24681348.714285713,365295.5347358439,3,9,1,False
South Dakota,2022-03-13,Beverages,26043139,2022-03-13,26142223.0,24097439.0,23853897.0,24821459.0,621096.3834400814,3,10,1,False
South Dakota,2022-03-20,Beverages,27033561,2022-03-20,26043139.0,24745497.0,21052543.0,25099416.14285714,668452.4635086862,3,11,1,False
South Dakota,2022-03-27,Beverages,26345509,2022-03-27,27033561.0,24178742.0,20265750.0,25426282.42857143,925478.0586552937,3,12,1,False
South Dakota,2022-04-03,Beverages,27394215,2022-04-03,26345509.0,24840137.0,20271008.0,25735820.57142857,811831.333193112,4,13,2,False
South Dakota,2022-04-10,Beverages,26262039,2022-04-10,27394215.0,24813224.0,18873970.0,26100688.85714286,896788.8550683284,4,14,2,False
South Dakota,2022-04-17,Beverages,27877346,2022-04-17,26262039.0,24932951.0,19219386.0,26307662.42857143,726853.6352323751,4,15,2,False
South Dakota,2022-04-24,Beverages,26202166,2022-04-24,27877346.0,26142223.0,19121112.0,26728290.285714287,658330.5609629033,4,16,2,False
South Dakota,2022-05-01,Beverages,27760749,2022-05-01,26202166.0,26043139.0,26303345.0,26736853.57142857,651000.6017204041,5,17,2,False
South Dakota,2022-05-08,Beverages,28122314,2022-05-08,27760749.0,27033561.0,26411019.0,26982226.42857143,666791.8451124486,5,18,2,False
South Dakota,2022-05-15,Beverages,29779176,2022-05-15,28122314.0,26345509.0,25950714.0,27137762.57142857,778285.9870175631,5,19,2,False
South Dakota,2022-05-22,Beverages,29490107,2022-05-22,29779176.0,27394215.0,24802967.0,27628286.42857143,1127906.2233892388,5,20,2,False
South Dakota,2022-05-29,Beverages,30564534,2022-05-29,29490107.0,26262039.0,24723617.0,27927699.57142857,1292243.6710194908,5,21,2,False
South Dakota,2022-06-05,Beverages,31133691,2022-06-05,30564534.0,27877346.0,25141437.0,28542341.714285713,1374421.0134285432,6,22,2,False
South Dakota,2022-06-12,Beverages,32190860,2022-06-12,31133691.0,26202166.0,25615142.0,29007533.85714286,1602733.2710624274,6,23,2,False
South Dakota,2022-06-19,Beverages,32696955,2022-06-19,32190860.0,27760749.0,25404918.0,29863061.57142857,1469755.1008690204,6,24,2,False
South Dakota,2022-06-26,Beverages,32599629,2022-06-26,32696955.0,28122314.0,24173894.0,30568233.85714286,1476076.7761895002,6,25,2,False
South Dakota,2022-07-03,Beverages,34242938,2022-07-03,32599629.0,29779176.0,24109456.0,31207850.285714287,1226603.7078862763,7,26,3,False
South Dakota,2022-07-10,Beverages,31691050,2022-07-10,34242938.0,29490107.0,25745864.0,31845530.57142857,1456811.1351569458,7,27,3,False
South Dakota,2022-07-17,Beverages,32895934,2022-07-17,31691050.0,30564534.0,26628312.0,32159951.0,1110978.5512525982,7,28,3,False
South Dakota,2022-07-24,Beverages,32576162,2022-07-24,32895934.0,31133691.0,25269496.0,32493008.14285714,914934.778233006,7,29,3,False
South Dakota,2022-07-31,Beverages,32311519,2022-07-31,32576162.0,32190860.0,24421534.0,32699075.42857143,729154.5911278988,7,30,3,False
South Dakota,2022-08-07,Beverages,33116872,2022-08-07,32311519.0,32696955.0,24382756.0,32716312.42857143,718281.8973719797,8,31,3,False
South Dakota,2022-08-14,Beverages,35828335,2022-08-14,33116872.0,32599629.0,25161451.0,32776300.57142857,731572.2215966783,8,32,3,False
South Dakota,2022-08-21,Beverages,30899092,2022-08-21,35828335.0,34242938.0,24097439.0,33237544.285714287,1284015.2629897955,8,33,3,False
South Dakota,2022-08-28,Beverages,30005659,2022-08-28,30899092.0,31691050.0,24745497.0,32759852.0,1434328.0906882496,8,34,3,False
South Dakota,2022-09-04,Beverages,30379794,2022-09-04,30005659.0,32895934.0,24178742.0,32519081.85714286,1708739.2610748203,9,35,3,False
South Dakota,2022-09-11,Beverages,29086014,2022-09-11,30379794.0,32576162.0,24840137.0,32159633.285714287,1850430.1085347205,9,36,3,False
South Dakota,2022-09-18,Beverages,29573605,2022-09-18,29086014.0,32311519.0,24813224.0,31661040.714285713,2121391.678784504,9,37,3,False
South Dakota,2022-09-25,Beverages,28387144,2022-09-25,29573605.0,33116872.0,24932951.0,31269910.14285714,2215707.0002747355,9,38,3,False
South Dakota,2022-10-02,Beverages,27940575,2022-10-02,28387144.0,35828335.0,26142223.0,30594234.714285713,2269953.244223019,10,39,4,False
South Dakota,2022-10-09,Beverages,28029169,2022-10-09,27940575.0,30899092.0,26043139.0,29467411.85714286,987551.802285095,10,40,4,False
South Dakota,2022-10-16,Beverages,28025866,2022-10-16,28029169.0,30005659.0,27033561.0,29057422.85714286,899921.2314105916,10,41,4,False
South Dakota,2022-10-23,Beverages,27164958,2022-10-23,28025866.0,30379794.0,26345509.0,28774595.285714287,868004.7136133529,10,42,4,False
South Dakota,2022-10-30,Beverages,26502942,2022-10-30,27164958.0,29086014.0,27394215.0,28315333.0,737935.5014063893,10,43,4,False
South Dakota,2022-11-06,Beverages,26862346,2022-11-06,26502942.0,29573605.0,26262039.0,27946322.714285713,890383.0175857169,11,44,4,False
South Dakota,2022-11-13,Beverages,27271878,2022-11-13,26862346.0,28387144.0,27877346.0,27559000.0,657516.8776478829,11,45,4,False
South Dakota,2022-11-20,Beverages,27720458,2022-11-20,27271878.0,27940575.0,26202166.0,27399676.285714287,566345.0925963995,11,46,4,False
South Dakota,2022-11-27,Beverages,26502628,2022-11-27,27720458.0,28029169.0,27760749.0,27368231.0,540982.5973574297,11,47,4,False
South Dakota,2022-12-04,Beverages,25773990,2022-12-04,26502628.0,28025866.0,28122314.0,27150153.714285713,538272.4735486531,12,48,4,False
South Dakota,2022-12-11,Beverages,27252181,2022-12-11,25773990.0,27164958.0,29779176.0,26828457.14285714,589272.5010127513,12,49,4,False
South Dakota,2022-12-18,Beverages,27963413,2022-12-18,27252181.0,26502942.0,29490107.0,26840917.57142857,597126.0703739276,12,50,4,False
South Dakota,2022-12-25,Beverages,28215951,2022-12-25,27963413.0,26862346.0,30564534.0,27049556.285714287,690442.3546878746,12,51,4,False
South Dakota,2023-01-01,Beverages,25916643,2023-01-01,28215951.0,27271878.0,31133691.0,27242928.42857143,792883.8822416759,1,52,1,False
South Dakota,2023-01-08,Beverages,25085727,2023-01-08,25916643.0,27720458.0,32190860.0,27049323.42857143,917797.7246191673,1,1,1,False
South Dakota,2023-01-15,Beverages,26827627,2023-01-15,25085727.0,26502628.0,32696955.0,26672933.285714287,1089565.5219968106,1,2,1,False
South Dakota,2023-01-22,Beverages,25720897,2023-01-22,26827627.0,25773990.0,32599629.0,26719361.714285713,1088242.8989042512,1,3,1,False
South Dakota,2023-01-29,Beverages,25917390,2023-01-29,25720897.0,27252181.0,34242938.0,26711777.0,1094969.644809217,1,4,1,False
South Dakota,2023-02-05,Beverages,25884511,2023-02-05,25917390.0,27963413.0,31691050.0,26521092.57142857,1100467.4347640679,2,5,1,False
South Dakota,2023-02-12,Beverages,27801440,2023-02-12,25884511.0,28215951.0,32895934.0,26224106.57142857,939965.2815680533,2,6,1,False
South Dakota,2023-02-19,Beverages,26981683,2023-02-19,27801440.0,25916643.0,32576162.0,26164890.714285713,817726.2908273357,2,7,1,False
South Dakota,2023-02-26,Beverages,26132930,2023-02-26,26981683.0,25085727.0,32311519.0,26317039.285714287,855587.7180386194,2,8,1,False
South Dakota,2023-03-05,Beverages,28296887,2023-03-05,26132930.0,26827627.0,33116872.0,26466639.714285713,705621.981895796,3,9,1,False
South Dakota,2023-03-12,Beverages,29087945,2023-03-12,28296887.0,25720897.0,35828335.0,26676534.0,955915.4697781159,3,10,1,False
South Dakota,2023-03-19,Beverages,29043897,2023-03-19,29087945.0,25917390.0,30899092.0,27157540.85714286,1175858.862785877,3,11,1,False
South Dakota,2023-03-26,Beverages,27328951,2023-03-26,29043897.0,25884511.0,30005659.0,27604184.714285713,1213168.146377649,3,12,1,False
South Dakota,2023-04-02,Beverages,27831589,2023-04-02,27328951.0,27801440.0,30379794.0,27810533.285714287,1008737.2900990829,4,13,2,False
South Dakota,2023-04-09,Beverages,28869793,2023-04-09,27831589.0,26981683.0,29086014.0,27814840.285714287,1008753.6331370958,4,14,2,False
South Dakota,2023-04-16,Beverages,29071952,2023-04-16,28869793.0,26132930.0,29573605.0,28084570.285714287,1002324.5484449529,4,15,2,False
South Dakota,2023-04-23,Beverages,28914905,2023-04-23,29071952.0,28296887.0,28387144.0,28504430.57142857,650782.5762818919,4,16,2,False
South Dakota,2023-04-30,Beverages,30087804,2023-04-30,28914905.0,29087945.0,27940575.0,28592718.85714286,658513.1416253172,4,17,2,False
South Dakota,2023-05-07,Beverages,30904599,2023-05-07,30087804.0,29043897.0,28029169.0,28735555.85714286,835180.9637686684,5,18,2,False
Tennessee,2020-05-03,Beverages,155827619,2020-05-03,146800271.0,158684644.0,155674238.0,148723155.0,5435163.4138390785,5,18,2,False
Tennessee,2020-05-10,Beverages,154583769,2020-05-10,155827619.0,153445821.0,144130310.0,148315008.57142857,4733815.592190103,5,19,2,False
Tennessee,2020-05-17,Beverages,158429364,2020-05-17,154583769.0,140061174.0,139732668.0,148477572.57142857,4922981.126178976,5,20,2,False
Tennessee,2020-05-24,Beverages,165753716,2020-05-24,158429364.0,148042745.0,134319022.0,151101599.7142857,4623757.9147648495,5,21,2,False
Tennessee,2020-05-31,Beverages,160317262,2020-05-31,165753716.0,146683983.0,136685980.0,153631738.42857143,6656582.852149522,5,22,2,False
Tennessee,2020-06-07,Beverages,162676413,2020-06-07,160317262.0,147343447.0,136324595.0,155579349.7142857,6325043.859361041,6,23,2,False
Tennessee,2020-06-14,Beverages,163688558,2020-06-14,162676413.0,146800271.0,135190491.0,157769773.42857143,5719587.64978957,6,24,2,False
Tennessee,2020-06-21,Beverages,162441172,2020-06-21,163688558.0,155827619.0,139393955.0,160182385.85714287,3835043.608327463,6,25,2,False
Tennessee,2020-06-28,Beverages,162325746,2020-06-28,162441172.0,154583769.0,133945173.0,161127179.14285713,3440153.57494358,6,26,2,False
Tennessee,2020-07-05,Beverages,173939972,2020-07-05,162325746.0,158429364.0,135426365.0,162233175.85714287,2167959.587910317,7,27,3,False
Tennessee,2020-07-12,Beverages,165348595,2020-07-12,173939972.0,165753716.0,135249583.0,164448977.0,4159533.1087021097,7,28,3,False
Tennessee,2020-07-19,Beverages,168284776,2020-07-19,165348595.0,160317262.0,143837604.0,164391102.57142857,4143765.2360099074,7,29,3,False
Tennessee,2020-07-26,Beverages,162653534,2020-07-26,168284776.0,162676413.0,136181226.0,165529318.85714287,3958558.429775462,7,30,3,False
Tennessee,2020-08-02,Beverages,164098352,2020-08-02,162653534.0,163688558.0,133107420.0,165526050.42857143,3960921.354398304,8,31,3,False
Tennessee,2020-08-09,Beverages,167374216,2020-08-09,164098352.0,162441172.0,133743338.0,165584592.42857143,3936282.511050945,8,32,3,False
Tennessee,2020-08-16,Beverages,169028938,2020-08-16,167374216.0,162325746.0,133174600.0,166289313.0,3747484.5467654346,8,33,3,False
Tennessee,2020-08-23,Beverages,162518556,2020-08-23,169028938.0,173939972.0,128870419.0,167246911.85714287,3457542.392601076,8,34,3,False
Tennessee,2020-08-30,Beverages,160376685,2020-08-30,162518556.0,165348595.0,132609604.0,165615281.0,2467125.4538274966,8,35,3,False
Tennessee,2020-09-06,Beverages,167313185,2020-09-06,160376685.0,168284776.0,132141058.0,164905008.14285713,3080985.694359527,9,36,3,False
Tennessee,2020-09-13,Beverages,166162276,2020-09-13,167313185.0,162653534.0,129634554.0,164766209.42857143,2944460.6434899545,9,37,3,False
Tennessee,2020-09-20,Beverages,162000007,2020-09-20,166162276.0,164098352.0,130792972.0,165267458.2857143,2838908.010769643,9,38,3,False
Tennessee,2020-09-27,Beverages,153161315,2020-09-27,162000007.0,167374216.0,139507291.0,164967694.7142857,3049501.4079873585,9,39,3,False
Tennessee,2020-10-04,Beverages,159085809,2020-10-04,153161315.0,169028938.0,146429789.0,162937280.2857143,4925696.322903971,10,40,4,False
Tennessee,2020-10-11,Beverages,152184572,2020-10-11,159085809.0,162518556.0,158684644.0,161516833.2857143,4366090.756472923,10,41,4,False
Tennessee,2020-10-18,Beverages,151088439,2020-10-18,152184572.0,160376685.0,153445821.0,160040549.85714287,5401997.0174336005,10,42,4,False
Tennessee,2020-10-25,Beverages,149058215,2020-10-25,151088439.0,167313185.0,140061174.0,158713657.57142857,6233249.581691979,10,43,4,False
Tennessee,2020-11-01,Beverages,146919256,2020-11-01,149058215.0,166162276.0,148042745.0,156105804.7142857,5899675.850871831,11,44,4,False
Tennessee,2020-11-08,Beverages,150118207,2020-11-08,146919256.0,162000007.0,146683983.0,153356801.85714287,4985753.5842072535,11,45,4,False
Tennessee,2020-11-15,Beverages,149010433,2020-11-15,150118207.0,153161315.0,147343447.0,151659401.85714287,3578098.1740957196,11,46,4,False
Tennessee,2020-11-22,Beverages,152893006,2020-11-22,149010433.0,159085809.0,146800271.0,151066418.7142857,3623719.3928676145,11,47,4,False
Tennessee,2020-11-29,Beverages,145806795,2020-11-29,152893006.0,152184572.0,155827619.0,150181732.57142857,1907373.2583209465,11,48,4,False
Tennessee,2020-12-06,Beverages,141511500,2020-12-06,145806795.0,151088439.0,154583769.0,149270621.57142857,2229168.949020061,12,49,4,False
Tennessee,2020-12-13,Beverages,146091196,2020-12-13,141511500.0,149058215.0,158429364.0,147902487.42857143,3350508.0542162037,12,50,4,False
Tennessee,2020-12-20,Beverages,151754623,2020-12-20,146091196.0,146919256.0,165753716.0,147478627.57142857,3365132.1290118513,12,51,4,False
Tennessee,2020-12-27,Beverages,146242222,2020-12-27,151754623.0,150118207.0,160317262.0,148169394.2857143,3662550.4286188334,12,52,4,False
Tennessee,2021-01-03,Beverages,144863751,2021-01-03,146242222.0,149010433.0,162676413.0,147615682.14285713,3618797.5816495866,1,53,1,False
Tennessee,2021-01-10,Beverages,145534816,2021-01-10,144863751.0,152893006.0,163688558.0,147023299.0,3680862.517411894,1,1,1,False
Tennessee,2021-01-17,Beverages,145423790,2021-01-17,145534816.0,145806795.0,162441172.0,145972129.0,2799710.569167768,1,2,1,False
Tennessee,2021-01-24,Beverages,140867016,2021-01-24,145423790.0,141511500.0,162325746.0,145917414.0,2806142.2198598213,1,3,1,False
Tennessee,2021-01-31,Beverages,141317750,2021-01-31,140867016.0,146091196.0,173939972.0,145825344.85714287,2955772.652191512,1,4,1,False
Tennessee,2021-02-07,Beverages,144564282,2021-02-07,141317750.0,151754623.0,165348595.0,145143424.0,3341273.623255668,2,5,1,False
Tennessee,2021-02-14,Beverages,143265221,2021-02-14,144564282.0,146242222.0,168284776.0,144116232.42857143,1978107.376325988,2,6,1,False
Tennessee,2021-02-21,Beverages,138443611,2021-02-21,143265221.0,144863751.0,162653534.0,143690946.57142857,1786004.076049914,2,7,1,False
Tennessee,2021-02-28,Beverages,152040541,2021-02-28,138443611.0,145534816.0,164098352.0,142773783.7142857,2466907.2697704886,2,8,1,False
Tennessee,2021-03-07,Beverages,157927424,2021-03-07,152040541.0,145423790.0,167374216.0,143703173.0,4049736.5089294454,3,9,1,False
Tennessee,2021-03-14,Beverages,172301350,2021-03-14,157927424.0,140867016.0,169028938.0,145489406.42857143,6456856.2138370145,3,10,1,False
Tennessee,2021-03-21,Beverages,167121384,2021-03-21,172301350.0,141317750.0,162518556.0,149980025.57142857,11007732.009579575,3,11,1,False
Tennessee,2021-03-28,Beverages,152222936,2021-03-28,167121384.0,144564282.0,160376685.0,153666259.0,11782942.152808256,3,12,1,False
Tennessee,2021-04-04,Beverages,160816224,2021-04-04,152222936.0,143265221.0,167313185.0,154760352.42857143,11229565.526487045,4,13,2,False
Tennessee,2021-04-11,Beverages,163283813,2021-04-11,160816224.0,138443611.0,166162276.0,157267638.57142857,10304313.526105702,4,14,2,False
Tennessee,2021-04-18,Beverages,161584036,2021-04-18,163283813.0,152040541.0,162000007.0,160816238.85714287,6938037.325813232,4,15,2,False
Tennessee,2021-04-25,Beverages,158579319,2021-04-25,161584036.0,157927424.0,153161315.0,162179595.2857143,5946427.353030131,4,16,2,False
Tennessee,2021-05-02,Beverages,166154761,2021-05-02,158579319.0,172301350.0,159085809.0,162272723.14285713,5883879.999748038,5,17,2,False
Tennessee,2021-05-09,Beverages,166121632,2021-05-09,166154761.0,167121384.0,152184572.0,161394639.0,4651266.277830453,5,18,2,False
Tennessee,2021-05-16,Beverages,168247049,2021-05-16,166121632.0,152222936.0,151088439.0,161251817.2857143,4485628.067880547,5,19,2,False
Tennessee,2021-05-23,Beverages,175021293,2021-05-23,168247049.0,160816224.0,149058215.0,163540976.2857143,3197696.517305976,5,20,2,False
Tennessee,2021-05-30,Beverages,173529251,2021-05-30,175021293.0,163283813.0,146919256.0,165570271.85714287,4886189.785592144,5,21,2,False
Tennessee,2021-06-06,Beverages,174692380,2021-06-06,173529251.0,161584036.0,150118207.0,167033905.85714287,5480430.611797535,6,22,2,False
Tennessee,2021-06-13,Beverages,177318204,2021-06-13,174692380.0,158579319.0,149010433.0,168906526.42857143,5537534.6234367285,6,23,2,False
Tennessee,2021-06-20,Beverages,182887172,2021-06-20,177318204.0,166154761.0,152893006.0,171583510.0,4286047.912226946,6,24,2,False
Tennessee,2021-06-27,Beverages,174789167,2021-06-27,182887172.0,166121632.0,145806795.0,173973854.42857143,5167158.385088469,6,25,2,False
Tennessee,2021-07-04,Beverages,185125331,2021-07-04,174789167.0,168247049.0,141511500.0,175212073.7142857,4056242.2610250763,7,26,3,False
Tennessee,2021-07-11,Beverages,176818979,2021-07-11,185125331.0,175021293.0,146091196.0,177623256.85714287,4212840.586726973,7,27,3,False
Tennessee,2021-07-18,Beverages,181890343,2021-07-18,176818979.0,173529251.0,151754623.0,177880069.14285713,4099671.7598777045,7,28,3,False
Tennessee,2021-07-25,Beverages,179525336,2021-07-25,181890343.0,174692380.0,146242222.0,179074510.85714287,3869606.857226211,7,29,3,False
Tennessee,2021-08-01,Beverages,179931689,2021-08-01,179525336.0,177318204.0,144863751.0,179764933.14285713,3432624.8294535773,8,30,3,False
Tennessee,2021-08-08,Beverages,183553300,2021-08-08,179931689.0,182887172.0,145534816.0,180138288.14285713,3285160.5497551723,8,31,3,False
Tennessee,2021-08-15,Beverages,186501515,2021-08-15,183553300.0,174789167.0,145423790.0,180233449.2857143,3371911.558030748,8,32,3,False
Tennessee,2021-08-22,Beverages,176653708,2021-08-22,186501515.0,185125331.0,140867016.0,181906641.85714287,3154134.189797012,8,33,3,False
Tennessee,2021-08-29,Beverages,179713841,2021-08-29,176653708.0,176818979.0,141317750.0,180696410.0,3308445.1178246965,8,34,3,False
Tennessee,2021-09-05,Beverages,181028776,2021-09-05,179713841.0,181890343.0,144564282.0,181109961.7142857,2960561.221430855,9,35,3,False
Tennessee,2021-09-12,Beverages,177280304,2021-09-12,181028776.0,179525336.0,143265221.0,180986880.7142857,2943419.121218106,9,36,3,False
Tennessee,2021-09-19,Beverages,173504125,2021-09-19,177280304.0,179931689.0,138443611.0,180666161.85714287,3196618.453299177,9,37,3,False
Tennessee,2021-09-26,Beverages,164359614,2021-09-26,173504125.0,183553300.0,152040541.0,179747938.42857143,4077498.681151953,9,38,3,False
Tennessee,2021-10-03,Beverages,244244870,2021-10-03,164359614.0,186501515.0,157927424.0,177005983.2857143,6392780.464322698,10,39,4,False
Tennessee,2021-10-10,Beverages,239728177,2021-10-10,244244870.0,176653708.0,172301350.0,185255034.0,24613145.136830047,10,40,4,False
Tennessee,2021-10-17,Beverages,237896333,2021-10-17,239728177.0,179713841.0,167121384.0,194265672.42857143,30625963.914378162,10,41,4,False
Tennessee,2021-10-24,Beverages,233290614,2021-10-24,237896333.0,181028776.0,152222936.0,202577457.0,33325078.639783416,10,42,4,False
Tennessee,2021-10-31,Beverages,229313039,2021-10-31,233290614.0,177280304.0,160816224.0,210043433.85714287,33514800.038791597,10,43,4,False
Tennessee,2021-11-07,Beverages,230197587,2021-11-07,229313039.0,173504125.0,163283813.0,217476681.7142857,31107682.881672263,11,44,4,False
Tennessee,2021-11-14,Beverages,234007513,2021-11-14,230197587.0,164359614.0,161584036.0,225575747.7142857,25475161.95562497,11,45,4,False
Tennessee,2021-11-21,Beverages,238791206,2021-11-21,234007513.0,244244870.0,158579319.0,235525447.57142857,4979831.965532958,11,46,4,False
Tennessee,2021-11-28,Beverages,220939630,2021-11-28,238791206.0,239728177.0,166154761.0,234746352.7142857,3854107.5284417863,11,47,4,False
Tennessee,2021-12-05,Beverages,224771953,2021-12-05,220939630.0,237896333.0,166121632.0,232062274.57142857,5597909.105094114,12,48,4,False
Tennessee,2021-12-12,Beverages,227632845,2021-12-12,224771953.0,233290614.0,168247049.0,230187363.14285713,5527355.415880285,12,49,4,False
Tennessee,2021-12-19,Beverages,237893228,2021-12-19,227632845.0,229313039.0,175021293.0,229379110.42857143,5427234.170143522,12,50,4,False
Tennessee,2021-12-26,Beverages,232430156,2021-12-26,237893228.0,230197587.0,173529251.0,230604851.7142857,6189309.168153275,12,51,4,False
Tennessee,2022-01-02,Beverages,224767189,2022-01-02,232430156.0,234007513.0,174692380.0,230923790.14285713,6217563.31454128,1,52,1,False
Tennessee,2022-01-09,Beverages,221163584,2022-01-09,224767189.0,238791206.0,177318204.0,229603743.85714287,6400930.6308858665,1,1,1,False
Tennessee,2022-01-16,Beverages,232413351,2022-01-16,221163584.0,220939630.0,182887172.0,227085512.14285713,5722634.153826266,1,2,1,False
Tennessee,2022-01-23,Beverages,215309649,2022-01-23,232413351.0,224771953.0,174789167.0,228724615.14285713,5359200.109175156,1,3,1,False
Tennessee,2022-01-30,Beverages,219249546,2022-01-30,215309649.0,227632845.0,185125331.0,227372857.42857143,7097224.979251778,1,4,1,False
Tennessee,2022-02-06,Beverages,224516171,2022-02-06,219249546.0,237893228.0,176818979.0,226175243.2857143,7638949.576488002,2,5,1,False
Tennessee,2022-02-13,Beverages,225524007,2022-02-13,224516171.0,232430156.0,181890343.0,224264235.14285713,5956419.641930565,2,6,1,False
Tennessee,2022-02-20,Beverages,218613740,2022-02-20,225524007.0,224767189.0,179525336.0,223277642.42857143,5020582.636296912,2,7,1,False
Tennessee,2022-02-27,Beverages,233514026,2022-02-27,218613740.0,221163584.0,179931689.0,222398578.2857143,5217658.349423926,2,8,1,False
Tennessee,2022-03-06,Beverages,241950510,2022-03-06,233514026.0,232413351.0,183553300.0,224162927.14285713,6445432.373112155,3,9,1,False
Tennessee,2022-03-13,Beverages,240827838,2022-03-13,241950510.0,215309649.0,186501515.0,225525378.42857143,8669650.552111732,3,10,1,False
Tennessee,2022-03-20,Beverages,239039594,2022-03-20,240827838.0,219249546.0,176653708.0,229170834.0,8967549.4485449,3,11,1,False
Tennessee,2022-03-27,Beverages,242009531,2022-03-27,239039594.0,224516171.0,179713841.0,231997983.7142857,8501509.45920285,3,12,1,False
Tennessee,2022-04-03,Beverages,248168046,2022-04-03,242009531.0,225524007.0,181028776.0,234497035.14285713,8506017.977696829,4,13,2,False
Tennessee,2022-04-10,Beverages,252377518,2022-04-10,248168046.0,218613740.0,177280304.0,237731897.85714287,8779825.406659408,4,14,2,False
Tennessee,2022-04-17,Beverages,252796423,2022-04-17,252377518.0,233514026.0,173504125.0,242555294.7142857,5678675.248275775,4,15,2,False
Tennessee,2022-04-24,Beverages,247631530,2022-04-24,252796423.0,241950510.0,164359614.0,245309922.85714287,5288151.218799296,4,16,2,False
Tennessee,2022-05-01,Beverages,255580296,2022-05-01,247631530.0,240827838.0,244244870.0,246121497.14285713,5144281.685558526,5,17,2,False
Tennessee,2022-05-08,Beverages,254369211,2022-05-08,255580296.0,239039594.0,239728177.0,248228991.14285713,5549784.685674952,5,18,2,False
Tennessee,2022-05-15,Beverages,259908048,2022-05-15,254369211.0,242009531.0,237896333.0,250418936.42857143,4396216.359640332,5,19,2,False
Tennessee,2022-05-22,Beverages,274411659,2022-05-22,259908048.0,248168046.0,233290614.0,252975867.42857143,3943292.5645411923,5,20,2,False
Tennessee,2022-05-29,Beverages,263543147,2022-05-29,274411659.0,252377518.0,229313039.0,256724955.0,7989594.159404498,5,21,2,False
Tennessee,2022-06-05,Beverages,257824139,2022-06-05,263543147.0,252796423.0,230197587.0,258320044.85714287,8076532.635952932,6,22,2,False
Tennessee,2022-06-12,Beverages,260960599,2022-06-12,257824139.0,247631530.0,234007513.0,259038290.0,7771165.085834562,6,23,2,False
Tennessee,2022-06-19,Beverages,276362609,2022-06-19,260960599.0,255580296.0,238791206.0,260942442.7142857,6221363.6862676265,6,24,2,False
Tennessee,2022-06-26,Beverages,270841107,2022-06-26,276362609.0,254369211.0,220939630.0,263911344.57142857,7729958.658637948,6,25,2,False
Tennessee,2022-07-03,Beverages,281650881,2022-07-03,270841107.0,259908048.0,224771953.0,266264472.57142857,6933094.965252873,7,26,3,False
Tennessee,2022-07-10,Beverages,267019121,2022-07-10,281650881.0,274411659.0,227632845.0,269370591.5714286,8152793.078657964,7,27,3,False
Tennessee,2022-07-17,Beverages,269218064,2022-07-17,267019121.0,263543147.0,237893228.0,268314514.7142857,7906473.022742162,7,28,3,False
Tennessee,2022-07-24,Beverages,270085372,2022-07-24,269218064.0,257824139.0,232430156.0,269125217.14285713,7662860.264831948,7,29,3,False
Tennessee,2022-07-31,Beverages,273364370,2022-07-31,270085372.0,260960599.0,224767189.0,270876821.85714287,6126834.287452636,7,30,3,False
Tennessee,2022-08-07,Beverages,279884067,2022-08-07,273364370.0,276362609.0,221163584.0,272648789.14285713,4608129.962830176,8,31,3,False
Tennessee,2022-08-14,Beverages,281964916,2022-08-14,279884067.0,270841107.0,232413351.0,273151854.5714286,5146833.926115764,8,32,3,False
Tennessee,2022-08-21,Beverages,271716139,2022-08-21,281964916.0,281650881.0,215309649.0,274740970.14285713,5856410.108962499,8,33,3,False
Tennessee,2022-08-28,Beverages,273613652,2022-08-28,271716139.0,267019121.0,219249546.0,273321721.28571427,5173913.132383503,8,34,3,False
Tennessee,2022-09-04,Beverages,279000553,2022-09-04,273613652.0,269218064.0,224516171.0,274263797.14285713,4496594.655106384,9,35,3,False
Tennessee,2022-09-11,Beverages,267382745,2022-09-11,279000553.0,270085372.0,225524007.0,275661295.5714286,4223099.142006881,9,36,3,False
Tennessee,2022-09-18,Beverages,267283151,2022-09-18,267382745.0,273364370.0,218613740.0,275275206.0,4799434.25730971,9,37,3,False
Tennessee,2022-09-25,Beverages,262818392,2022-09-25,267283151.0,279884067.0,233514026.0,274406460.4285714,5557242.393755434,9,38,3,False
Tennessee,2022-10-02,Beverages,268423833,2022-10-02,262818392.0,281964916.0,241950510.0,271968506.85714287,6311604.210833802,10,39,4,False
Tennessee,2022-10-09,Beverages,258166827,2022-10-09,268423833.0,271716139.0,240827838.0,270034066.4285714,4859402.264826411,10,40,4,False
Tennessee,2022-10-16,Beverages,257083138,2022-10-16,258166827.0,273613652.0,239039594.0,268098450.42857143,6291403.102909766,10,41,4,False
Tennessee,2022-10-23,Beverages,249615671,2022-10-23,257083138.0,279000553.0,242009531.0,265736948.42857143,6855186.656588354,10,42,4,False
Tennessee,2022-10-30,Beverages,244890147,2022-10-30,249615671.0,267382745.0,248168046.0,261539108.14285713,6431778.54682626,10,43,4,False
Tennessee,2022-11-06,Beverages,247831243,2022-11-06,244890147.0,267283151.0,252377518.0,258325879.85714287,8109433.573960505,11,44,4,False
Tennessee,2022-11-13,Beverages,248078955,2022-11-13,247831243.0,262818392.0,252796423.0,255547035.85714287,7893860.804770676,11,45,4,False
Tennessee,2022-11-20,Beverages,252021988,2022-11-20,248078955.0,268423833.0,247631530.0,253441402.0,7635022.900010746,11,46,4,False
Tennessee,2022-11-27,Beverages,244384957,2022-11-27,252021988.0,258166827.0,255580296.0,251098281.2857143,4585147.099174471,11,47,4,False
Tennessee,2022-12-04,Beverages,239754272,2022-12-04,244384957.0,257083138.0,254369211.0,249129442.7142857,4055597.9769642986,12,48,4,False
Tennessee,2022-12-11,Beverages,243035327,2022-12-11,239754272.0,249615671.0,259908048.0,246653890.42857143,3720007.06689414,12,49,4,False
Tennessee,2022-12-18,Beverages,255439196,2022-12-18,243035327.0,244890147.0,274411659.0,245713841.2857143,3684042.3923535147,12,50,4,False
Tennessee,2022-12-25,Beverages,260271337,2022-12-25,255439196.0,247831243.0,263543147.0,247220848.2857143,4971515.144107134,12,51,4,False
Tennessee,2023-01-01,Beverages,238471494,2023-01-01,260271337.0,248078955.0,257824139.0,248998004.57142857,6770170.102569489,1,52,1,False
Tennessee,2023-01-08,Beverages,234174813,2023-01-08,238471494.0,252021988.0,260960599.0,247625510.14285713,7724016.428595874,1,1,1,False
Tennessee,2023-01-15,Beverages,241146884,2023-01-15,234174813.0,244384957.0,276362609.0,245075913.7142857,8731814.98859192,1,2,1,False
Tennessee,2023-01-22,Beverages,227700587,2023-01-22,241146884.0,239754272.0,270841107.0,244613331.85714287,8841251.77350724,1,3,1,False
Tennessee,2023-01-29,Beverages,232326868,2023-01-29,227700587.0,243035327.0,281650881.0,242891376.85714287,10615680.472174661,1,4,1,False
Tennessee,2023-02-05,Beverages,238263896,2023-02-05,232326868.0,255439196.0,267019121.0,241361597.0,11238042.814355247,2,5,1,False
Tennessee,2023-02-12,Beverages,244895147,2023-02-12,238263896.0,260271337.0,269218064.0,238907982.7142857,9660897.921297917,2,6,1,False
Tennessee,2023-02-19,Beverages,243855297,2023-02-19,244895147.0,238471494.0,270085372.0,236711384.14285713,5331959.615367421,2,7,1,False
Tennessee,2023-02-26,Beverages,246705712,2023-02-26,243855297.0,234174813.0,273364370.0,237480498.85714287,5889522.118310492,2,8,1,False
Tennessee,2023-03-05,Beverages,263365665,2023-03-05,246705712.0,241146884.0,279884067.0,239270627.2857143,6486803.917889577,3,9,1,False
Tennessee,2023-03-12,Beverages,272208646,2023-03-12,263365665.0,227700587.0,281964916.0,242444738.85714287,10697636.513359996,3,10,1,False
Tennessee,2023-03-19,Beverages,261497090,2023-03-19,272208646.0,232326868.0,271716139.0,248803033.0,13019659.927401198,3,11,1,False
Tennessee,2023-03-26,Beverages,250826661,2023-03-26,261497090.0,238263896.0,273613652.0,252970207.57142857,11678420.117139675,3,12,1,False
Tennessee,2023-04-02,Beverages,261110232,2023-04-02,250826661.0,244895147.0,279000553.0,254764888.2857143,10145171.369609535,4,13,2,False
Tennessee,2023-04-09,Beverages,262632908,2023-04-09,261110232.0,243855297.0,267382745.0,257081329.0,9454868.931304874,4,14,2,False
Tennessee,2023-04-16,Beverages,263975661,2023-04-16,262632908.0,246705712.0,267283151.0,259763844.85714287,7849319.290035904,4,15,2,False
Tennessee,2023-04-23,Beverages,264857799,2023-04-23,263975661.0,263365665.0,262818392.0,262230980.42857143,5805169.484793755,4,16,2,False
Tennessee,2023-04-30,Beverages,265892238,2023-04-30,264857799.0,272208646.0,268423833.0,262444142.42857143,5869954.36454782,4,17,2,False
Tennessee,2023-05-07,Beverages,273499573,2023-05-07,265892238.0,261497090.0,258166827.0,261541798.42857143,4660453.83912093,5,18,2,False
Texas,2020-05-03,Beverages,538277575,2020-05-03,515487730.0,587593531.0,541078907.0,522892346.85714287,32369783.35647194,5,18,2,False
Texas,2020-05-10,Beverages,534010977,2020-05-10,538277575.0,553455243.0,514652477.0,515847210.28571427,20831447.697322067,5,19,2,False
Texas,2020-05-17,Beverages,542776800,2020-05-17,534010977.0,498719329.0,484212181.0,513069458.0,16471583.471675232,5,20,2,False
Texas,2020-05-24,Beverages,579200968,2020-05-24,542776800.0,490671369.0,483599435.0,519363382.4285714,18120615.75684618,5,21,2,False
Texas,2020-05-31,Beverages,544491664,2020-05-31,579200968.0,502582830.0,481478333.0,532010468.0,23713048.264995858,5,22,2,False
Texas,2020-06-07,Beverages,577567533,2020-06-07,544491664.0,511736396.0,483320679.0,537997444.2857143,20615693.6965768,6,23,2,False
Texas,2020-06-14,Beverages,584731656,2020-06-14,577567533.0,515487730.0,478104629.0,547401892.4285715,21487842.196485527,6,24,2,False
Texas,2020-06-21,Beverages,575978458,2020-06-21,584731656.0,538277575.0,490235899.0,557293881.8571428,20431519.196099557,6,25,2,False
Texas,2020-06-28,Beverages,558015179,2020-06-28,575978458.0,534010977.0,472848726.0,562679722.2857143,19663495.3872943,6,26,2,False
Texas,2020-07-05,Beverages,601072951,2020-07-05,558015179.0,542776800.0,471710635.0,566108894.0,16142746.417100655,7,27,3,False
Texas,2020-07-12,Beverages,586230214,2020-07-12,601072951.0,579200968.0,481564976.0,574436915.5714285,16973613.56266493,7,28,3,False
Texas,2020-07-19,Beverages,586136878,2020-07-19,586230214.0,544491664.0,507804112.0,575441093.5714285,17427613.47368082,7,29,3,False
Texas,2020-07-26,Beverages,558759620,2020-07-26,586136878.0,577567533.0,467525422.0,581390409.8571428,12158618.59863483,7,30,3,False
Texas,2020-08-02,Beverages,566934225,2020-08-02,558759620.0,584731656.0,452390589.0,578703565.1428572,14549562.408991635,8,31,3,False
Texas,2020-08-09,Beverages,598101048,2020-08-09,566934225.0,575978458.0,466671049.0,576161075.0,14826414.93697093,8,32,3,False
Texas,2020-08-16,Beverages,612342532,2020-08-16,598101048.0,558015179.0,461142927.0,579321445.0,16691193.38238133,8,33,3,False
Texas,2020-08-23,Beverages,594962351,2020-08-23,612342532.0,601072951.0,452238817.0,587082495.4285715,17586396.712115236,8,34,3,False
Texas,2020-08-30,Beverages,587830951,2020-08-30,594962351.0,586230214.0,471958590.0,586209552.5714285,17012577.35290021,8,35,3,False
Texas,2020-09-06,Beverages,578186225,2020-09-06,587830951.0,586136878.0,461755209.0,586438229.2857143,17022073.78674961,9,36,3,False
Texas,2020-09-13,Beverages,558426370,2020-09-13,578186225.0,558759620.0,458900855.0,585302421.7142857,17267770.648852877,9,37,3,False
Texas,2020-09-20,Beverages,552604069,2020-09-20,558426370.0,566934225.0,457236540.0,585254814.5714285,17341186.687414806,9,38,3,False
Texas,2020-09-27,Beverages,535440643,2020-09-27,552604069.0,598101048.0,492419826.0,583207649.4285715,20021803.395173788,9,39,3,False
Texas,2020-10-04,Beverages,555993589,2020-10-04,535440643.0,612342532.0,513987489.0,574256163.0,24799418.47111542,10,40,4,False
Texas,2020-10-11,Beverages,553150409,2020-10-11,555993589.0,594962351.0,587593531.0,566206314.0,19764425.901749752,10,41,4,False
Texas,2020-10-18,Beverages,537675846,2020-10-18,553150409.0,587830951.0,553455243.0,560233179.4285715,16160915.611195348,10,42,4,False
Texas,2020-10-25,Beverages,517086067,2020-10-25,537675846.0,578186225.0,498719329.0,553068164.4285715,13180399.786873616,10,43,4,False
Texas,2020-11-01,Beverages,499850544,2020-11-01,517086067.0,558426370.0,490671369.0,544339570.4285715,13869475.557930406,11,44,4,False
Texas,2020-11-08,Beverages,515400732,2020-11-08,499850544.0,552604069.0,502582830.0,535971595.28571427,19409905.277683344,11,45,4,False
Texas,2020-11-15,Beverages,515212246,2020-11-15,515400732.0,535440643.0,511736396.0,530656832.85714287,19220544.428808417,11,46,4,False
Texas,2020-11-22,Beverages,539488248,2020-11-22,515212246.0,555993589.0,515487730.0,527767061.85714287,19796104.543414075,11,47,4,False
Texas,2020-11-29,Beverages,496499365,2020-11-29,539488248.0,553150409.0,538277575.0,525409156.0,17091901.237919223,11,48,4,False
Texas,2020-12-06,Beverages,486652318,2020-12-06,496499365.0,537675846.0,534010977.0,517316149.71428573,15365328.586310163,12,49,4,False
Texas,2020-12-13,Beverages,509601474,2020-12-13,486652318.0,517086067.0,542776800.0,510027074.28571427,16064567.293486571,12,50,4,False
Texas,2020-12-20,Beverages,524094563,2020-12-20,509601474.0,499850544.0,579200968.0,508957846.71428573,15806152.87319222,12,51,4,False
Texas,2020-12-27,Beverages,499021081,2020-12-27,524094563.0,515400732.0,544491664.0,512421278.0,16084824.275622347,12,52,4,False
Texas,2021-01-03,Beverages,485954921,2021-01-03,499021081.0,515212246.0,577567533.0,510081327.85714287,16662239.476676693,1,53,1,False
Texas,2021-01-10,Beverages,495592761,2021-01-10,485954921.0,539488248.0,584731656.0,505901710.0,18427015.56904332,1,1,1,False
Texas,2021-01-17,Beverages,492394555,2021-01-17,495592761.0,496499365.0,575978458.0,499630926.14285713,12420283.542027643,1,2,1,False
Texas,2021-01-24,Beverages,481922320,2021-01-24,492394555.0,486652318.0,558015179.0,499044524.71428573,12649084.825891852,1,3,1,False
Texas,2021-01-31,Beverages,494403062,2021-01-31,481922320.0,509601474.0,601072951.0,498368810.71428573,13397240.70571467,1,4,1,False
Texas,2021-02-07,Beverages,508609493,2021-02-07,494403062.0,524094563.0,586230214.0,496197609.0,12609282.464426357,2,5,1,False
Texas,2021-02-14,Beverages,498618693,2021-02-14,508609493.0,499021081.0,586136878.0,493985456.14285713,8057981.934362908,2,6,1,False
Texas,2021-02-21,Beverages,505144380,2021-02-21,498618693.0,485954921.0,558759620.0,493927972.14285713,8023214.044102218,2,7,1,False
Texas,2021-02-28,Beverages,544512377,2021-02-28,505144380.0,495592761.0,566934225.0,496669323.4285714,8108522.480977964,2,8,1,False
Texas,2021-03-07,Beverages,547202849,2021-03-07,544512377.0,492394555.0,598101048.0,503657840.0,18540150.250060216,3,9,1,False
Texas,2021-03-14,Beverages,626790165,2021-03-14,547202849.0,481922320.0,612342532.0,511487596.28571427,23134176.432365336,3,10,1,False
Texas,2021-03-21,Beverages,593057396,2021-03-21,626790165.0,494403062.0,594962351.0,532183002.71428573,43373475.59113273,3,11,1,False
Texas,2021-03-28,Beverages,530931012,2021-03-28,593057396.0,508609493.0,587830951.0,546276479.0,44811978.65175736,3,12,1,False
Texas,2021-04-04,Beverages,532237093,2021-04-04,530931012.0,498618693.0,578186225.0,549465267.4285715,42765635.29689201,4,13,2,False
Texas,2021-04-11,Beverages,542908686,2021-04-11,532237093.0,505144380.0,558426370.0,554267896.0,38456424.52565666,4,14,2,False
Texas,2021-04-18,Beverages,534217661,2021-04-18,542908686.0,544512377.0,552604069.0,559662796.8571428,33518551.90337707,4,15,2,False
Texas,2021-04-25,Beverages,546096314,2021-04-25,534217661.0,547202849.0,535440643.0,558192123.1428572,34366164.4242024,4,16,2,False
Texas,2021-05-02,Beverages,562123905,2021-05-02,546096314.0,626790165.0,555993589.0,558034046.7142857,34418853.50491972,5,17,2,False
Texas,2021-05-09,Beverages,585712658,2021-05-09,562123905.0,593057396.0,553150409.0,548796009.5714285,20648542.54095841,5,18,2,False
Texas,2021-05-16,Beverages,570427145,2021-05-16,585712658.0,530931012.0,537675846.0,547746761.2857143,18441406.486197963,5,19,2,False
Texas,2021-05-23,Beverages,583267376,2021-05-23,570427145.0,532237093.0,517086067.0,553389066.0,18475387.010404352,5,20,2,False
Texas,2021-05-30,Beverages,593132909,2021-05-30,583267376.0,542908686.0,499850544.0,560679106.4285715,18756614.440173965,5,21,2,False
Texas,2021-06-06,Beverages,606902920,2021-06-06,593132909.0,534217661.0,515400732.0,567853995.4285715,20141578.64008173,6,22,2,False
Texas,2021-06-13,Beverages,635379158,2021-06-13,606902920.0,546096314.0,515212246.0,578237603.8571428,18816643.769398972,6,23,2,False
Texas,2021-06-20,Beverages,644970852,2021-06-20,635379158.0,562123905.0,539488248.0,590992295.8571428,22588815.498216636,6,24,2,False
Texas,2021-06-27,Beverages,611761164,2021-06-27,644970852.0,585712658.0,496499365.0,602827574.0,25833438.936061416,6,25,2,False
Texas,2021-07-04,Beverages,639236238,2021-07-04,611761164.0,570427145.0,486652318.0,606548789.1428572,24961463.31695981,7,26,3,False
Texas,2021-07-11,Beverages,604727977,2021-07-11,639236238.0,583267376.0,509601474.0,616378659.5714285,22196634.96110244,7,27,3,False
Texas,2021-07-18,Beverages,626723672,2021-07-18,604727977.0,593132909.0,524094563.0,619444459.7142857,18602694.183508787,7,28,3,False
Texas,2021-07-25,Beverages,607071960,2021-07-25,626723672.0,606902920.0,499021081.0,624243140.1428572,15221786.593644615,7,29,3,False
Texas,2021-08-01,Beverages,613570624,2021-08-01,607071960.0,635379158.0,485954921.0,624267288.7142857,15194367.473970648,8,30,3,False
Texas,2021-08-08,Beverages,628737508,2021-08-08,613570624.0,644970852.0,495592761.0,621151783.8571428,14827975.605597211,8,31,3,False
Texas,2021-08-15,Beverages,654731720,2021-08-15,628737508.0,611761164.0,492394555.0,618832734.7142857,11902168.499958724,8,32,3,False
Texas,2021-08-22,Beverages,643350117,2021-08-22,654731720.0,639236238.0,481922320.0,624971385.5714285,16761265.28110612,8,33,3,False
Texas,2021-08-29,Beverages,633347096,2021-08-29,643350117.0,604727977.0,494403062.0,625559082.5714285,17314131.868560284,8,34,3,False
Texas,2021-09-05,Beverages,640916100,2021-09-05,633347096.0,626723672.0,508609493.0,629647528.1428572,15157104.03943168,9,35,3,False
Texas,2021-09-12,Beverages,605811949,2021-09-12,640916100.0,607071960.0,498618693.0,631675017.8571428,15573885.629475106,9,36,3,False
Texas,2021-09-19,Beverages,605126912,2021-09-19,605811949.0,613570624.0,505144380.0,631495016.2857143,15861825.088770198,9,37,3,False
Texas,2021-09-26,Beverages,576513741,2021-09-26,605126912.0,628737508.0,544512377.0,630288771.7142857,17423261.827939834,9,38,3,False
Texas,2021-10-03,Beverages,846360996,2021-10-03,576513741.0,654731720.0,547202849.0,622828233.5714285,25703586.38850295,10,39,4,False
Texas,2021-10-10,Beverages,860378788,2021-10-10,846360996.0,643350117.0,626790165.0,650203844.4285715,83090153.63417561,10,40,4,False
Texas,2021-10-17,Beverages,821470951,2021-10-17,860378788.0,633347096.0,593057396.0,681207940.2857143,110663951.43006575,10,41,4,False
Texas,2021-10-24,Beverages,816123888,2021-10-24,821470951.0,640916100.0,530931012.0,708082776.7142857,118353480.81686033,10,42,4,False
Texas,2021-10-31,Beverages,803785398,2021-10-31,816123888.0,605811949.0,532237093.0,733112460.7142857,120017230.10188395,10,43,4,False
Texas,2021-11-07,Beverages,798078686,2021-11-07,803785398.0,605126912.0,542908686.0,761394382.0,109556979.91058071,11,44,4,False
Texas,2021-11-14,Beverages,813596080,2021-11-14,798078686.0,576513741.0,534217661.0,788958921.1428572,89144114.60626803,11,45,4,False
Texas,2021-11-21,Beverages,825496999,2021-11-21,813596080.0,846360996.0,546096314.0,822827826.7142857,20945602.54197387,11,46,4,False
Texas,2021-11-28,Beverages,753648979,2021-11-28,825496999.0,860378788.0,562123905.0,819847255.7142857,18754640.03761234,11,47,4,False
Texas,2021-12-05,Beverages,767109222,2021-12-05,753648979.0,821470951.0,585712658.0,804600140.1428572,22596588.422518287,12,48,4,False
Texas,2021-12-12,Beverages,797449709,2021-12-12,767109222.0,816123888.0,570427145.0,796834178.8571428,24706893.947512306,12,49,4,False
Texas,2021-12-19,Beverages,818184291,2021-12-19,797449709.0,803785398.0,583267376.0,794166439.0,23456593.366893046,12,50,4,False
Texas,2021-12-26,Beverages,790855957,2021-12-26,818184291.0,798078686.0,593132909.0,796223423.7142857,24802640.83377573,12,51,4,False
Texas,2022-01-02,Beverages,756947881,2022-01-02,790855957.0,813596080.0,606902920.0,795191605.2857143,24854180.741156038,1,52,1,False
Texas,2022-01-09,Beverages,762413549,2022-01-09,756947881.0,825496999.0,635379158.0,787099005.4285715,26698150.42496021,1,1,1,False
Texas,2022-01-16,Beverages,773239165,2022-01-16,762413549.0,753648979.0,644970852.0,778087084.0,22538859.797276337,1,2,1,False
Texas,2022-01-23,Beverages,757025431,2022-01-23,773239165.0,767109222.0,611761164.0,780885682.0,20450140.39074838,1,3,1,False
Texas,2022-01-30,Beverages,765830590,2022-01-30,757025431.0,797449709.0,639236238.0,779445140.4285715,21687561.61465946,1,4,1,False
Texas,2022-02-06,Beverages,777748296,2022-02-06,765830590.0,818184291.0,604727977.0,774928123.4285715,20739264.683922045,2,5,1,False
Texas,2022-02-13,Beverages,782679657,2022-02-13,777748296.0,790855957.0,626723672.0,769151552.7142857,11427383.485380566,2,6,1,False
Texas,2022-02-20,Beverages,782777958,2022-02-20,782679657.0,756947881.0,607071960.0,767983509.8571428,9384438.674196053,2,7,1,False
Texas,2022-02-27,Beverages,802452110,2022-02-27,782777958.0,762413549.0,613570624.0,771673520.8571428,9397956.829062143,2,8,1,False
Texas,2022-03-06,Beverages,816625522,2022-03-06,802452110.0,773239165.0,628737508.0,777393315.2857143,13367408.556529444,3,9,1,False
Texas,2022-03-13,Beverages,812675554,2022-03-13,816625522.0,757025431.0,654731720.0,783591366.2857143,18912624.303457357,3,10,1,False
Texas,2022-03-20,Beverages,833042210,2022-03-20,812675554.0,765830590.0,643350117.0,791541383.8571428,17734281.20094302,3,11,1,False
Texas,2022-03-27,Beverages,827095885,2022-03-27,833042210.0,777748296.0,633347096.0,801143043.8571428,19337098.447154656,3,12,1,False
Texas,2022-04-03,Beverages,850032374,2022-04-03,827095885.0,782679657.0,640916100.0,808192699.4285715,18500254.30265841,4,13,2,False
Texas,2022-04-10,Beverages,871634417,2022-04-10,850032374.0,782777958.0,605811949.0,817814516.1428572,20168587.31839786,4,14,2,False
Texas,2022-04-17,Beverages,870295163,2022-04-17,871634417.0,802452110.0,605126912.0,830508296.0,22001624.593529817,4,15,2,False
Texas,2022-04-24,Beverages,839737382,2022-04-24,870295163.0,816625522.0,576513741.0,840200160.7142857,22446189.350823488,4,16,2,False
Texas,2022-05-01,Beverages,850167887,2022-05-01,839737382.0,812675554.0,846360996.0,843501855.0,20336322.859589282,5,17,2,False
Texas,2022-05-08,Beverages,890296799,2022-05-08,850167887.0,833042210.0,860378788.0,848857902.5714285,15983592.579877857,5,18,2,False
Texas,2022-05-15,Beverages,898767554,2022-05-15,890296799.0,827095885.0,821470951.0,857037129.5714285,19953783.557431635,5,19,2,False
Texas,2022-05-22,Beverages,895583947,2022-05-22,898767554.0,850032374.0,816123888.0,867275939.4285715,20347663.79452514,5,20,2,False
Texas,2022-05-29,Beverages,920017258,2022-05-29,895583947.0,871634417.0,803785398.0,873783307.0,21063759.90134986,5,21,2,False
Texas,2022-06-05,Beverages,909654384,2022-06-05,920017258.0,870295163.0,798078686.0,880695141.4285715,26469173.92778227,6,22,2,False
Texas,2022-06-12,Beverages,949870391,2022-06-12,909654384.0,839737382.0,813596080.0,886317887.2857143,27809277.642830484,6,23,2,False
Texas,2022-06-19,Beverages,969023692,2022-06-19,949870391.0,850167887.0,825496999.0,902051174.2857143,28157502.11634363,6,24,2,False
Texas,2022-06-26,Beverages,940907762,2022-06-26,969023692.0,890296799.0,753648979.0,919030575.0,27581714.35448647,6,25,2,False
Texas,2022-07-03,Beverages,966249952,2022-07-03,940907762.0,898767554.0,767109222.0,926260712.5714285,25669086.382065564,7,26,3,False
Texas,2022-07-10,Beverages,936276204,2022-07-10,966249952.0,895583947.0,797449709.0,935901055.1428572,26199852.882383764,7,27,3,False
Texas,2022-07-17,Beverages,948093410,2022-07-17,936276204.0,920017258.0,818184291.0,941714234.7142857,20504864.119674616,7,28,3,False
Texas,2022-07-24,Beverages,941450753,2022-07-24,948093410.0,909654384.0,790855957.0,945725113.5714285,18518219.608587246,7,29,3,False
Texas,2022-07-31,Beverages,963109909,2022-07-31,941450753.0,949870391.0,756947881.0,950267452.0,11791122.326229155,7,30,3,False
Texas,2022-08-07,Beverages,979016831,2022-08-07,963109909.0,969023692.0,762413549.0,952158811.7142857,12609204.763425995,8,31,3,False
Texas,2022-08-14,Beverages,985374559,2022-08-14,979016831.0,940907762.0,773239165.0,953586403.0,14811227.440738546,8,32,3,False
Texas,2022-08-21,Beverages,956650830,2022-08-21,985374559.0,966249952.0,757025431.0,959938802.5714285,17332361.434103362,8,33,3,False
Texas,2022-08-28,Beverages,950231655,2022-08-28,956650830.0,936276204.0,765830590.0,958567499.4285715,17157639.366975106,8,34,3,False
Texas,2022-09-04,Beverages,971086409,2022-09-04,950231655.0,948093410.0,777748296.0,960561135.2857143,15144327.007013375,9,35,3,False
Texas,2022-09-11,Beverages,944672827,2022-09-11,971086409.0,941450753.0,782679657.0,963845849.4285715,14566430.425693678,9,36,3,False
Texas,2022-09-18,Beverages,931076823,2022-09-18,944672827.0,963109909.0,782777958.0,964306145.7142857,13886517.632648516,9,37,3,False
Texas,2022-09-25,Beverages,929950136,2022-09-25,931076823.0,979016831.0,802452110.0,959729990.5714285,18150230.766994756,9,38,3,False
Texas,2022-10-02,Beverages,919216523,2022-10-02,929950136.0,985374559.0,816625522.0,952720462.7142857,18810860.45493057,10,39,4,False
Texas,2022-10-09,Beverages,922684371,2022-10-09,919216523.0,956650830.0,812675554.0,943269314.7142857,16509278.256703053,10,40,4,False
Texas,2022-10-16,Beverages,901641946,2022-10-16,922684371.0,950231655.0,833042210.0,938416963.4285715,16851246.86052095,10,41,4,False
Texas,2022-10-23,Beverages,871009110,2022-10-23,901641946.0,971086409.0,827095885.0,931475576.4285715,20224760.782046393,10,42,4,False
Texas,2022-10-30,Beverages,850515310,2022-10-30,871009110.0,944672827.0,850032374.0,917178819.4285715,22423461.314224776,10,43,4,False
Texas,2022-11-06,Beverages,847475436,2022-11-06,850515310.0,931076823.0,871634417.0,903727745.5714285,29133350.164857164,11,44,4,False
Texas,2022-11-13,Beverages,852211525,2022-11-13,847475436.0,929950136.0,870295163.0,891784690.2857143,32423886.591347523,11,45,4,False
Texas,2022-11-20,Beverages,877944513,2022-11-20,852211525.0,919216523.0,839737382.0,880679174.4285715,30718225.717939105,11,46,4,False
Texas,2022-11-27,Beverages,817175269,2022-11-27,877944513.0,922684371.0,850167887.0,874783173.0,26415031.02159021,11,47,4,False
Texas,2022-12-04,Beverages,828531181,2022-12-04,817175269.0,901641946.0,890296799.0,859710444.1428572,24836933.31119339,12,48,4,False
Texas,2022-12-11,Beverages,863198650,2022-12-11,828531181.0,871009110.0,898767554.0,849266049.1428572,19886861.01732445,12,49,4,False
Texas,2022-12-18,Beverages,890163696,2022-12-18,863198650.0,850515310.0,895583947.0,848150269.1428572,18826473.01770611,12,50,4,False
Texas,2022-12-25,Beverages,883142797,2022-12-25,890163696.0,847475436.0,920017258.0,853814324.2857143,23952383.052930113,12,51,4,False
Texas,2023-01-01,Beverages,809153466,2023-01-01,883142797.0,852211525.0,909654384.0,858909661.5714285,25785536.22830182,1,52,1,False
Texas,2023-01-08,Beverages,811576957,2023-01-08,809153466.0,877944513.0,949870391.0,852758510.2857143,31214040.978156216,1,1,1,False
Texas,2023-01-15,Beverages,831013727,2023-01-15,811576957.0,817175269.0,969023692.0,843277430.8571428,32188205.48782748,1,2,1,False
Texas,2023-01-22,Beverages,803963606,2023-01-22,831013727.0,828531181.0,940907762.0,845254353.4285715,30924521.0758422,1,3,1,False
Texas,2023-01-29,Beverages,805963645,2023-01-29,803963606.0,863198650.0,966249952.0,841744699.8571428,33876497.702654704,1,4,1,False
Texas,2023-02-05,Beverages,809824257,2023-02-05,805963645.0,890163696.0,936276204.0,833568270.5714285,34610802.63875842,2,5,1,False
Texas,2023-02-12,Beverages,843860928,2023-02-12,809824257.0,883142797.0,948093410.0,822091207.8571428,26251609.029052176,2,6,1,False
Texas,2023-02-19,Beverages,824199487,2023-02-19,843860928.0,809153466.0,941450753.0,816479512.2857143,13888407.932131005,2,7,1,False
Texas,2023-02-26,Beverages,848193679,2023-02-26,824199487.0,811576957.0,963109909.0,818628943.8571428,13751892.270166826,2,8,1,False
Texas,2023-03-05,Beverages,898283675,2023-03-05,848193679.0,831013727.0,979016831.0,823859904.1428572,16718698.744351868,3,9,1,False
Texas,2023-03-12,Beverages,965979422,2023-03-12,898283675.0,803963606.0,985374559.0,833469896.7142857,31162846.469325557,3,10,1,False
Texas,2023-03-19,Beverages,921704775,2023-03-19,965979422.0,805963645.0,956650830.0,856615013.2857143,53098478.79511792,3,11,1,False
Texas,2023-03-26,Beverages,866642461,2023-03-26,921704775.0,809824257.0,950231655.0,873149460.4285715,52771122.41565546,3,12,1,False
Texas,2023-04-02,Beverages,877605066,2023-04-02,866642461.0,843860928.0,971086409.0,881266346.7142857,46390596.76659153,4,13,2,False
Texas,2023-04-09,Beverages,897717812,2023-04-09,877605066.0,824199487.0,944672827.0,886086937.8571428,43941820.64801296,4,14,2,False
Texas,2023-04-16,Beverages,908098471,2023-04-16,897717812.0,848193679.0,931076823.0,896589555.7142857,35954874.4952698,4,15,2,False
Texas,2023-04-23,Beverages,902732385,2023-04-23,908098471.0,898283675.0,929950136.0,905147383.1428572,30064004.048085164,4,16,2,False
Texas,2023-04-30,Beverages,913290167,2023-04-30,902732385.0,965979422.0,919216523.0,905782913.1428572,29959031.10610587,4,17,2,False
Texas,2023-05-07,Beverages,962022027,2023-05-07,913290167.0,921704775.0,922684371.0,898255876.7142857,18201059.835015584,5,18,2,False
Utah,2020-05-03,Beverages,52677004,2020-05-03,50139847.0,55451153.0,46002034.0,49672750.28571428,2754102.7231689976,5,18,2,False
Utah,2020-05-10,Beverages,53341435,2020-05-10,52677004.0,50908406.0,43950311.0,49276443.28571428,1986805.0609662724,5,19,2,False
Utah,2020-05-17,Beverages,52220029,2020-05-17,53341435.0,47066271.0,45862186.0,49624018.85714286,2409711.1369082225,5,20,2,False
Utah,2020-05-24,Beverages,53426620,2020-05-24,52220029.0,46730367.0,45883522.0,50360270.0,2300611.368650598,5,21,2,False
Utah,2020-05-31,Beverages,52132627,2020-05-31,53426620.0,48139868.0,43344284.0,51316877.571428575,1959238.5146137306,5,22,2,False
Utah,2020-06-07,Beverages,54771791,2020-06-07,52132627.0,49273340.0,44258186.0,51887271.71428572,1471875.376412922,6,23,2,False
Utah,2020-06-14,Beverages,54593470,2020-06-14,54771791.0,50139847.0,46091047.0,52672764.71428572,1327389.360317283,6,24,2,False
Utah,2020-06-21,Beverages,53991955,2020-06-21,54593470.0,52677004.0,46655269.0,53308996.571428575,983698.3721864537,6,25,2,False
Utah,2020-06-28,Beverages,57756300,2020-06-28,53991955.0,53341435.0,42799316.0,53496846.71428572,970540.4447087216,6,26,2,False
Utah,2020-07-05,Beverages,59980601,2020-07-05,57756300.0,52220029.0,42990859.0,54127541.71428572,1769907.079674157,7,27,3,False
Utah,2020-07-12,Beverages,55434790,2020-07-12,59980601.0,53426620.0,45535737.0,55236194.85714286,2505534.251654515,7,28,3,False
Utah,2020-07-19,Beverages,58560317,2020-07-19,55434790.0,52132627.0,50629211.0,55523076.28571428,2394418.670642219,7,29,3,False
Utah,2020-07-26,Beverages,55499838,2020-07-26,58560317.0,54771791.0,45035394.0,56441317.71428572,2136759.861556798,7,30,3,False
Utah,2020-08-02,Beverages,55710475,2020-08-02,55499838.0,54593470.0,42867211.0,56545324.428571425,2069628.7371721577,8,31,3,False
Utah,2020-08-09,Beverages,55857710,2020-08-09,55710475.0,53991955.0,42495523.0,56704896.571428575,1952746.6643064031,8,32,3,False
Utah,2020-08-16,Beverages,56385234,2020-08-16,55857710.0,57756300.0,42668745.0,56971433.0,1671309.0757695357,8,33,3,False
Utah,2020-08-23,Beverages,55895035,2020-08-23,56385234.0,59980601.0,43123445.0,56775566.428571425,1648028.4866877857,8,34,3,False
Utah,2020-08-30,Beverages,55317886,2020-08-30,55895035.0,55434790.0,46361419.0,56191914.14285714,1009280.1047469444,8,35,3,False
Utah,2020-09-06,Beverages,54625584,2020-09-06,55317886.0,58560317.0,42266559.0,56175213.571428575,1022550.045724149,9,36,3,False
Utah,2020-09-13,Beverages,50329967,2020-09-13,54625584.0,55499838.0,43844394.0,55613108.85714286,509924.5948445676,9,37,3,False
Utah,2020-09-20,Beverages,51048791,2020-09-20,50329967.0,55710475.0,44119026.0,54874555.85714286,1923564.2328745872,9,38,3,False
Utah,2020-09-27,Beverages,50455450,2020-09-27,51048791.0,55857710.0,46708924.0,54208601.0,2290787.148946951,9,39,3,False
Utah,2020-10-04,Beverages,50477556,2020-10-04,50455450.0,56385234.0,49082930.0,53436849.571428575,2505175.226117924,10,40,4,False
Utah,2020-10-11,Beverages,49615569,2020-10-11,50477556.0,55895035.0,55451153.0,52592895.571428575,2360688.7499609734,10,41,4,False
Utah,2020-10-18,Beverages,49473221,2020-10-18,49615569.0,55317886.0,50908406.0,51695829.0,2115831.7949466687,10,42,4,False
Utah,2020-10-25,Beverages,48951558,2020-10-25,49473221.0,54625584.0,47066271.0,50860876.85714286,1615897.9430269245,10,43,4,False
Utah,2020-11-01,Beverages,47922674,2020-11-01,48951558.0,50329967.0,46730367.0,50050301.71428572,670941.4842702748,11,44,4,False
Utah,2020-11-08,Beverages,48714455,2020-11-08,47922674.0,51048791.0,48139868.0,49706402.71428572,983569.2066845549,11,45,4,False
Utah,2020-11-15,Beverages,47258153,2020-11-15,48714455.0,50455450.0,49273340.0,49372926.14285714,859847.6844173212,11,46,4,False
Utah,2020-11-22,Beverages,49897854,2020-11-22,47258153.0,50477556.0,50139847.0,48916169.428571425,1001098.4648977867,11,47,4,False
Utah,2020-11-29,Beverages,46779680,2020-11-29,49897854.0,49615569.0,52677004.0,48833354.85714286,885853.5637293361,11,48,4,False
Utah,2020-12-06,Beverages,45529948,2020-12-06,46779680.0,49473221.0,53341435.0,48428227.85714286,1065697.7597051477,12,49,4,False
Utah,2020-12-13,Beverages,47701087,2020-12-13,45529948.0,48951558.0,52220029.0,47864903.14285714,1364690.1443667114,12,50,4,False
Utah,2020-12-20,Beverages,51023830,2020-12-20,47701087.0,47922674.0,53426620.0,47686264.428571425,1290586.1763080447,12,51,4,False
Utah,2020-12-27,Beverages,49514486,2020-12-27,51023830.0,48714455.0,52132627.0,48129286.71428572,1747196.2024086572,12,52,4,False
Utah,2021-01-03,Beverages,46487223,2021-01-03,49514486.0,47258153.0,54771791.0,48243576.85714286,1806882.9304014822,1,53,1,False
Utah,2021-01-10,Beverages,45720490,2021-01-10,46487223.0,49897854.0,54593470.0,48133444.0,1885379.667674131,1,1,1,False
Utah,2021-01-17,Beverages,47076790,2021-01-17,45720490.0,46779680.0,53991955.0,47536677.71428572,1893556.359213481,1,2,1,False
Utah,2021-01-24,Beverages,46429621,2021-01-24,47076790.0,45529948.0,57756300.0,47579122.0,1879389.3517087023,1,3,1,False
Utah,2021-01-31,Beverages,47480594,2021-01-31,46429621.0,47701087.0,59980601.0,47707646.71428572,1761952.593762273,1,4,1,False
Utah,2021-02-07,Beverages,47941986,2021-02-07,47480594.0,51023830.0,55434790.0,47676147.71428572,1763758.2922703058,2,5,1,False
Utah,2021-02-14,Beverages,47015915,2021-02-14,47941986.0,49514486.0,58560317.0,47235884.28571428,1151568.7000893808,2,6,1,False
Utah,2021-02-21,Beverages,46635433,2021-02-21,47015915.0,46487223.0,55499838.0,46878945.571428575,681101.7640774985,2,7,1,False
Utah,2021-02-28,Beverages,49120500,2021-02-28,46635433.0,45720490.0,55710475.0,46900118.428571425,670821.5710738515,2,8,1,False
Utah,2021-03-07,Beverages,53313224,2021-03-07,49120500.0,47076790.0,55857710.0,47385834.14285714,848287.6760217976,3,9,1,False
Utah,2021-03-14,Beverages,58770617,2021-03-14,53313224.0,46429621.0,56385234.0,48276753.28571428,2220663.596816302,3,10,1,False
Utah,2021-03-21,Beverages,54636094,2021-03-21,58770617.0,47480594.0,55895035.0,50039752.71428572,4131266.439320864,3,11,1,False
Utah,2021-03-28,Beverages,49923058,2021-03-28,54636094.0,47941986.0,55317886.0,51061967.0,4254982.664343067,3,12,1,False
Utah,2021-04-04,Beverages,52632058,2021-04-04,49923058.0,47015915.0,54625584.0,51344977.28571428,4101155.078305796,4,13,2,False
Utah,2021-04-11,Beverages,52299183,2021-04-11,52632058.0,46635433.0,50329967.0,52147283.428571425,3706100.0159506546,4,14,2,False
Utah,2021-04-18,Beverages,50219773,2021-04-18,52299183.0,49120500.0,51048791.0,52956390.571428575,2956982.9955086177,4,15,2,False
Utah,2021-04-25,Beverages,52949842,2021-04-25,50219773.0,53313224.0,50455450.0,53113429.571428575,2772534.4149278877,4,16,2,False
Utah,2021-05-02,Beverages,56007115,2021-05-02,52949842.0,58770617.0,50477556.0,53061517.85714286,2771709.345486357,5,17,2,False
Utah,2021-05-09,Beverages,57583432,2021-05-09,56007115.0,54636094.0,49615569.0,52666731.85714286,2027255.2336125658,5,18,2,False
Utah,2021-05-16,Beverages,56687106,2021-05-16,57583432.0,49923058.0,49473221.0,53087780.14285714,2613780.1828055843,5,19,2,False
Utah,2021-05-23,Beverages,57644000,2021-05-23,56687106.0,52632058.0,48951558.0,54054072.71428572,2513579.0918640187,5,20,2,False
Utah,2021-05-30,Beverages,59459477,2021-05-30,57644000.0,52299183.0,47922674.0,54770064.428571425,2712497.5860941894,5,21,2,False
Utah,2021-06-06,Beverages,60565270,2021-06-06,59459477.0,50219773.0,48714455.0,55792963.571428575,2929275.354509452,6,22,2,False
Utah,2021-06-13,Beverages,58920404,2021-06-13,60565270.0,52949842.0,47258153.0,57270891.71428572,2283141.1023382936,6,23,2,False
Utah,2021-06-20,Beverages,62263407,2021-06-20,58920404.0,56007115.0,49897854.0,58123829.14285714,1485455.0721809154,6,24,2,False
Utah,2021-06-27,Beverages,60996360,2021-06-27,62263407.0,57583432.0,46779680.0,59017585.14285714,1793243.8667829344,6,25,2,False
Utah,2021-07-04,Beverages,64984991,2021-07-04,60996360.0,56687106.0,45529948.0,59505146.28571428,1800984.1984789928,7,26,3,False
Utah,2021-07-11,Beverages,60579076,2021-07-11,64984991.0,57644000.0,47701087.0,60690558.428571425,2234653.7598191756,7,27,3,False
Utah,2021-07-18,Beverages,61593658,2021-07-18,60579076.0,59459477.0,51023830.0,61109855.0,1869147.4280082043,7,28,3,False
Utah,2021-07-25,Beverages,61069517,2021-07-25,61593658.0,60565270.0,49514486.0,61414738.0,1745018.5036883757,7,29,3,False
Utah,2021-08-01,Beverages,59394248,2021-08-01,61069517.0,58920404.0,46487223.0,61486773.28571428,1718674.1204696018,8,30,3,False
Utah,2021-08-08,Beverages,59329981,2021-08-08,59394248.0,62263407.0,45720490.0,61554465.28571428,1622925.9484581004,8,31,3,False
Utah,2021-08-15,Beverages,60656351,2021-08-15,59329981.0,60996360.0,47076790.0,61135404.428571425,1758801.0692542393,8,32,3,False
Utah,2021-08-22,Beverages,58497125,2021-08-22,60656351.0,64984991.0,46429621.0,61086831.71428572,1766647.8379271075,8,33,3,False
Utah,2021-08-29,Beverages,57573623,2021-08-29,58497125.0,60579076.0,47480594.0,60159993.71428572,1024349.7159727418,8,34,3,False
Utah,2021-09-05,Beverages,60165615,2021-09-05,57573623.0,61593658.0,47941986.0,59730643.28571428,1339954.0162801195,9,35,3,False
Utah,2021-09-12,Beverages,56620332,2021-09-12,60165615.0,61069517.0,47015915.0,59526637.14285714,1133602.6251696104,9,36,3,False
Utah,2021-09-19,Beverages,56998192,2021-09-19,56620332.0,59394248.0,46635433.0,58891039.28571428,1321991.098972694,9,37,3,False
Utah,2021-09-26,Beverages,56100569,2021-09-26,56998192.0,59329981.0,49120500.0,58548745.571428575,1451261.5295161216,9,38,3,False
Utah,2021-10-03,Beverages,78244234,2021-10-03,56100569.0,60656351.0,53313224.0,58087401.0,1631672.59602417,10,39,4,False
Utah,2021-10-10,Beverages,75874141,2021-10-10,78244234.0,58497125.0,58770617.0,60599955.71428572,7310895.805632431,10,40,4,False
Utah,2021-10-17,Beverages,75271623,2021-10-17,75874141.0,57573623.0,54636094.0,63082386.571428575,8943361.310983455,10,41,4,False
Utah,2021-10-24,Beverages,74602835,2021-10-24,75271623.0,60165615.0,49923058.0,65610672.28571428,9512183.081454804,10,42,4,False
Utah,2021-10-31,Beverages,74405507,2021-10-31,74602835.0,56620332.0,52632058.0,67673132.28571428,9671796.564533424,10,43,4,False
Utah,2021-11-07,Beverages,73559787,2021-11-07,74405507.0,56998192.0,52299183.0,70213871.57142857,8724174.326972622,11,44,4,False
Utah,2021-11-14,Beverages,74020918,2021-11-14,73559787.0,56100569.0,50219773.0,72579813.71428572,6867477.3052706905,11,45,4,False
Utah,2021-11-21,Beverages,76822262,2021-11-21,74020918.0,78244234.0,52949842.0,75139863.57142857,1452583.9085866862,11,46,4,False
Utah,2021-11-28,Beverages,70963541,2021-11-28,76822262.0,75874141.0,56007115.0,74936724.71428572,1047070.131919169,11,47,4,False
Utah,2021-12-05,Beverages,70621212,2021-12-05,70963541.0,75271623.0,57583432.0,74235210.42857143,1653441.1956120464,12,48,4,False
Utah,2021-12-12,Beverages,73375000,2021-12-12,70621212.0,74602835.0,56687106.0,73570866.0,2001229.38988322,12,49,4,False
Utah,2021-12-19,Beverages,79281415,2021-12-19,73375000.0,74405507.0,57644000.0,73395461.0,1956398.6071843507,12,50,4,False
Utah,2021-12-26,Beverages,77692275,2021-12-26,79281415.0,73559787.0,59459477.0,74092019.28571428,2854079.1865467513,12,51,4,False
Utah,2022-01-02,Beverages,70611523,2022-01-02,77692275.0,74020918.0,60565270.0,74682374.71428572,3099753.6607084447,1,52,1,False
Utah,2022-01-09,Beverages,70280805,2022-01-09,70611523.0,76822262.0,58920404.0,74195318.28571428,3417038.1962428363,1,1,1,False
Utah,2022-01-16,Beverages,72737608,2022-01-16,70280805.0,70963541.0,62263407.0,73260824.42857143,3464981.5469481894,1,2,1,False
Utah,2022-01-23,Beverages,70837611,2022-01-23,72737608.0,70621212.0,60996360.0,73514262.57142857,3350678.1377376057,1,3,1,False
Utah,2022-01-30,Beverages,73468048,2022-01-30,70837611.0,73375000.0,64984991.0,73545176.71428572,3324741.4532212946,1,4,1,False
Utah,2022-02-06,Beverages,73418460,2022-02-06,73468048.0,79281415.0,60579076.0,73558469.28571428,3324220.467002582,2,5,1,False
Utah,2022-02-13,Beverages,74270303,2022-02-13,73418460.0,77692275.0,61593658.0,72720904.28571428,2381775.4793892275,2,6,1,False
Utah,2022-02-20,Beverages,72603084,2022-02-20,74270303.0,70611523.0,61069517.0,72232051.14285715,1498725.5952761755,2,7,1,False
Utah,2022-02-27,Beverages,73960836,2022-02-27,72603084.0,70280805.0,59394248.0,72516559.85714285,1345266.1090602048,2,8,1,False
Utah,2022-03-06,Beverages,77586798,2022-03-06,73960836.0,72737608.0,59329981.0,73042278.57142857,1057007.8360993736,3,9,1,False
Utah,2022-03-13,Beverages,76383637,2022-03-13,77586798.0,70837611.0,60656351.0,73735020.0,1890633.183073447,3,10,1,False
Utah,2022-03-20,Beverages,78357863,2022-03-20,76383637.0,73468048.0,58497125.0,74527309.42857143,1658208.6789053502,3,11,1,False
Utah,2022-03-27,Beverages,79620270,2022-03-27,78357863.0,73418460.0,57573623.0,75225854.42857143,2048795.5426792118,3,12,1,False
Utah,2022-04-03,Beverages,81837858,2022-04-03,79620270.0,74270303.0,60165615.0,76111827.28571428,2388440.031805691,4,13,2,False
Utah,2022-04-10,Beverages,78038771,2022-04-10,81837858.0,72603084.0,56620332.0,77192906.57142857,2955566.409113652,4,14,2,False
Utah,2022-04-17,Beverages,80559640,2022-04-17,78038771.0,73960836.0,56998192.0,77969433.28571428,2285846.7896128367,4,15,2,False
Utah,2022-04-24,Beverages,78729130,2022-04-24,80559640.0,77586798.0,56100569.0,78912119.57142857,1731860.4946226804,4,16,2,False
Utah,2022-05-01,Beverages,81528141,2022-05-01,78729130.0,76383637.0,78244234.0,79075309.85714285,1651232.2602026195,5,17,2,False
Utah,2022-05-08,Beverages,84612637,2022-05-08,81528141.0,78357863.0,75874141.0,79810239.0,1418067.486318102,5,18,2,False
Utah,2022-05-15,Beverages,82901430,2022-05-15,84612637.0,79620270.0,75271623.0,80703778.14285715,2050823.9764457517,5,19,2,False
Utah,2022-05-22,Beverages,84186908,2022-05-22,82901430.0,81837858.0,74602835.0,81172515.28571428,2123300.5003145766,5,20,2,False
Utah,2022-05-29,Beverages,86852590,2022-05-29,84186908.0,78038771.0,74405507.0,81508093.85714285,2372895.3612387287,5,21,2,False
Utah,2022-06-05,Beverages,87654632,2022-06-05,86852590.0,80559640.0,73559787.0,82767210.85714285,2531070.7887541507,6,22,2,False
Utah,2022-06-12,Beverages,90080446,2022-06-12,87654632.0,78729130.0,74020918.0,83780781.14285715,2845208.4692271315,6,23,2,False
Utah,2022-06-19,Beverages,90948762,2022-06-19,90080446.0,81528141.0,76822262.0,85402397.71428572,2736671.454354988,6,24,2,False
Utah,2022-06-26,Beverages,90996915,2022-06-26,90948762.0,84612637.0,70963541.0,86748200.71428572,2815761.410386192,6,25,2,False
Utah,2022-07-03,Beverages,97738996,2022-07-03,90996915.0,82901430.0,70621212.0,87660240.42857143,3003992.863372276,7,26,3,False
Utah,2022-07-10,Beverages,91505962,2022-07-10,97738996.0,84186908.0,73375000.0,89779892.71428572,3975862.3206524253,7,27,3,False
Utah,2022-07-17,Beverages,93370301,2022-07-17,91505962.0,86852590.0,79281415.0,90825471.85714285,3266661.802130144,7,28,3,False
Utah,2022-07-24,Beverages,92176631,2022-07-24,93370301.0,87654632.0,77692275.0,91756573.42857143,2911093.7921720385,7,29,3,False
Utah,2022-07-31,Beverages,88275946,2022-07-31,92176631.0,90080446.0,70611523.0,92402573.28571428,2382992.82534827,7,30,3,False
Utah,2022-08-07,Beverages,87746234,2022-08-07,88275946.0,90948762.0,70280805.0,92144787.57142857,2697146.294627197,8,31,3,False
Utah,2022-08-14,Beverages,89318533,2022-08-14,87746234.0,90996915.0,72737608.0,91687283.57142857,3102391.1037746654,8,32,3,False
Utah,2022-08-21,Beverages,87263410,2022-08-21,89318533.0,97738996.0,70837611.0,91447514.71428572,3209489.5165231405,8,33,3,False
Utah,2022-08-28,Beverages,88644859,2022-08-28,87263410.0,91505962.0,73468048.0,89951002.42857143,2215301.1094686342,8,34,3,False
Utah,2022-09-04,Beverages,90796250,2022-09-04,88644859.0,93370301.0,73418460.0,89542273.42857143,2153787.6489847437,9,35,3,False
Utah,2022-09-11,Beverages,85704126,2022-09-11,90796250.0,92176631.0,74270303.0,89174551.85714285,1623212.7197038606,9,36,3,False
Utah,2022-09-18,Beverages,82578747,2022-09-18,85704126.0,88275946.0,72603084.0,88249908.28571428,1487584.4775308534,9,37,3,False
Utah,2022-09-25,Beverages,81583654,2022-09-25,82578747.0,87746234.0,73960836.0,87436022.71428572,2478907.5170587557,9,38,3,False
Utah,2022-10-02,Beverages,82461166,2022-10-02,81583654.0,89318533.0,77586798.0,86555654.14285715,3201417.6351418626,10,39,4,False
Utah,2022-10-09,Beverages,80715550,2022-10-09,82461166.0,87263410.0,76383637.0,85576030.28571428,3254825.3713210532,10,40,4,False
Utah,2022-10-16,Beverages,79051882,2022-10-16,80715550.0,88644859.0,78357863.0,84640621.71428572,3561887.7684192862,10,41,4,False
Utah,2022-10-23,Beverages,78997315,2022-10-23,79051882.0,90796250.0,79620270.0,83270196.42857143,3602835.161991671,10,42,4,False
Utah,2022-10-30,Beverages,76819843,2022-10-30,78997315.0,85704126.0,81837858.0,81584634.28571428,2157748.2844061116,10,43,4,False
Utah,2022-11-06,Beverages,76788218,2022-11-06,76819843.0,82578747.0,78038771.0,80315451.0,1965719.9384602515,11,44,4,False
Utah,2022-11-13,Beverages,77514267,2022-11-13,76788218.0,81583654.0,80559640.0,79488232.57142857,2055557.4734965493,11,45,4,False
Utah,2022-11-20,Beverages,80800177,2022-11-20,77514267.0,82461166.0,78729130.0,78906891.57142857,1953650.9153686592,11,46,4,False
Utah,2022-11-27,Beverages,78027638,2022-11-27,80800177.0,80715550.0,81528141.0,78669607.42857143,1570932.3866114884,11,47,4,False
Utah,2022-12-04,Beverages,73883028,2022-12-04,78027638.0,79051882.0,84612637.0,78285620.0,1334643.8405417195,12,48,4,False
Utah,2022-12-11,Beverages,76445233,2022-12-11,73883028.0,78997315.0,82901430.0,77547212.28571428,1980182.403787558,12,49,4,False
Utah,2022-12-18,Beverages,82619797,2022-12-18,76445233.0,76819843.0,84186908.0,77182629.14285715,1913447.5562514095,12,50,4,False
Utah,2022-12-25,Beverages,85948631,2022-12-25,82619797.0,76788218.0,86852590.0,78011194.0,2679405.9394230563,12,51,4,False
Utah,2023-01-01,Beverages,72618035,2023-01-01,85948631.0,77514267.0,87654632.0,79319824.42857143,3775374.2285613343,1,52,1,False
Utah,2023-01-08,Beverages,72347102,2023-01-08,72618035.0,80800177.0,90080446.0,78620362.71428572,4440131.449929811,1,1,1,False
Utah,2023-01-15,Beverages,74997968,2023-01-15,72347102.0,78027638.0,90948762.0,77412780.57142857,4816605.181120501,1,2,1,False
Utah,2023-01-22,Beverages,74262694,2023-01-22,74997968.0,73883028.0,90996915.0,76979970.57142857,4877642.828260187,1,3,1,False
Utah,2023-01-29,Beverages,75155901,2023-01-29,74262694.0,76445233.0,97738996.0,77034208.57142857,4844905.177768043,1,4,1,False
Utah,2023-02-05,Beverages,76237505,2023-02-05,75155901.0,82619797.0,91505962.0,76850018.28571428,4888111.057170602,2,5,1,False
Utah,2023-02-12,Beverages,80090616,2023-02-12,76237505.0,85948631.0,93370301.0,75938262.28571428,4284876.0782089615,2,6,1,False
Utah,2023-02-19,Beverages,77638645,2023-02-19,80090616.0,72618035.0,92176631.0,75101403.0,2409901.1942773703,2,7,1,False
Utah,2023-02-26,Beverages,77673269,2023-02-26,77638645.0,72347102.0,88275946.0,75818633.0,2309078.8081608494,2,8,1,False
Utah,2023-03-05,Beverages,83904754,2023-03-05,77673269.0,74997968.0,87746234.0,76579514.0,1876869.8307659607,3,9,1,False
Utah,2023-03-12,Beverages,88790245,2023-03-12,83904754.0,74262694.0,89318533.0,77851912.0,3035112.5925480863,3,10,1,False
Utah,2023-03-19,Beverages,84876141,2023-03-19,88790245.0,75155901.0,87263410.0,79927276.42857143,4489639.494496123,3,11,1,False
Utah,2023-03-26,Beverages,80341382,2023-03-26,84876141.0,76237505.0,88644859.0,81315882.14285715,4298267.0227411175,3,12,1,False
Utah,2023-04-02,Beverages,80784702,2023-04-02,80341382.0,80090616.0,90796250.0,81902150.28571428,3818740.622013379,4,13,2,False
Utah,2023-04-09,Beverages,83693796,2023-04-09,80784702.0,77638645.0,85704126.0,82001305.42857143,3779222.738945636,4,14,2,False
Utah,2023-04-16,Beverages,82950875,2023-04-16,83693796.0,77673269.0,82578747.0,82866327.0,3350299.6381992013,4,15,2,False
Utah,2023-04-23,Beverages,83207752,2023-04-23,82950875.0,83904754.0,81583654.0,83620270.71428572,2608552.7668688167,4,16,2,False
Utah,2023-04-30,Beverages,87151461,2023-04-30,83207752.0,88790245.0,82461166.0,83520699.0,2609095.9580601095,4,17,2,False
Utah,2023-05-07,Beverages,90346612,2023-05-07,87151461.0,84876141.0,80715550.0,83286587.0,2160764.7681610906,5,18,2,False
Vermont,2020-05-03,Beverages,11244376,2020-05-03,10511675.0,11435654.0,10654128.0,10816698.285714285,530350.3777901913,5,18,2,False
Vermont,2020-05-10,Beverages,11252154,2020-05-10,11244376.0,11830941.0,10493866.0,10789372.857142856,501921.44523098815,5,19,2,False
Vermont,2020-05-17,Beverages,11248781,2020-05-17,11252154.0,10444062.0,10034766.0,10706689.0,347423.53909603204,5,20,2,False
Vermont,2020-05-24,Beverages,12564025,2020-05-24,11248781.0,10611241.0,9732839.0,10821648.857142856,373650.3756719882,5,21,2,False
Vermont,2020-05-31,Beverages,12529766,2020-05-31,12564025.0,10412629.0,9998307.0,11100618.0,699401.6729481283,5,22,2,False
Vermont,2020-06-07,Beverages,12511161,2020-06-07,12529766.0,10470686.0,9914387.0,11403066.142857144,788574.6534830608,6,23,2,False
Vermont,2020-06-14,Beverages,12200507,2020-06-14,12511161.0,10511675.0,9824944.0,11694562.57142857,766876.8009967196,6,24,2,False
Vermont,2020-06-21,Beverages,12877303,2020-06-21,12200507.0,11244376.0,10234926.0,11935824.285714285,605452.1863917434,6,25,2,False
Vermont,2020-06-28,Beverages,13067929,2020-06-28,12877303.0,11252154.0,10140664.0,12169099.57142857,608671.4308582944,6,26,2,False
Vermont,2020-07-05,Beverages,14477900,2020-07-05,13067929.0,11248781.0,10098783.0,12428496.0,546347.0882416447,7,27,3,False
Vermont,2020-07-12,Beverages,13581080,2020-07-12,14477900.0,12564025.0,10100359.0,12889798.714285715,697771.3399860392,7,28,3,False
Vermont,2020-07-19,Beverages,13160168,2020-07-19,13581080.0,12529766.0,10840313.0,13035092.285714285,720333.6181548683,7,29,3,False
Vermont,2020-07-26,Beverages,13076994,2020-07-26,13160168.0,12511161.0,11284137.0,13125149.714285715,690308.4762099215,7,30,3,False
Vermont,2020-08-02,Beverages,13621460,2020-08-02,13076994.0,12200507.0,11286677.0,13205983.0,645343.6777941169,8,31,3,False
Vermont,2020-08-09,Beverages,12830791,2020-08-09,13621460.0,12877303.0,10094297.0,13408976.285714285,505466.47054483526,8,32,3,False
Vermont,2020-08-16,Beverages,12847283,2020-08-16,12830791.0,13067929.0,10459226.0,13402331.714285715,512666.30186610785,8,33,3,False
Vermont,2020-08-23,Beverages,12018681,2020-08-23,12847283.0,14477900.0,10013202.0,13370810.857142856,538395.248910731,8,34,3,False
Vermont,2020-08-30,Beverages,11781952,2020-08-30,12018681.0,13581080.0,10422771.0,13019493.857142856,502526.3955080684,8,35,3,False
Vermont,2020-09-06,Beverages,11742211,2020-09-06,11781952.0,13160168.0,10245583.0,12762475.57142857,600172.7733711519,9,36,3,False
Vermont,2020-09-13,Beverages,11410464,2020-09-13,11742211.0,13076994.0,10251653.0,12559910.285714285,667297.6599057433,9,37,3,False
Vermont,2020-09-20,Beverages,10928516,2020-09-20,11410464.0,13621460.0,10627027.0,12321834.57142857,734272.6278870086,9,38,3,False
Vermont,2020-09-27,Beverages,11274684,2020-09-27,10928516.0,12830791.0,10321603.0,11937128.285714285,653606.691200865,9,39,3,False
Vermont,2020-10-04,Beverages,11398364,2020-10-04,11274684.0,12847283.0,11002690.0,11714827.285714285,571300.1700439962,10,40,4,False
Vermont,2020-10-11,Beverages,11173347,2020-10-11,11398364.0,12018681.0,11435654.0,11507838.857142856,338583.34899137815,10,41,4,False
Vermont,2020-10-18,Beverages,10964926,2020-10-18,11173347.0,11781952.0,11830941.0,11387076.857142856,280640.0013667374,10,42,4,False
Vermont,2020-10-25,Beverages,10672287,2020-10-25,10964926.0,11742211.0,10444062.0,11270358.857142856,261379.58157332195,10,43,4,False
Vermont,2020-11-01,Beverages,10550546,2020-11-01,10672287.0,11410464.0,10611241.0,11117512.57142857,253474.87670320287,11,44,4,False
Vermont,2020-11-08,Beverages,10915170,2020-11-08,10550546.0,10928516.0,10412629.0,10994667.142857144,287784.67898498743,11,45,4,False
Vermont,2020-11-15,Beverages,10771670,2020-11-15,10915170.0,11274684.0,10470686.0,10992760.57142857,288260.4296535488,11,46,4,False
Vermont,2020-11-22,Beverages,10874180,2020-11-22,10771670.0,11398364.0,10511675.0,10920901.42857143,271217.51772377663,11,47,4,False
Vermont,2020-11-29,Beverages,10819020,2020-11-29,10874180.0,11173347.0,11244376.0,10846018.0,188933.95788455638,11,48,4,False
Vermont,2020-12-06,Beverages,10650734,2020-12-06,10819020.0,10964926.0,11252154.0,10795399.857142856,133909.0982470144,12,49,4,False
Vermont,2020-12-13,Beverages,10595475,2020-12-13,10650734.0,10672287.0,11248781.0,10750515.285714285,121660.09440752733,12,50,4,False
Vermont,2020-12-20,Beverages,10830190,2020-12-20,10595475.0,10550546.0,12564025.0,10739542.142857144,131302.92481693943,12,51,4,False
Vermont,2020-12-27,Beverages,11761644,2020-12-27,10830190.0,10915170.0,12529766.0,10779491.285714285,108238.59909753539,12,52,4,False
Vermont,2021-01-03,Beverages,11494781,2021-01-03,11761644.0,10771670.0,12511161.0,10900416.142857144,363684.4498587177,1,53,1,False
Vermont,2021-01-10,Beverages,10942796,2021-01-10,11494781.0,10874180.0,12200507.0,11003717.714285715,411939.6913158593,1,1,1,False
Vermont,2021-01-17,Beverages,10703796,2021-01-17,10942796.0,10819020.0,12877303.0,11013520.0,409550.1028449598,1,2,1,False
Vermont,2021-01-24,Beverages,10635883,2021-01-24,10703796.0,10650734.0,13067929.0,10997059.42857143,419237.5835926541,1,3,1,False
Vermont,2021-01-31,Beverages,10799389,2021-01-31,10635883.0,10595475.0,14477900.0,10994937.857142856,421018.6054761268,1,4,1,False
Vermont,2021-02-07,Beverages,10992666,2021-02-07,10799389.0,10830190.0,13581080.0,11024068.42857143,398842.13007327856,2,5,1,False
Vermont,2021-02-14,Beverages,10792892,2021-02-14,10992666.0,11761644.0,13160168.0,11047279.285714285,391544.8110240468,2,6,1,False
Vermont,2021-02-21,Beverages,11079750,2021-02-21,10792892.0,11494781.0,13076994.0,10908886.142857144,265512.62694458547,2,7,1,False
Vermont,2021-02-28,Beverages,10854414,2021-02-28,11079750.0,10942796.0,13621460.0,10849596.0,148705.41936584032,2,8,1,False
Vermont,2021-03-07,Beverages,11517988,2021-03-07,10854414.0,10703796.0,12830791.0,10836970.0,143931.61780792064,3,9,1,False
Vermont,2021-03-14,Beverages,12010396,2021-03-14,11517988.0,10635883.0,12847283.0,10953283.142857144,266287.4778103661,3,10,1,False
Vermont,2021-03-21,Beverages,12539026,2021-03-21,12010396.0,10799389.0,12018681.0,11149642.142857144,421427.826349295,3,11,1,False
Vermont,2021-03-28,Beverages,11222143,2021-03-28,12539026.0,10992666.0,11781952.0,11398161.714285715,611623.8674302319,3,12,1,False
Vermont,2021-04-04,Beverages,11275937,2021-04-04,11222143.0,10792892.0,11742211.0,11430944.142857144,594933.2839649201,4,13,2,False
Vermont,2021-04-11,Beverages,11243964,2021-04-11,11275937.0,11079750.0,11410464.0,11499950.57142857,542639.4164013139,4,14,2,False
Vermont,2021-04-18,Beverages,11028639,2021-04-18,11243964.0,10854414.0,10928516.0,11523409.714285715,527299.1883800436,4,15,2,False
Vermont,2021-04-25,Beverages,11336823,2021-04-25,11028639.0,11517988.0,11274684.0,11548299.0,498457.26233791414,4,16,2,False
Vermont,2021-05-02,Beverages,11912435,2021-05-02,11336823.0,12010396.0,11398364.0,11522418.285714285,504031.20069152577,5,17,2,False
Vermont,2021-05-09,Beverages,11994926,2021-05-09,11912435.0,12539026.0,11173347.0,11508423.857142856,491492.1941626174,5,18,2,False
Vermont,2021-05-16,Beverages,12174721,2021-05-16,11994926.0,11222143.0,10964926.0,11430695.285714285,342929.2890231717,5,19,2,False
Vermont,2021-05-23,Beverages,13910948,2021-05-23,12174721.0,11275937.0,10672287.0,11566777.857142856,414669.30452424637,5,20,2,False
Vermont,2021-05-30,Beverages,13487132,2021-05-30,13910948.0,11243964.0,10550546.0,11943208.0,896206.4583656573,5,21,2,False
Vermont,2021-06-06,Beverages,13043593,2021-06-06,13487132.0,11028639.0,10915170.0,12263660.57142857,985482.6449585655,6,22,2,False
Vermont,2021-06-13,Beverages,13342857,2021-06-13,13043593.0,11336823.0,10771670.0,12551511.142857144,870241.5884222101,6,23,2,False
Vermont,2021-06-20,Beverages,13908880,2021-06-20,13342857.0,11912435.0,10874180.0,12838087.42857143,744227.5155214476,6,24,2,False
Vermont,2021-06-27,Beverages,13628238,2021-06-27,13908880.0,11994926.0,10819020.0,13123293.857142856,716886.8737441076,6,25,2,False
Vermont,2021-07-04,Beverages,14328350,2021-07-04,13628238.0,12174721.0,10650734.0,13356624.142857144,560374.9942128899,7,26,3,False
Vermont,2021-07-11,Beverages,13843774,2021-07-11,14328350.0,13910948.0,10595475.0,13664285.42857143,393320.80222139444,7,27,3,False
Vermont,2021-07-18,Beverages,13433531,2021-07-18,13843774.0,13487132.0,10830190.0,13654689.142857144,387968.6799682046,7,28,3,False
Vermont,2021-07-25,Beverages,13661363,2021-07-25,13433531.0,13043593.0,11761644.0,13647031.857142856,391711.0754318885,7,29,3,False
Vermont,2021-08-01,Beverages,13464126,2021-08-01,13661363.0,13342857.0,11494781.0,13735284.714285715,306036.8619484789,8,30,3,False
Vermont,2021-08-08,Beverages,13735041,2021-08-08,13464126.0,13908880.0,10942796.0,13752608.857142856,286116.0059466387,8,31,3,False
Vermont,2021-08-15,Beverages,14357893,2021-08-15,13735041.0,13628238.0,10703796.0,13727774.714285715,278928.40836905304,8,32,3,False
Vermont,2021-08-22,Beverages,13064025,2021-08-22,14357893.0,14328350.0,10635883.0,13832011.142857144,349630.8796791385,8,33,3,False
Vermont,2021-08-29,Beverages,12916090,2021-08-29,13064025.0,13843774.0,10799389.0,13651393.285714285,372402.0573939127,8,34,3,False
Vermont,2021-09-05,Beverages,12654207,2021-09-05,12916090.0,13433531.0,10992666.0,13518867.0,439399.12126475526,9,35,3,False
Vermont,2021-09-12,Beverages,12307859,2021-09-12,12654207.0,13661363.0,10792892.0,13407535.0,535202.511407175,9,36,3,False
Vermont,2021-09-19,Beverages,11854055,2021-09-19,12307859.0,13464126.0,11079750.0,13214177.285714285,642343.9565033906,9,37,3,False
Vermont,2021-09-26,Beverages,12191094,2021-09-26,11854055.0,13735041.0,10854414.0,12984167.142857144,784252.6853000976,9,38,3,False
Vermont,2021-10-03,Beverages,17208123,2021-10-03,12191094.0,14357893.0,11517988.0,12763603.285714285,758756.5462973656,10,39,4,False
Vermont,2021-10-10,Beverages,17238409,2021-10-10,17208123.0,13064025.0,12010396.0,13170779.0,1693746.1370458605,10,40,4,False
Vermont,2021-10-17,Beverages,16867636,2021-10-17,17238409.0,12916090.0,12539026.0,13767119.57142857,2207982.1006570873,10,41,4,False
Vermont,2021-10-24,Beverages,16095630,2021-10-24,16867636.0,12654207.0,11222143.0,14331626.142857144,2413786.9418889945,10,42,4,False
Vermont,2021-10-31,Beverages,15986865,2021-10-31,16095630.0,12307859.0,11275937.0,14823258.0,2372179.0239691436,10,43,4,False
Vermont,2021-11-07,Beverages,16450799,2021-11-07,15986865.0,11854055.0,11243964.0,15348830.285714285,2154191.886299018,11,44,4,False
Vermont,2021-11-14,Beverages,16477180,2021-11-14,16450799.0,12191094.0,11028639.0,16005508.0,1624196.5128954197,11,45,4,False
Vermont,2021-11-21,Beverages,16714318,2021-11-21,16477180.0,17208123.0,11336823.0,16617806.0,465135.7120023646,11,46,4,False
Vermont,2021-11-28,Beverages,16052504,2021-11-28,16714318.0,17238409.0,11912435.0,16547262.42857143,403637.78872837184,11,47,4,False
Vermont,2021-12-05,Beverages,16412109,2021-12-05,16052504.0,16867636.0,11994926.0,16377847.42857143,317727.7530258507,12,48,4,False
Vermont,2021-12-12,Beverages,16128337,2021-12-12,16412109.0,16095630.0,12174721.0,16312772.142857144,250226.7360958845,12,49,4,False
Vermont,2021-12-19,Beverages,17427392,2021-12-19,16128337.0,15986865.0,13910948.0,16317444.57142857,246404.64014507353,12,50,4,False
Vermont,2021-12-26,Beverages,17740468,2021-12-26,17427392.0,16450799.0,13487132.0,16523234.142857144,422790.3455405898,12,51,4,False
Vermont,2022-01-02,Beverages,17602152,2022-01-02,17740468.0,16477180.0,13043593.0,16707472.57142857,596425.8494313807,1,52,1,False
Vermont,2022-01-09,Beverages,16658675,2022-01-09,17602152.0,16714318.0,13342857.0,16868182.85714286,660809.9572277773,1,1,1,False
Vermont,2022-01-16,Beverages,16914502,2022-01-16,16658675.0,16052504.0,13908880.0,16860233.85714286,662944.2379840525,1,2,1,False
Vermont,2022-01-23,Beverages,16263822,2022-01-23,16914502.0,16412109.0,13628238.0,16983376.42857143,575801.8381420402,1,3,1,False
Vermont,2022-01-30,Beverages,16366358,2022-01-30,16263822.0,16128337.0,14328350.0,16962192.57142857,598701.584115955,1,4,1,False
Vermont,2022-02-06,Beverages,17004640,2022-02-06,16366358.0,17427392.0,13843774.0,16996195.57142857,555584.0430450538,2,5,1,False
Vermont,2022-02-13,Beverages,16689059,2022-02-13,17004640.0,17740468.0,13433531.0,16935802.42857143,527707.3091127572,2,6,1,False
Vermont,2022-02-20,Beverages,16725384,2022-02-20,16689059.0,17602152.0,13661363.0,16785601.14285714,414866.18887974793,2,7,1,False
Vermont,2022-02-27,Beverages,16700359,2022-02-27,16725384.0,16658675.0,13464126.0,16660348.57142857,248380.7670776383,2,8,1,False
Vermont,2022-03-06,Beverages,17086731,2022-03-06,16700359.0,16914502.0,13735041.0,16666303.42857143,248768.63877518705,3,9,1,False
Vermont,2022-03-13,Beverages,16804677,2022-03-13,17086731.0,16263822.0,14357893.0,16690907.57142857,278803.59561729874,3,10,1,False
Vermont,2022-03-20,Beverages,17123995,2022-03-20,16804677.0,16366358.0,13064025.0,16768172.57142857,218066.94597316434,3,11,1,False
Vermont,2022-03-27,Beverages,16939633,2022-03-27,17123995.0,17004640.0,12916090.0,16876406.42857143,175672.18924476663,3,12,1,False
Vermont,2022-04-03,Beverages,17273732,2022-04-03,16939633.0,16689059.0,12654207.0,16867119.714285713,170283.4089629226,4,13,2,False
Vermont,2022-04-10,Beverages,16901303,2022-04-10,17273732.0,16725384.0,12307859.0,16950644.42857143,202755.43438935175,4,14,2,False
Vermont,2022-04-17,Beverages,17514824,2022-04-17,16901303.0,16700359.0,11854055.0,16975775.714285713,183240.51659816215,4,15,2,False
Vermont,2022-04-24,Beverages,16530617,2022-04-24,17514824.0,17086731.0,12191094.0,17092127.85714286,225196.27891219535,4,16,2,False
Vermont,2022-05-01,Beverages,17584378,2022-05-01,16530617.0,16804677.0,17208123.0,17012683.0,299064.84428010497,5,17,2,False
Vermont,2022-05-08,Beverages,18223424,2022-05-08,17584378.0,17123995.0,17238409.0,17124068.85714286,342845.1296299152,5,18,2,False
Vermont,2022-05-15,Beverages,19138994,2022-05-15,18223424.0,16939633.0,16867636.0,17281130.14285714,515295.12663737783,5,19,2,False
Vermont,2022-05-22,Beverages,20057254,2022-05-22,19138994.0,17273732.0,16095630.0,17595324.57142857,802025.4995258985,5,20,2,False
Vermont,2022-05-29,Beverages,19462028,2022-05-29,20057254.0,16901303.0,15986865.0,17992970.57142857,1155949.3719311808,5,21,2,False
Vermont,2022-06-05,Beverages,20243384,2022-06-05,19462028.0,17514824.0,16450799.0,18358788.42857143,1157778.9921698924,6,22,2,False
Vermont,2022-06-12,Beverages,19894380,2022-06-12,20243384.0,16530617.0,16477180.0,18748582.714285713,1262594.425203667,6,23,2,False
Vermont,2022-06-19,Beverages,20105333,2022-06-19,19894380.0,17584378.0,16714318.0,19229120.285714287,920875.1881614958,6,24,2,False
Vermont,2022-06-26,Beverages,20273985,2022-06-26,20105333.0,18223424.0,16052504.0,19589256.714285713,664482.7837351904,6,25,2,False
Vermont,2022-07-03,Beverages,22844305,2022-07-03,20273985.0,19138994.0,16412109.0,19882194.0,395226.81326588325,7,26,3,False
Vermont,2022-07-10,Beverages,21109350,2022-07-10,22844305.0,20057254.0,16128337.0,20411524.14285714,1024963.56540267,7,27,3,False
Vermont,2022-07-17,Beverages,21496521,2022-07-17,21109350.0,19462028.0,17427392.0,20561823.57142857,1039036.3899850806,7,28,3,False
Vermont,2022-07-24,Beverages,21507024,2022-07-24,21496521.0,20243384.0,17740468.0,20852465.42857143,973210.9225333082,7,29,3,False
Vermont,2022-07-31,Beverages,21055279,2022-07-31,21507024.0,19894380.0,17602152.0,21032985.42857143,960604.7903098345,7,30,3,False
Vermont,2022-08-07,Beverages,21576116,2022-08-07,21055279.0,20105333.0,16658675.0,21198828.14285714,842689.4854608001,8,31,3,False
Vermont,2022-08-14,Beverages,20866311,2022-08-14,21576116.0,20273985.0,16914502.0,21408940.0,717979.7584144761,8,32,3,False
Vermont,2022-08-21,Beverages,19885724,2022-08-21,20866311.0,22844305.0,16263822.0,21493558.0,605294.0811346781,8,33,3,False
Vermont,2022-08-28,Beverages,19708102,2022-08-28,19885724.0,21109350.0,16366358.0,21070903.57142857,544429.1668756832,8,34,3,False
Vermont,2022-09-04,Beverages,19188721,2022-09-04,19708102.0,21496521.0,17004640.0,20870725.285714287,722107.2730890035,9,35,3,False
Vermont,2022-09-11,Beverages,18020623,2022-09-11,19188721.0,21507024.0,16689059.0,20541039.57142857,872332.0015630467,9,36,3,False
Vermont,2022-09-18,Beverages,18198310,2022-09-18,18020623.0,21055279.0,16725384.0,20042982.285714287,1134503.5544227078,9,37,3,False
Vermont,2022-09-25,Beverages,17772235,2022-09-25,18198310.0,21576116.0,16700359.0,19634843.85714286,1208406.304115563,9,38,3,False
Vermont,2022-10-02,Beverages,17781060,2022-10-02,17772235.0,20866311.0,17086731.0,19091432.285714287,1059340.8894975842,10,39,4,False
Vermont,2022-10-09,Beverages,18224034,2022-10-09,17781060.0,19885724.0,16804677.0,18650682.14285714,850418.2247478252,10,40,4,False
Vermont,2022-10-16,Beverages,17842758,2022-10-16,18224034.0,19708102.0,17123995.0,18413297.85714286,689173.3406322285,10,41,4,False
Vermont,2022-10-23,Beverages,17253872,2022-10-23,17842758.0,19188721.0,16939633.0,18146820.14285714,459292.09641802666,10,42,4,False
Vermont,2022-10-30,Beverages,17001670,2022-10-30,17253872.0,18020623.0,17273732.0,17870413.14285714,305576.22172914614,10,43,4,False
Vermont,2022-11-06,Beverages,17483212,2022-11-06,17001670.0,18198310.0,16901303.0,17724848.42857143,420453.1289946085,11,44,4,False
Vermont,2022-11-13,Beverages,16990549,2022-11-13,17483212.0,17772235.0,17514824.0,17622691.57142857,377706.60865194537,11,45,4,False
Vermont,2022-11-20,Beverages,17076820,2022-11-20,16990549.0,17781060.0,16530617.0,17511022.14285714,429049.8705909512,11,46,4,False
Vermont,2022-11-27,Beverages,17415651,2022-11-27,17076820.0,18224034.0,17584378.0,17410416.42857143,436438.0218678726,11,47,4,False
Vermont,2022-12-04,Beverages,16973330,2022-12-04,17415651.0,17842758.0,18223424.0,17294933.14285714,287363.9185450532,12,48,4,False
Vermont,2022-12-11,Beverages,17078050,2022-12-11,16973330.0,17253872.0,19138994.0,17170729.14285714,197620.20712662264,12,49,4,False
Vermont,2022-12-18,Beverages,17867737,2022-12-18,17078050.0,17001670.0,20057254.0,17145611.714285713,196627.53627623804,12,50,4,False
Vermont,2022-12-25,Beverages,19232544,2022-12-25,17867737.0,17483212.0,19462028.0,17269335.57142857,308042.03737345635,12,51,4,False
Vermont,2023-01-01,Beverages,18254415,2023-01-01,19232544.0,16990549.0,20243384.0,17519240.14285714,759276.6690446362,1,52,1,False
Vermont,2023-01-08,Beverages,17426156,2023-01-08,18254415.0,17076820.0,19894380.0,17699792.42857143,762353.6179853978,1,1,1,False
Vermont,2023-01-15,Beverages,17048539,2023-01-15,17426156.0,17415651.0,20105333.0,17749697.57142857,730716.8551970057,1,2,1,False
Vermont,2023-01-22,Beverages,17196042,2023-01-22,17048539.0,16973330.0,20273985.0,17697253.0,765171.6013121608,1,3,1,False
Vermont,2023-01-29,Beverages,17032340,2023-01-29,17196042.0,17078050.0,22844305.0,17729069.0,738577.3204306563,1,4,1,False
Vermont,2023-02-05,Beverages,17520094,2023-02-05,17032340.0,17867737.0,21109350.0,17722539.0,744482.7813956119,2,5,1,False
Vermont,2023-02-12,Beverages,17722087,2023-02-12,17520094.0,19232544.0,21496521.0,17672875.714285713,744735.6873173402,2,6,1,False
Vermont,2023-02-19,Beverages,17621735,2023-02-19,17722087.0,18254415.0,21507024.0,17457096.14285714,401132.24267776066,2,7,1,False
Vermont,2023-02-26,Beverages,17333835,2023-02-26,17621735.0,17426156.0,21055279.0,17366713.285714287,256502.49235217756,2,8,1,False
Vermont,2023-03-05,Beverages,18343682,2023-03-05,17333835.0,17048539.0,21576116.0,17353524.57142857,255478.44476552884,3,9,1,False
Vermont,2023-03-12,Beverages,18511581,2023-03-12,18343682.0,17196042.0,20866311.0,17538545.0,397249.88030734326,3,10,1,False
Vermont,2023-03-19,Beverages,19111463,2023-03-19,18511581.0,17032340.0,19885724.0,17726479.14285714,490904.17012933583,3,11,1,False
Vermont,2023-03-26,Beverages,17260096,2023-03-26,19111463.0,17520094.0,19708102.0,18023496.714285713,598297.9907902338,3,12,1,False
Vermont,2023-04-02,Beverages,17377273,2023-04-02,17260096.0,17722087.0,19188721.0,17986354.14285714,635321.3769448346,4,13,2,False
Vermont,2023-04-09,Beverages,18173575,2023-04-09,17377273.0,17621735.0,18020623.0,17937095.0,666503.6960274392,4,14,2,False
Vermont,2023-04-16,Beverages,18162049,2023-04-16,18173575.0,17333835.0,18198310.0,18015929.285714287,657110.2523601307,4,15,2,False
Vermont,2023-04-23,Beverages,17623203,2023-04-23,18162049.0,18343682.0,17772235.0,18134245.57142857,595298.7651276526,4,16,2,False
Vermont,2023-04-30,Beverages,18276857,2023-04-30,17623203.0,18511581.0,17781060.0,18031320.0,612233.5592801444,4,17,2,False
Vermont,2023-05-07,Beverages,19494926,2023-05-07,18276857.0,19111463.0,18224034.0,17997788.0,591073.6650781585,5,18,2,False
Virginia,2020-05-03,Beverages,176705173,2020-05-03,166146355.0,188754728.0,172066423.0,170201285.57142857,8628822.65385199,5,18,2,False
Virginia,2020-05-10,Beverages,175163330,2020-05-10,176705173.0,176342493.0,161601645.0,168479920.57142857,5325473.905566343,5,19,2,False
Virginia,2020-05-17,Beverages,175645455,2020-05-17,175163330.0,161690146.0,153893495.0,168311468.7142857,5087435.368915422,5,20,2,False
Virginia,2020-05-24,Beverages,181602899,2020-05-24,175645455.0,166942310.0,150809622.0,170305084.2857143,4829935.069898336,5,21,2,False
Virginia,2020-05-31,Beverages,180652170,2020-05-31,181602899.0,165311737.0,156968155.0,172399454.14285713,5963287.44651218,5,22,2,False
Virginia,2020-06-07,Beverages,185516072,2020-06-07,180652170.0,166221230.0,155391291.0,174590944.57142857,5771589.937171473,6,23,2,False
Virginia,2020-06-14,Beverages,182008194,2020-06-14,185516072.0,166146355.0,151880467.0,177347350.57142857,5723393.372634938,6,24,2,False
Virginia,2020-06-21,Beverages,177589601,2020-06-21,182008194.0,176705173.0,154500701.0,179613327.57142857,3578092.4528541234,6,25,2,False
Virginia,2020-06-28,Beverages,190019012,2020-06-28,177589601.0,175163330.0,153170304.0,179739674.42857143,3487643.099667641,6,26,2,False
Virginia,2020-07-05,Beverages,199524865,2020-07-05,190019012.0,175645455.0,155885205.0,181861914.7142857,4445545.226096433,7,27,3,False
Virginia,2020-07-12,Beverages,187064332,2020-07-12,199524865.0,181602899.0,151159938.0,185273259.0,6868298.386347922,7,28,3,False
Virginia,2020-07-19,Beverages,191619754,2020-07-19,187064332.0,180652170.0,163692375.0,186053463.7142857,6715547.241351062,7,29,3,False
Virginia,2020-07-26,Beverages,183961730,2020-07-26,191619754.0,185516072.0,151352893.0,187620261.42857143,6549979.841518744,7,30,3,False
Virginia,2020-08-02,Beverages,187624235,2020-08-02,183961730.0,182008194.0,152001837.0,187398212.57142857,6643232.331456273,8,31,3,False
Virginia,2020-08-09,Beverages,184209933,2020-08-09,187624235.0,177589601.0,152855580.0,188200504.14285713,6272625.723236999,8,32,3,False
Virginia,2020-08-16,Beverages,179700730,2020-08-16,184209933.0,190019012.0,145982252.0,189146265.85714287,4964056.092757945,8,33,3,False
Virginia,2020-08-23,Beverages,178591806,2020-08-23,179700730.0,199524865.0,144337569.0,187672225.57142857,5925005.951723329,8,34,3,False
Virginia,2020-08-30,Beverages,182383627,2020-08-30,178591806.0,187064332.0,150953057.0,184681788.57142857,4227627.377626999,8,35,3,False
Virginia,2020-09-06,Beverages,186222413,2020-09-06,182383627.0,191619754.0,152055733.0,184013116.42857143,4167647.659315268,9,36,3,False
Virginia,2020-09-13,Beverages,173220384,2020-09-13,186222413.0,183961730.0,148167205.0,183242067.7142857,3034173.279829821,9,37,3,False
Virginia,2020-09-20,Beverages,168928097,2020-09-20,173220384.0,187624235.0,148804133.0,181707589.7142857,4596230.194107441,9,38,3,False
Virginia,2020-09-27,Beverages,168797590,2020-09-27,168928097.0,184209933.0,158527801.0,179036712.85714287,5685206.168846025,9,39,3,False
Virginia,2020-10-04,Beverages,176217089,2020-10-04,168797590.0,179700730.0,163409249.0,176834949.57142857,6215120.772864059,10,40,4,False
Virginia,2020-10-11,Beverages,169654399,2020-10-11,176217089.0,178591806.0,188754728.0,176337286.57142857,6104207.665197298,10,41,4,False
Virginia,2020-10-18,Beverages,163050882,2020-10-18,169654399.0,182383627.0,176342493.0,175060514.14285713,6425357.712521605,10,42,4,False
Virginia,2020-10-25,Beverages,165623748,2020-10-25,163050882.0,186222413.0,161690146.0,172298693.42857143,6826484.755508949,10,43,4,False
Virginia,2020-11-01,Beverages,165112481,2020-11-01,165623748.0,173220384.0,166942310.0,169356027.0,4075645.235895845,11,44,4,False
Virginia,2020-11-08,Beverages,167596233,2020-11-08,165112481.0,168928097.0,165311737.0,168197755.14285713,3963394.2954332307,11,45,4,False
Virginia,2020-11-15,Beverages,163694977,2020-11-15,167596233.0,168797590.0,166221230.0,168007488.85714287,3955727.8765139766,11,46,4,False
Virginia,2020-11-22,Beverages,168158835,2020-11-22,163694977.0,176217089.0,166146355.0,167278544.14285713,4205242.598027925,11,47,4,False
Virginia,2020-11-29,Beverages,163619179,2020-11-29,168158835.0,169654399.0,176705173.0,166127365.0,2248469.0364548117,11,48,4,False
Virginia,2020-12-06,Beverages,159632428,2020-12-06,163619179.0,163050882.0,175163330.0,165265190.7142857,1853063.3994281157,12,49,4,False
Virginia,2020-12-13,Beverages,162737264,2020-12-13,159632428.0,165623748.0,175645455.0,164776840.14285713,2650939.361409562,12,50,4,False
Virginia,2020-12-20,Beverages,168096273,2020-12-20,162737264.0,165112481.0,181602899.0,164364485.2857143,2710949.1935919654,12,51,4,False
Virginia,2020-12-27,Beverages,160600536,2020-12-27,168096273.0,167596233.0,180652170.0,164790741.2857143,3012820.2597946106,12,52,4,False
Virginia,2021-01-03,Beverages,161285295,2021-01-03,160600536.0,163694977.0,185516072.0,163791356.0,3076065.236100179,1,53,1,False
Virginia,2021-01-10,Beverages,158932759,2021-01-10,161285295.0,168158835.0,182008194.0,163447115.7142857,3199928.226006115,1,1,1,False
Virginia,2021-01-17,Beverages,159488853,2021-01-17,158932759.0,163619179.0,177589601.0,162129104.85714287,2870933.997867486,1,2,1,False
Virginia,2021-01-24,Beverages,156698362,2021-01-24,159488853.0,159632428.0,190019012.0,161539058.2857143,2927928.5306349704,1,3,1,False
Virginia,2021-01-31,Beverages,160272674,2021-01-31,156698362.0,162737264.0,199524865.0,161119906.0,3350408.064215897,1,4,1,False
Virginia,2021-02-07,Beverages,160563408,2021-02-07,160272674.0,168096273.0,187064332.0,160767821.7142857,3290915.008002628,2,5,1,False
Virginia,2021-02-14,Beverages,155848250,2021-02-14,160563408.0,160600536.0,191619754.0,159691698.14285713,1416239.702366314,2,6,1,False
Virginia,2021-02-21,Beverages,157894230,2021-02-21,155848250.0,161285295.0,183961730.0,159012800.14285713,1880726.8419170554,2,7,1,False
Virginia,2021-02-28,Beverages,163796229,2021-02-28,157894230.0,158932759.0,187624235.0,158528362.2857143,1656335.896061747,2,8,1,False
Virginia,2021-03-07,Beverages,174612377,2021-03-07,163796229.0,159488853.0,184209933.0,159223143.7142857,2490323.4037428615,3,9,1,False
Virginia,2021-03-14,Beverages,200079906,2021-03-14,174612377.0,156698362.0,179700730.0,161383647.14285713,5946132.582613268,3,10,1,False
Virginia,2021-03-21,Beverages,188758958,2021-03-21,200079906.0,160272674.0,178591806.0,167581010.57142857,14412756.290565062,3,11,1,False
Virginia,2021-03-28,Beverages,173111525,2021-03-28,188758958.0,160563408.0,182383627.0,171650479.7142857,15735593.989205651,3,12,1,False
Virginia,2021-04-04,Beverages,178524305,2021-04-04,173111525.0,155848250.0,186222413.0,173443067.85714287,15071166.016752709,4,13,2,False
Virginia,2021-04-11,Beverages,180011223,2021-04-11,178524305.0,157894230.0,173220384.0,176682504.2857143,13270612.175481273,4,14,2,False
Virginia,2021-04-18,Beverages,176271631,2021-04-18,180011223.0,163796229.0,168928097.0,179842074.7142857,10829621.766090373,4,15,2,False
Virginia,2021-04-25,Beverages,175065614,2021-04-25,176271631.0,174612377.0,168797590.0,181624275.0,8896308.960120464,4,16,2,False
Virginia,2021-05-02,Beverages,187739403,2021-05-02,175065614.0,200079906.0,176217089.0,181689023.14285713,8846550.305013403,5,17,2,False
Virginia,2021-05-09,Beverages,187731621,2021-05-09,187739403.0,188758958.0,169654399.0,179926094.14285713,5662625.080690329,5,18,2,False
Virginia,2021-05-16,Beverages,184915271,2021-05-16,187731621.0,173111525.0,163050882.0,179779331.7142857,5440762.167681515,5,19,2,False
Virginia,2021-05-23,Beverages,190347001,2021-05-23,184915271.0,178524305.0,165623748.0,181465581.14285713,4916843.0170015665,5,20,2,False
Virginia,2021-05-30,Beverages,191434284,2021-05-30,190347001.0,180011223.0,165112481.0,183154537.7142857,5599590.673891629,5,21,2,False
Virginia,2021-06-06,Beverages,197856116,2021-06-06,191434284.0,176271631.0,167596233.0,184786403.57142857,6088874.842562165,6,22,2,False
Virginia,2021-06-13,Beverages,195582842,2021-06-13,197856116.0,175065614.0,163694977.0,187869901.42857143,6450704.233049985,6,23,2,False
Virginia,2021-06-20,Beverages,191339932,2021-06-20,195582842.0,187739403.0,168158835.0,190800934.0,4254142.651202535,6,24,2,False
Virginia,2021-06-27,Beverages,195554733,2021-06-27,191339932.0,187731621.0,163619179.0,191315295.2857143,4066407.3636812274,6,25,2,False
Virginia,2021-07-04,Beverages,211924902,2021-07-04,195554733.0,184915271.0,159632428.0,192432882.7142857,4002441.773565937,7,26,3,False
Virginia,2021-07-11,Beverages,199497004,2021-07-11,211924902.0,190347001.0,162737264.0,196291401.42857143,6880032.644481056,7,27,3,False
Virginia,2021-07-18,Beverages,204653908,2021-07-18,199497004.0,191434284.0,168096273.0,197598544.7142857,6484306.006801417,7,28,3,False
Virginia,2021-07-25,Beverages,199486535,2021-07-25,204653908.0,197856116.0,160600536.0,199487062.42857143,6337396.0128789395,7,29,3,False
Virginia,2021-08-01,Beverages,200020469,2021-08-01,199486535.0,195582842.0,161285295.0,199719979.42857143,6303042.114628473,8,30,3,False
Virginia,2021-08-08,Beverages,194229805,2021-08-08,200020469.0,191339932.0,158932759.0,200353926.14285713,6074061.339772422,8,31,3,False
Virginia,2021-08-15,Beverages,196460321,2021-08-15,194229805.0,195554733.0,159488853.0,200766765.14285713,5520342.447978834,8,32,3,False
Virginia,2021-08-22,Beverages,192954390,2021-08-22,196460321.0,211924902.0,156698362.0,200896134.85714287,5406111.5103615895,8,33,3,False
Virginia,2021-08-29,Beverages,200620478,2021-08-29,192954390.0,199497004.0,160272674.0,198186061.7142857,3676341.800610953,8,34,3,False
Virginia,2021-09-05,Beverages,199876305,2021-09-05,200620478.0,204653908.0,160563408.0,198346558.0,3753777.579528835,9,35,3,False
Virginia,2021-09-12,Beverages,188586877,2021-09-12,199876305.0,199486535.0,155848250.0,197664043.2857143,2876818.687643364,9,36,3,False
Virginia,2021-09-19,Beverages,187006075,2021-09-19,188586877.0,200020469.0,157894230.0,196106949.2857143,4140984.699786507,9,37,3,False
Virginia,2021-09-26,Beverages,178228310,2021-09-26,187006075.0,194229805.0,163796229.0,194247750.14285713,4830678.834694545,9,38,3,False
Virginia,2021-10-03,Beverages,271048031,2021-10-03,178228310.0,196460321.0,174612377.0,191961822.2857143,7400695.752174723,10,39,4,False
Virginia,2021-10-10,Beverages,264267113,2021-10-10,271048031.0,192954390.0,200079906.0,202617209.42857143,28841990.90433844,10,40,4,False
Virginia,2021-10-17,Beverages,257032021,2021-10-17,264267113.0,200620478.0,188758958.0,212804741.2857143,35463991.735998064,10,41,4,False
Virginia,2021-10-24,Beverages,256856676,2021-10-24,257032021.0,199876305.0,173111525.0,220863533.14285713,38091712.7932971,10,42,4,False
Virginia,2021-10-31,Beverages,255221502,2021-10-31,256856676.0,188586877.0,178524305.0,229003586.14285713,38818385.61522065,10,43,4,False
Virginia,2021-11-07,Beverages,254210851,2021-11-07,255221502.0,187006075.0,180011223.0,238522818.2857143,35792313.02594435,11,44,4,False
Virginia,2021-11-14,Beverages,257365910,2021-11-14,254210851.0,178228310.0,176271631.0,248123500.57142857,29067791.531054363,11,45,4,False
Virginia,2021-11-21,Beverages,260709600,2021-11-21,257365910.0,271048031.0,175065614.0,259428872.0,5605609.900715087,11,46,4,False
Virginia,2021-11-28,Beverages,246183598,2021-11-28,260709600.0,264267113.0,187739403.0,257951953.2857143,3192097.891343611,11,47,4,False
Virginia,2021-12-05,Beverages,252428302,2021-12-05,246183598.0,257032021.0,187731621.0,255368594.0,4195629.531441819,12,48,4,False
Virginia,2021-12-12,Beverages,250214046,2021-12-12,252428302.0,256856676.0,184915271.0,254710919.85714287,4243881.829333235,12,49,4,False
Virginia,2021-12-19,Beverages,262572653,2021-12-19,250214046.0,255221502.0,190347001.0,253761972.7142857,4397853.878757543,12,50,4,False
Virginia,2021-12-26,Beverages,252987751,2021-12-26,262572653.0,254210851.0,191434284.0,254812137.14285713,5387363.1934139505,12,51,4,False
Virginia,2022-01-02,Beverages,247570917,2022-01-02,252987751.0,257365910.0,197856116.0,254637408.57142857,5423742.836576518,1,52,1,False
Virginia,2022-01-09,Beverages,248898889,2022-01-09,247570917.0,260709600.0,195582842.0,253238123.85714287,5790429.340153216,1,1,1,False
Virginia,2022-01-16,Beverages,250857872,2022-01-16,248898889.0,246183598.0,191339932.0,251550879.42857143,5039585.451533041,1,2,1,False
Virginia,2022-01-23,Beverages,240630000,2022-01-23,250857872.0,252428302.0,195554733.0,252218632.85714287,4572171.061918229,1,3,1,False
Virginia,2022-01-30,Beverages,246332113,2022-01-30,240630000.0,250214046.0,211924902.0,250533161.14285713,6102692.422046338,1,4,1,False
Virginia,2022-02-06,Beverages,247718808,2022-02-06,246332113.0,262572653.0,199497004.0,249978599.2857143,6280288.694878621,2,5,1,False
Virginia,2022-02-13,Beverages,247796846,2022-02-13,247718808.0,252987751.0,204653908.0,247856621.42857143,3606959.9417638774,2,6,1,False
Virginia,2022-02-20,Beverages,245704581,2022-02-20,247796846.0,247570917.0,199486535.0,247115063.57142857,2949499.8652332956,2,7,1,False
Virginia,2022-02-27,Beverages,254539797,2022-02-27,245704581.0,248898889.0,200020469.0,246848444.14285713,2980433.8965805587,2,8,1,False
Virginia,2022-03-06,Beverages,263806233,2022-03-06,254539797.0,250857872.0,194229805.0,247654288.14285713,4010482.626420307,3,9,1,False
Virginia,2022-03-13,Beverages,266351669,2022-03-13,263806233.0,240630000.0,196460321.0,249504054.0,6961719.136333836,3,10,1,False
Virginia,2022-03-20,Beverages,267757777,2022-03-20,266351669.0,246332113.0,192954390.0,253178578.14285713,8016386.221720562,3,11,1,False
Virginia,2022-03-27,Beverages,269389622,2022-03-27,267757777.0,247718808.0,200620478.0,256239387.2857143,8863538.655568149,3,12,1,False
Virginia,2022-04-03,Beverages,272520470,2022-04-03,269389622.0,247796846.0,199876305.0,259335217.85714287,9127473.877404569,4,13,2,False
Virginia,2022-04-10,Beverages,277964646,2022-04-10,272520470.0,245704581.0,188586877.0,262867164.14285713,8755160.05140211,4,14,2,False
Virginia,2022-04-17,Beverages,282253256,2022-04-17,277964646.0,254539797.0,187006075.0,267475744.85714287,6774704.817715677,4,15,2,False
Virginia,2022-04-24,Beverages,274802222,2022-04-24,282253256.0,263806233.0,178228310.0,271434810.4285714,6124809.790546759,4,16,2,False
Virginia,2022-05-01,Beverages,290727348,2022-05-01,274802222.0,266351669.0,271048031.0,273005666.0,5324662.582418846,5,17,2,False
Virginia,2022-05-08,Beverages,284854597,2022-05-08,290727348.0,267757777.0,264267113.0,276487905.85714287,7400430.4622927625,5,18,2,False
Virginia,2022-05-15,Beverages,279296130,2022-05-15,284854597.0,269389622.0,257032021.0,278930308.71428573,6921949.002909533,5,19,2,False
Virginia,2022-05-22,Beverages,302860488,2022-05-22,279296130.0,272520470.0,256856676.0,280345524.14285713,5738129.676125259,5,20,2,False
Virginia,2022-05-29,Beverages,292593331,2022-05-29,302860488.0,277964646.0,255221502.0,284679812.4285714,8821019.262487087,5,21,2,False
Virginia,2022-06-05,Beverages,295835576,2022-06-05,292593331.0,282253256.0,254210851.0,286769624.5714286,8714780.369940024,6,22,2,False
Virginia,2022-06-12,Beverages,290185531,2022-06-12,295835576.0,274802222.0,257365910.0,288709956.0,9000567.173694644,6,23,2,False
Virginia,2022-06-19,Beverages,299528811,2022-06-19,290185531.0,290727348.0,260709600.0,290907571.5714286,6989963.450800254,6,24,2,False
Virginia,2022-06-26,Beverages,296107450,2022-06-26,299528811.0,284854597.0,246183598.0,292164923.4285714,7608678.092481686,6,25,2,False
Virginia,2022-07-03,Beverages,313281997,2022-07-03,296107450.0,279296130.0,252428302.0,293772473.85714287,7063558.298118163,7,26,3,False
Virginia,2022-07-10,Beverages,294810632,2022-07-10,313281997.0,302860488.0,250214046.0,298627597.71428573,7124488.542348368,7,27,3,False
Virginia,2022-07-17,Beverages,302418266,2022-07-17,294810632.0,292593331.0,262572653.0,297477618.28571427,6996969.31556358,7,28,3,False
Virginia,2022-07-24,Beverages,298574850,2022-07-24,302418266.0,295835576.0,252987751.0,298881180.4285714,6860517.347691144,7,29,3,False
Virginia,2022-07-31,Beverages,298870973,2022-07-31,298574850.0,290185531.0,247570917.0,299272505.28571427,6752915.496659847,7,30,3,False
Virginia,2022-08-07,Beverages,302468893,2022-08-07,298870973.0,299528811.0,248898889.0,300513282.71428573,5682359.922874745,8,31,3,False
Virginia,2022-08-14,Beverages,302020483,2022-08-14,302468893.0,296107450.0,250857872.0,300933294.4285714,5702691.823091051,8,32,3,False
Virginia,2022-08-21,Beverages,295293415,2022-08-21,302020483.0,313281997.0,240630000.0,301778013.4285714,5352478.883956163,8,33,3,False
Virginia,2022-08-28,Beverages,306222919,2022-08-28,295293415.0,294810632.0,246332113.0,299208216.0,3024296.3390161693,8,34,3,False
Virginia,2022-09-04,Beverages,309506677,2022-09-04,306222919.0,302418266.0,247718808.0,300838542.71428573,3279506.3913695556,9,35,3,False
Virginia,2022-09-11,Beverages,289237582,2022-09-11,309506677.0,298574850.0,247796846.0,301851172.85714287,4484086.511358116,9,36,3,False
Virginia,2022-09-18,Beverages,291679545,2022-09-18,289237582.0,298870973.0,245704581.0,300517277.4285714,6286750.996410095,9,37,3,False
Virginia,2022-09-25,Beverages,287218015,2022-09-25,291679545.0,302468893.0,254539797.0,299489930.5714286,7017017.802552592,9,38,3,False
Virginia,2022-10-02,Beverages,288864320,2022-10-02,287218015.0,302020483.0,263806233.0,297311233.71428573,8046014.333316811,10,39,4,False
Virginia,2022-10-09,Beverages,278024414,2022-10-09,288864320.0,295293415.0,266351669.0,295431781.85714287,8260191.748396736,10,40,4,False
Virginia,2022-10-16,Beverages,276442480,2022-10-16,278024414.0,306222919.0,267757777.0,292964781.71428573,10267911.572569486,10,41,4,False
Virginia,2022-10-23,Beverages,270821530,2022-10-23,276442480.0,309506677.0,269389622.0,288710433.28571427,10060686.87106996,10,42,4,False
Virginia,2022-10-30,Beverages,270254957,2022-10-30,270821530.0,289237582.0,272520470.0,283183983.71428573,7389756.774530068,10,43,4,False
Virginia,2022-11-06,Beverages,273249495,2022-11-06,270254957.0,291679545.0,277964646.0,280472180.14285713,8117846.878600734,11,44,4,False
Virginia,2022-11-13,Beverages,272549134,2022-11-13,273249495.0,287218015.0,282253256.0,277839315.85714287,6962495.435378788,11,45,4,False
Virginia,2022-11-20,Beverages,276320017,2022-11-20,272549134.0,288864320.0,274802222.0,275743761.4285714,5959637.89337911,11,46,4,False
Virginia,2022-11-27,Beverages,267855343,2022-11-27,276320017.0,278024414.0,290727348.0,273951718.14285713,2785781.9121292783,11,47,4,False
Virginia,2022-12-04,Beverages,265354902,2022-12-04,267855343.0,276442480.0,284854597.0,272498993.71428573,2930873.7486511976,12,48,4,False
Virginia,2022-12-11,Beverages,269510630,2022-12-11,265354902.0,270821530.0,279296130.0,270915054.0,3339269.6746620145,12,49,4,False
Virginia,2022-12-18,Beverages,281170584,2022-12-18,269510630.0,270254957.0,302860488.0,270727782.5714286,3375822.008643862,12,50,4,False
Virginia,2022-12-25,Beverages,279780285,2022-12-25,281170584.0,273249495.0,292593331.0,272287157.85714287,4950904.655024284,12,51,4,False
Virginia,2023-01-01,Beverages,262853194,2023-01-01,279780285.0,272549134.0,295835576.0,273220127.85714287,5615132.98122867,1,52,1,False
Virginia,2023-01-08,Beverages,263411853,2023-01-08,262853194.0,276320017.0,290185531.0,271834993.5714286,6700756.19073824,1,1,1,False
Virginia,2023-01-15,Beverages,268174663,2023-01-15,263411853.0,267855343.0,299528811.0,269990970.14285713,6982957.210128662,1,2,1,False
Virginia,2023-01-22,Beverages,255636483,2023-01-22,268174663.0,265354902.0,296107450.0,270036587.28571427,6969887.698083223,1,3,1,False
Virginia,2023-01-29,Beverages,257988853,2023-01-29,255636483.0,269510630.0,313281997.0,268648241.71428573,8552423.583091177,1,4,1,False
Virginia,2023-02-05,Beverages,264660031,2023-02-05,257988853.0,281170584.0,294810632.0,267002273.57142857,9303778.190515043,2,5,1,False
Virginia,2023-02-12,Beverages,270253070,2023-02-12,264660031.0,279780285.0,302418266.0,264643623.14285713,7287214.6087887,2,6,1,False
Virginia,2023-02-19,Beverages,271129890,2023-02-19,270253070.0,262853194.0,298574850.0,263282592.42857143,4797395.22942022,2,7,1,False
Virginia,2023-02-26,Beverages,274063689,2023-02-26,271129890.0,263411853.0,298870973.0,264464977.57142857,5512511.233452413,2,8,1,False
Virginia,2023-03-05,Beverages,289520255,2023-03-05,274063689.0,268174663.0,302468893.0,265986668.42857143,6409054.409478681,3,9,1,False
Virginia,2023-03-12,Beverages,307916269,2023-03-12,289520255.0,255636483.0,302020483.0,269036038.71428573,10498187.678017195,3,10,1,False
Virginia,2023-03-19,Beverages,297202719,2023-03-19,307916269.0,257988853.0,295293415.0,276504579.5714286,15644050.022047358,3,11,1,False
Virginia,2023-03-26,Beverages,279532595,2023-03-26,297202719.0,264660031.0,306222919.0,282106560.4285714,15019319.112949496,3,12,1,False
Virginia,2023-04-02,Beverages,286229977,2023-04-02,279532595.0,270253070.0,309506677.0,284231212.4285714,13361482.554577665,4,13,2,False
Virginia,2023-04-09,Beverages,293839744,2023-04-09,286229977.0,271129890.0,289237582.0,286513627.71428573,12082130.664138928,4,14,2,False
Virginia,2023-04-16,Beverages,297359967,2023-04-16,293839744.0,274063689.0,291679545.0,289757892.5714286,10455217.30473125,4,15,2,False
Virginia,2023-04-23,Beverages,294647609,2023-04-23,297359967.0,289520255.0,287218015.0,293085932.28571427,8444216.56453247,4,16,2,False
Virginia,2023-04-30,Beverages,295973428,2023-04-30,294647609.0,307916269.0,288864320.0,293818411.4285714,8324684.923356382,4,17,2,False
Virginia,2023-05-07,Beverages,301772658,2023-05-07,295973428.0,297202719.0,278024414.0,292112291.28571427,6217730.870409811,5,18,2,False
Washington,2020-05-03,Beverages,118100977,2020-05-03,109935675.0,121698993.0,105763908.0,112677788.85714285,5474230.058925536,5,18,2,False
Washington,2020-05-10,Beverages,127920488,2020-05-10,118100977.0,119323649.0,104339594.0,112163786.57142857,4720015.438291956,5,19,2,False
Washington,2020-05-17,Beverages,117697089,2020-05-17,127920488.0,105643796.0,102402217.0,113391906.42857143,6993894.085889702,5,20,2,False
Washington,2020-05-24,Beverages,120918669,2020-05-24,117697089.0,108192713.0,99549903.0,115113805.42857143,6326234.605525808,5,21,2,False
Washington,2020-05-31,Beverages,119281232,2020-05-31,120918669.0,110225508.0,101445077.0,116931799.14285715,5889553.980818619,5,22,2,False
Washington,2020-06-07,Beverages,120382319,2020-06-07,119281232.0,113724188.0,102493531.0,118225474.0,5232293.324786686,6,23,2,False
Washington,2020-06-14,Beverages,123717766,2020-06-14,120382319.0,109935675.0,103838635.0,119176635.57142857,4923641.225349537,6,24,2,False
Washington,2020-06-21,Beverages,120673195,2020-06-21,123717766.0,118100977.0,103657674.0,121145505.71428572,3333532.3654874037,6,25,2,False
Washington,2020-06-28,Beverages,124796648,2020-06-28,120673195.0,127920488.0,100959342.0,121512965.42857143,3112091.67257599,6,26,2,False
Washington,2020-07-05,Beverages,125649881,2020-07-05,124796648.0,117697089.0,102506228.0,121066702.57142857,2271814.0647164276,7,27,3,False
Washington,2020-07-12,Beverages,120901347,2020-07-12,125649881.0,120918669.0,104798163.0,122202815.71428572,2291098.65679722,7,28,3,False
Washington,2020-07-19,Beverages,126359721,2020-07-19,120901347.0,119281232.0,113080403.0,122200341.14285715,2292493.2326484835,7,29,3,False
Washington,2020-07-26,Beverages,127771348,2020-07-26,126359721.0,120382319.0,100706539.0,123211553.85714285,2342466.9866715353,7,30,3,False
Washington,2020-08-02,Beverages,133188125,2020-08-02,127771348.0,123717766.0,101422957.0,124267129.42857143,2489909.2159265867,8,31,3,False
Washington,2020-08-09,Beverages,125952535,2020-08-09,133188125.0,120673195.0,103079612.0,125620037.85714285,3961734.263479177,8,32,3,False
Washington,2020-08-16,Beverages,126432915,2020-08-16,125952535.0,124796648.0,99153199.0,126374229.28571428,3412687.1637044707,8,33,3,False
Washington,2020-08-23,Beverages,122110122,2020-08-23,126432915.0,125649881.0,99473246.0,126607981.71428572,3352125.885297562,8,34,3,False
Washington,2020-08-30,Beverages,124259318,2020-08-30,122110122.0,120901347.0,104126832.0,126102301.85714285,3706751.289614663,8,35,3,False
Washington,2020-09-06,Beverages,124581759,2020-09-06,124259318.0,126359721.0,104104167.0,126582012.0,3182897.1794564924,9,36,3,False
Washington,2020-09-13,Beverages,117662826,2020-09-13,124581759.0,127771348.0,97362063.0,126328017.42857143,3260496.177491784,9,37,3,False
Washington,2020-09-20,Beverages,111632322,2020-09-20,117662826.0,133188125.0,99950409.0,124883942.85714285,4355960.236020297,9,38,3,False
Washington,2020-09-27,Beverages,108526971,2020-09-27,111632322.0,125952535.0,107477573.0,121804542.42857143,4972607.713806934,9,39,3,False
Washington,2020-10-04,Beverages,112825238,2020-10-04,108526971.0,126432915.0,111388535.0,119315176.14285715,6423141.659710407,10,40,4,False
Washington,2020-10-11,Beverages,110684503,2020-10-11,112825238.0,122110122.0,121698993.0,117371222.28571428,6021409.848362564,10,41,4,False
Washington,2020-10-18,Beverages,106590824,2020-10-18,110684503.0,124259318.0,119323649.0,115738991.0,6064032.456650321,10,42,4,False
Washington,2020-10-25,Beverages,104835484,2020-10-25,106590824.0,124581759.0,105643796.0,113214920.42857143,5655640.53430973,10,43,4,False
Washington,2020-11-01,Beverages,108548730,2020-11-01,104835484.0,117662826.0,108192713.0,110394024.0,3949893.8159288755,11,44,4,False
Washington,2020-11-08,Beverages,108425959,2020-11-08,108548730.0,111632322.0,110225508.0,109092010.28571428,2616283.556763154,11,45,4,False
Washington,2020-11-15,Beverages,107706417,2020-11-15,108425959.0,108526971.0,113724188.0,108633958.42857143,2403459.9383974755,11,46,4,False
Washington,2020-11-22,Beverages,112227700,2020-11-22,107706417.0,112825238.0,109935675.0,108516736.42857143,2425726.328316906,11,47,4,False
Washington,2020-11-29,Beverages,105174025,2020-11-29,112227700.0,110684503.0,118100977.0,108431373.85714285,2278661.731195088,11,48,4,False
Washington,2020-12-06,Beverages,107995295,2020-12-06,105174025.0,106590824.0,127920488.0,107644162.71428572,2315843.442622704,12,49,4,False
Washington,2020-12-13,Beverages,109944087,2020-12-13,107995295.0,104835484.0,117697089.0,107844801.42857143,2276397.408642927,12,50,4,False
Washington,2020-12-20,Beverages,116309572,2020-12-20,109944087.0,108548730.0,120918669.0,108574601.85714285,1996305.3015947458,12,51,4,False
Washington,2020-12-27,Beverages,107114656,2020-12-27,116309572.0,108425959.0,119281232.0,109683293.57142857,3362001.031206418,12,52,4,False
Washington,2021-01-03,Beverages,108217572,2021-01-03,107114656.0,107706417.0,120382319.0,109495964.57142857,3461888.8363351095,1,53,1,False
Washington,2021-01-10,Beverages,109823465,2021-01-10,108217572.0,112227700.0,123717766.0,109568986.71428572,3428602.4147464507,1,1,1,False
Washington,2021-01-17,Beverages,106760567,2021-01-17,109823465.0,105174025.0,120673195.0,109225524.57142857,3261407.2507360373,1,2,1,False
Washington,2021-01-24,Beverages,105331134,2021-01-24,106760567.0,107995295.0,124796648.0,109452173.42857143,3018022.529183642,1,3,1,False
Washington,2021-01-31,Beverages,106648446,2021-01-31,105331134.0,109944087.0,125649881.0,109071579.0,3329644.474573642,1,4,1,False
Washington,2021-02-07,Beverages,109182532,2021-02-07,106648446.0,116309572.0,120901347.0,108600773.14285715,3405131.05535922,2,5,1,False
Washington,2021-02-14,Beverages,106007769,2021-02-14,109182532.0,107114656.0,126359721.0,107582624.57142857,1455084.704587865,2,6,1,False
Washington,2021-02-21,Beverages,105673904,2021-02-21,106007769.0,108217572.0,127771348.0,107424497.85714285,1554121.1372761722,2,7,1,False
Washington,2021-02-28,Beverages,111021561,2021-02-28,105673904.0,109823465.0,133188125.0,107061116.71428572,1622094.7143833747,2,8,1,False
Washington,2021-03-07,Beverages,116941150,2021-03-07,111021561.0,106760567.0,125952535.0,107232273.28571428,1937149.146926526,3,9,1,False
Washington,2021-03-14,Beverages,127222360,2021-03-14,116941150.0,105331134.0,126432915.0,108686642.28571428,3882217.400958567,3,10,1,False
Washington,2021-03-21,Beverages,123748906,2021-03-21,127222360.0,106648446.0,122110122.0,111813960.28571428,7263940.821958619,3,11,1,False
Washington,2021-03-28,Beverages,109799217,2021-03-28,123748906.0,109182532.0,124259318.0,114256883.14285715,7958276.380327569,3,12,1,False
Washington,2021-04-04,Beverages,116874861,2021-04-04,109799217.0,106007769.0,124581759.0,114344981.0,7904849.8667669995,4,13,2,False
Washington,2021-04-11,Beverages,118476152,2021-04-11,116874861.0,105673904.0,117662826.0,115897422.71428572,7145700.224216148,4,14,2,False
Washington,2021-04-18,Beverages,124594636,2021-04-18,118476152.0,111021561.0,111632322.0,117726315.28571428,5808156.769620012,4,15,2,False
Washington,2021-04-25,Beverages,120861513,2021-04-25,124594636.0,116941150.0,108526971.0,119665326.0,5503824.085839029,4,16,2,False
Washington,2021-05-02,Beverages,124200173,2021-05-02,120861513.0,127222360.0,112825238.0,120225377.85714285,5396542.264082417,5,17,2,False
Washington,2021-05-09,Beverages,130700689,2021-05-09,124200173.0,123748906.0,110684503.0,119793636.85714285,4919278.607665559,5,18,2,False
Washington,2021-05-16,Beverages,130615127,2021-05-16,130700689.0,109799217.0,106590824.0,120786748.71428572,6162221.868169464,5,19,2,False
Washington,2021-05-23,Beverages,126138211,2021-05-23,130615127.0,116874861.0,104835484.0,123760450.14285715,5067849.835953746,5,20,2,False
Washington,2021-05-30,Beverages,128402100,2021-05-30,126138211.0,118476152.0,108548730.0,125083785.85714285,4238692.53222227,5,21,2,False
Washington,2021-06-06,Beverages,130216903,2021-06-06,128402100.0,124594636.0,108425959.0,126501778.42857143,3360294.708827925,6,22,2,False
Washington,2021-06-13,Beverages,125357944,2021-06-13,130216903.0,120861513.0,107706417.0,127304959.42857143,3478306.731284148,6,23,2,False
Washington,2021-06-20,Beverages,134192933,2021-06-20,125357944.0,124200173.0,112227700.0,127947306.71428572,2509266.2835191437,6,24,2,False
Washington,2021-06-27,Beverages,145342545,2021-06-27,134192933.0,130700689.0,105174025.0,129374843.85714285,2797364.104694559,6,25,2,False
Washington,2021-07-04,Beverages,142870874,2021-07-04,145342545.0,130615127.0,107995295.0,131466537.57142857,6294669.602400517,7,26,3,False
Washington,2021-07-11,Beverages,132607061,2021-07-11,142870874.0,126138211.0,109944087.0,133217358.57142857,7418475.276731037,7,27,3,False
Washington,2021-07-18,Beverages,137489728,2021-07-18,132607061.0,128402100.0,116309572.0,134141480.0,6861034.46911501,7,28,3,False
Washington,2021-07-25,Beverages,137360142,2021-07-25,137489728.0,130216903.0,107114656.0,135439712.57142857,6502625.679821867,7,29,3,False
Washington,2021-08-01,Beverages,142523539,2021-08-01,137360142.0,125357944.0,108217572.0,136460175.2857143,6154091.385123098,8,30,3,False
Washington,2021-08-08,Beverages,136393049,2021-08-08,142523539.0,134192933.0,109823465.0,138912403.14285713,4416216.46729228,8,31,3,False
Washington,2021-08-15,Beverages,140790143,2021-08-15,136393049.0,145342545.0,106760567.0,139226705.42857143,4138719.96398568,8,32,3,False
Washington,2021-08-22,Beverages,131807622,2021-08-22,140790143.0,142870874.0,105331134.0,138576362.2857143,3422264.090463621,8,33,3,False
Washington,2021-08-29,Beverages,128473713,2021-08-29,131807622.0,132607061.0,106648446.0,136995897.7142857,3622768.8088115742,8,34,3,False
Washington,2021-09-05,Beverages,135333469,2021-09-05,128473713.0,137489728.0,109182532.0,136405419.42857143,4516576.915780617,9,35,3,False
Washington,2021-09-12,Beverages,129432392,2021-09-12,135333469.0,137360142.0,106007769.0,136097382.42857143,4505637.965653993,9,36,3,False
Washington,2021-09-19,Beverages,121231207,2021-09-19,129432392.0,142523539.0,105673904.0,134964846.7142857,5013617.029245733,9,37,3,False
Washington,2021-09-26,Beverages,119610947,2021-09-26,121231207.0,136393049.0,111021561.0,131923085.0,5887848.509040458,9,38,3,False
Washington,2021-10-03,Beverages,173143477,2021-10-03,119610947.0,140790143.0,116941150.0,129525641.85714285,6907980.365025255,10,39,4,False
Washington,2021-10-10,Beverages,170162893,2021-10-10,173143477.0,131807622.0,127222360.0,134147546.71428572,16733771.985579798,10,40,4,False
Washington,2021-10-17,Beverages,167421377,2021-10-17,170162893.0,128473713.0,123748906.0,139626871.14285713,20845015.92061265,10,41,4,False
Washington,2021-10-24,Beverages,163190223,2021-10-24,167421377.0,135333469.0,109799217.0,145190823.14285713,22274397.562445443,10,42,4,False
Washington,2021-10-31,Beverages,165155956,2021-10-31,163190223.0,129432392.0,116874861.0,149170359.42857143,22643180.962057773,10,43,4,False
Washington,2021-11-07,Beverages,164199928,2021-11-07,165155956.0,121231207.0,118476152.0,154273725.7142857,21622200.94510457,11,44,4,False
Washington,2021-11-14,Beverages,168652230,2021-11-14,164199928.0,119610947.0,124594636.0,160412114.42857143,16968878.036623355,11,45,4,False
Washington,2021-11-21,Beverages,170098808,2021-11-21,168652230.0,173143477.0,120861513.0,167418012.0,3277320.080693876,11,46,4,False
Washington,2021-11-28,Beverages,158370542,2021-11-28,170098808.0,170162893.0,124200173.0,166983059.2857143,2625893.5638581244,11,47,4,False
Washington,2021-12-05,Beverages,164503607,2021-12-05,158370542.0,167421377.0,130700689.0,165298437.7142857,3634471.5028414386,12,48,4,False
Washington,2021-12-12,Beverages,168854026,2021-12-12,164503607.0,163190223.0,130615127.0,164881613.42857143,3532994.8645829298,12,49,4,False
Washington,2021-12-19,Beverages,177080923,2021-12-19,168854026.0,165155956.0,126138211.0,165690728.14285713,3697701.2685844977,12,50,4,False
Washington,2021-12-26,Beverages,166593896,2021-12-26,177080923.0,164199928.0,128402100.0,167394294.85714287,5409601.827050134,12,51,4,False
Washington,2022-01-02,Beverages,161762010,2022-01-02,166593896.0,168652230.0,130216903.0,167736290.2857143,5270734.241219163,1,52,1,False
Washington,2022-01-09,Beverages,166032159,2022-01-09,161762010.0,170098808.0,125357944.0,166751973.14285713,5638330.474768798,1,1,1,False
Washington,2022-01-16,Beverages,167157717,2022-01-16,166032159.0,158370542.0,134192933.0,166171023.2857143,5470566.743722057,1,2,1,False
Washington,2022-01-23,Beverages,164346106,2022-01-23,167157717.0,164503607.0,145342545.0,167426334.0,4449480.30278073,1,3,1,False
Washington,2022-01-30,Beverages,164024827,2022-01-30,164346106.0,168854026.0,142870874.0,167403833.85714287,4464575.685714169,1,4,1,False
Washington,2022-02-06,Beverages,170138891,2022-02-06,164024827.0,177080923.0,132607061.0,166713948.2857143,4559293.2997506345,2,5,1,False
Washington,2022-02-13,Beverages,163459979,2022-02-13,170138891.0,166593896.0,137489728.0,165722229.42857143,2475064.546929788,2,6,1,False
Washington,2022-02-20,Beverages,160798545,2022-02-20,163459979.0,161762010.0,137360142.0,165274527.0,2558920.6351303603,2,7,1,False
Washington,2022-02-27,Beverages,165041501,2022-02-27,160798545.0,166032159.0,142523539.0,165136889.14285713,2762001.180543775,2,8,1,False
Washington,2022-03-06,Beverages,171832948,2022-03-06,165041501.0,167157717.0,136393049.0,164995366.57142857,2737776.57343643,3,9,1,False
Washington,2022-03-13,Beverages,172443375,2022-03-13,171832948.0,164346106.0,140790143.0,165663256.7142857,3613904.9651176473,3,10,1,False
Washington,2022-03-20,Beverages,174739185,2022-03-20,172443375.0,164024827.0,131807622.0,166820009.42857143,4247532.792245068,3,11,1,False
Washington,2022-03-27,Beverages,172332060,2022-03-27,174739185.0,170138891.0,128473713.0,168350632.0,4851971.653393073,3,12,1,False
Washington,2022-04-03,Beverages,177811519,2022-04-03,172332060.0,163459979.0,135333469.0,168663941.85714287,5025053.797570272,4,13,2,False
Washington,2022-04-10,Beverages,173850320,2022-04-10,177811519.0,160798545.0,129432392.0,170714161.85714287,5397503.172850247,4,14,2,False
Washington,2022-04-17,Beverages,185583529,2022-04-17,173850320.0,165041501.0,121231207.0,172578701.14285713,3607764.771196853,4,15,2,False
Washington,2022-04-24,Beverages,177382652,2022-04-24,185583529.0,171832948.0,119610947.0,175513276.57142857,4522101.241815264,4,16,2,False
Washington,2022-05-01,Beverages,185282379,2022-05-01,177382652.0,172443375.0,173143477.0,176306091.42857143,4287784.23970615,5,17,2,False
Washington,2022-05-08,Beverages,191812755,2022-05-08,185282379.0,174739185.0,170162893.0,178140234.85714287,4939639.104013669,5,18,2,False
Washington,2022-05-15,Beverages,189038308,2022-05-15,191812755.0,172332060.0,167421377.0,180579316.2857143,6595746.256543156,5,19,2,False
Washington,2022-05-22,Beverages,187445495,2022-05-22,189038308.0,177811519.0,163190223.0,182965923.14285713,6189774.278264567,5,20,2,False
Washington,2022-05-29,Beverages,191419160,2022-05-29,187445495.0,173850320.0,165155956.0,184342205.42857143,5957381.384906904,5,21,2,False
Washington,2022-06-05,Beverages,192140102,2022-06-05,191419160.0,185583529.0,164199928.0,186852039.7142857,4540948.609583966,6,22,2,False
Washington,2022-06-12,Beverages,195542842,2022-06-12,192140102.0,177382652.0,168652230.0,187788693.0,4848486.473500564,6,23,2,False
Washington,2022-06-19,Beverages,194298028,2022-06-19,195542842.0,185282379.0,170098808.0,190383005.85714287,3146033.1167395213,6,24,2,False
Washington,2022-06-26,Beverages,213212072,2022-06-26,194298028.0,191812755.0,158370542.0,191670955.7142857,2590696.839599864,6,25,2,False
Washington,2022-07-03,Beverages,213331560,2022-07-03,213212072.0,189038308.0,164503607.0,194728001.0,7978210.26696936,7,26,3,False
Washington,2022-07-10,Beverages,199809591,2022-07-10,213331560.0,187445495.0,168854026.0,198198465.57142857,9819614.51155816,7,27,3,False
Washington,2022-07-17,Beverages,202846648,2022-07-17,199809591.0,191419160.0,177080923.0,199964765.0,8783950.115540918,7,28,3,False
Washington,2022-07-24,Beverages,205218551,2022-07-24,202846648.0,192140102.0,166593896.0,201597263.2857143,8077543.7184632905,7,29,3,False
Washington,2022-07-31,Beverages,216107723,2022-07-31,205218551.0,195542842.0,161762010.0,203465613.14285713,7131095.833146129,7,30,3,False
Washington,2022-08-07,Beverages,206136814,2022-08-07,216107723.0,194298028.0,166032159.0,206403453.2857143,7489077.766927918,8,31,3,False
Washington,2022-08-14,Beverages,207721411,2022-08-14,206136814.0,213212072.0,167157717.0,208094708.42857143,5683451.768657928,8,32,3,False
Washington,2022-08-21,Beverages,197668602,2022-08-21,207721411.0,213331560.0,164346106.0,207310328.2857143,5288215.248956473,8,33,3,False
Washington,2022-08-28,Beverages,198708266,2022-08-28,197668602.0,199809591.0,164024827.0,205072762.85714287,5573115.3728880305,8,34,3,False
Washington,2022-09-04,Beverages,201258179,2022-09-04,198708266.0,202846648.0,170138891.0,204915430.7142857,5732736.4837045055,9,35,3,False
Washington,2022-09-11,Beverages,191922359,2022-09-11,201258179.0,205218551.0,163459979.0,204688506.57142857,5840560.630595295,9,36,3,False
Washington,2022-09-18,Beverages,183687055,2022-09-18,191922359.0,216107723.0,160798545.0,202789050.57142857,7331176.912000281,9,37,3,False
Washington,2022-09-25,Beverages,181678982,2022-09-25,183687055.0,206136814.0,165041501.0,198157526.57142857,7686399.696111083,9,38,3,False
Washington,2022-10-02,Beverages,181472967,2022-10-02,181678982.0,207721411.0,171832948.0,194663550.57142857,8750375.561927514,10,39,4,False
Washington,2022-10-09,Beverages,181190007,2022-10-09,181472967.0,197668602.0,172443375.0,190913772.85714287,7937626.966007337,10,40,4,False
Washington,2022-10-16,Beverages,177515318,2022-10-16,181190007.0,198708266.0,174739185.0,188559687.85714287,8028283.443508666,10,41,4,False
Washington,2022-10-23,Beverages,172848242,2022-10-23,177515318.0,201258179.0,172332060.0,185532123.85714287,7615724.392393317,10,42,4,False
Washington,2022-10-30,Beverages,171748533,2022-10-30,172848242.0,191922359.0,177811519.0,181473561.42857143,5401895.855686836,10,43,4,False
Washington,2022-11-06,Beverages,172511051,2022-11-06,171748533.0,183687055.0,173850320.0,178591586.2857143,4334606.491108965,11,44,4,False
Washington,2022-11-13,Beverages,173273334,2022-11-13,172511051.0,181678982.0,185583529.0,176995014.2857143,4220485.871041582,11,45,4,False
Washington,2022-11-20,Beverages,180770466,2022-11-20,173273334.0,181472967.0,177382652.0,175794207.42857143,3900646.4254955826,11,46,4,False
Washington,2022-11-27,Beverages,172251421,2022-11-27,180770466.0,181190007.0,185282379.0,175693850.14285713,3759742.3118987954,11,47,4,False
Washington,2022-12-04,Beverages,170942767,2022-12-04,172251421.0,177515318.0,191812755.0,174416909.2857143,3143659.5667192615,12,48,4,False
Washington,2022-12-11,Beverages,176451625,2022-12-11,170942767.0,172848242.0,189038308.0,173477973.42857143,3058395.764211234,12,49,4,False
Washington,2022-12-18,Beverages,185957278,2022-12-18,176451625.0,171748533.0,187445495.0,173992742.42857143,3208640.67093867,12,50,4,False
Washington,2022-12-25,Beverages,180973702,2022-12-25,185957278.0,172511051.0,191419160.0,176022563.14285713,5089766.416785667,12,51,4,False
Washington,2023-01-01,Beverages,167220717,2023-01-01,180973702.0,173273334.0,192140102.0,177231513.2857143,5117088.884455637,1,52,1,False
Washington,2023-01-08,Beverages,173888699,2023-01-08,167220717.0,180770466.0,195542842.0,176366853.7142857,6124979.2577481875,1,1,1,False
Washington,2023-01-15,Beverages,173124788,2023-01-15,173888699.0,172251421.0,194298028.0,175383744.14285713,5886928.801213902,1,2,1,False
Washington,2023-01-22,Beverages,169139520,2023-01-22,173124788.0,170942767.0,213212072.0,175508510.85714287,5828182.544781236,1,3,1,False
Washington,2023-01-29,Beverages,170124244,2023-01-29,169139520.0,176451625.0,213331560.0,175250904.14285713,6059555.399316122,1,4,1,False
Washington,2023-02-05,Beverages,172039129,2023-02-05,170124244.0,185957278.0,199809591.0,174346992.57142857,6280912.1517104115,2,5,1,False
Washington,2023-02-12,Beverages,178619260,2023-02-12,172039129.0,180973702.0,202846648.0,172358685.57142857,4123156.828905254,2,6,1,False
Washington,2023-02-19,Beverages,171916008,2023-02-19,178619260.0,167220717.0,205218551.0,172022336.7142857,3447303.830230607,2,7,1,False
Washington,2023-02-26,Beverages,174541337,2023-02-26,171916008.0,173888699.0,216107723.0,172693092.57142857,2853411.138096047,2,8,1,False
Washington,2023-03-05,Beverages,183342555,2023-03-05,174541337.0,173124788.0,206136814.0,172786326.57142857,2901215.768444199,3,9,1,False
Washington,2023-03-12,Beverages,193005316,2023-03-12,183342555.0,169139520.0,207721411.0,174246007.57142857,4710536.710256031,3,10,1,False
Washington,2023-03-19,Beverages,190162701,2023-03-19,193005316.0,170124244.0,197668602.0,177655407.0,7557319.052670143,3,11,1,False
Washington,2023-03-26,Beverages,177118420,2023-03-26,190162701.0,172039129.0,198708266.0,180518043.7142857,7947530.283148633,3,12,1,False
Washington,2023-04-02,Beverages,180139569,2023-04-02,177118420.0,178619260.0,201258179.0,181243656.7142857,7349659.956149212,4,13,2,False
Washington,2023-04-09,Beverages,189468341,2023-04-09,180139569.0,171916008.0,191922359.0,181460843.7142857,7291128.371553039,4,14,2,False
Washington,2023-04-16,Beverages,186078146,2023-04-16,189468341.0,174541337.0,183687055.0,183968319.85714287,6558831.97607035,4,15,2,False
Washington,2023-04-23,Beverages,183827308,2023-04-23,186078146.0,183342555.0,181678982.0,185616435.42857143,5314364.6877248725,4,16,2,False
Washington,2023-04-30,Beverages,195255996,2023-04-30,183827308.0,193005316.0,181472967.0,185685685.85714287,5287372.823707763,4,17,2,False
Washington,2023-05-07,Beverages,201179479,2023-05-07,195255996.0,190162701.0,181190007.0,186007211.57142857,5769183.885658633,5,18,2,False
West Virginia,2020-05-03,Beverages,45386372,2020-05-03,41845671.0,46329093.0,45374729.0,43248522.571428575,2209794.5913367835,5,18,2,False
West Virginia,2020-05-10,Beverages,46665321,2020-05-10,45386372.0,45742605.0,42164049.0,43113848.14285714,2040163.5282212049,5,19,2,False
West Virginia,2020-05-17,Beverages,45314230,2020-05-17,46665321.0,39704240.0,38465749.0,43245664.71428572,2227004.3342927503,5,20,2,False
West Virginia,2020-05-24,Beverages,47497210,2020-05-24,45314230.0,42406844.0,37769050.0,44047091.85714286,1771122.0499951097,5,21,2,False
West Virginia,2020-05-31,Beverages,47049173,2020-05-31,47497210.0,44622626.0,39411931.0,44774287.0,1980956.6934073663,5,22,2,False
West Virginia,2020-06-07,Beverages,49346856,2020-06-07,47049173.0,42088579.0,40368204.0,45120936.571428575,2130736.6172475745,6,23,2,False
West Virginia,2020-06-14,Beverages,48300537,2020-06-14,49346856.0,41845671.0,38165784.0,46157833.28571428,2168521.179041014,6,24,2,False
West Virginia,2020-06-21,Beverages,45134452,2020-06-21,48300537.0,45386372.0,38850553.0,47079957.0,1360758.1576551294,6,25,2,False
West Virginia,2020-06-28,Beverages,46802342,2020-06-28,45134452.0,46665321.0,38228550.0,47043968.428571425,1407598.3932754328,6,26,2,False
West Virginia,2020-07-05,Beverages,51979692,2020-07-05,46802342.0,45314230.0,39876563.0,47063542.85714286,1403142.3919853177,7,27,3,False
West Virginia,2020-07-12,Beverages,48877614,2020-07-12,51979692.0,47497210.0,39020265.0,48015751.71428572,2019305.926535589,7,28,3,False
West Virginia,2020-07-19,Beverages,48445591,2020-07-19,48877614.0,47049173.0,39733872.0,48212952.28571428,2026428.2302708218,7,29,3,False
West Virginia,2020-07-26,Beverages,46086420,2020-07-26,48445591.0,49346856.0,37371772.0,48412440.571428575,1969990.9035190088,7,30,3,False
West Virginia,2020-08-02,Beverages,46797382,2020-08-02,46086420.0,48300537.0,39515530.0,47946664.0,2076558.0699029586,8,31,3,False
West Virginia,2020-08-09,Beverages,48388940,2020-08-09,46797382.0,45134452.0,40469847.0,47731927.571428575,2106367.7199951224,8,32,3,False
West Virginia,2020-08-16,Beverages,47556679,2020-08-16,48388940.0,46802342.0,37593550.0,48196854.428571425,1821662.5809775381,8,33,3,False
West Virginia,2020-08-23,Beverages,45580542,2020-08-23,47556679.0,51979692.0,37000483.0,48304616.85714286,1757150.7940559417,8,34,3,False
West Virginia,2020-08-30,Beverages,45367765,2020-08-30,45580542.0,48877614.0,37965137.0,47390452.571428575,1175802.7363777899,8,35,3,False
West Virginia,2020-09-06,Beverages,47293907,2020-09-06,45367765.0,48445591.0,40027527.0,46889045.571428575,1183055.2193101498,9,36,3,False
West Virginia,2020-09-13,Beverages,47551030,2020-09-13,47293907.0,46086420.0,37831285.0,46724519.28571428,1024620.7924232766,9,37,3,False
West Virginia,2020-09-20,Beverages,43912690,2020-09-20,47551030.0,46797382.0,37679972.0,46933749.28571428,1022492.9821596436,9,38,3,False
West Virginia,2020-09-27,Beverages,43194334,2020-09-27,43912690.0,48388940.0,41365082.0,46521650.428571425,1475411.2349125678,9,39,3,False
West Virginia,2020-10-04,Beverages,45261604,2020-10-04,43194334.0,47556679.0,42542348.0,45779563.85714286,1646089.960246324,10,40,4,False
West Virginia,2020-10-11,Beverages,44576952,2020-10-11,45261604.0,45580542.0,46329093.0,45451696.0,1479620.99205832,10,41,4,False
West Virginia,2020-10-18,Beverages,41723665,2020-10-18,44576952.0,45367765.0,45742605.0,45308326.0,1508529.9862780017,10,42,4,False
West Virginia,2020-10-25,Beverages,41389497,2020-10-25,41723665.0,47293907.0,39704240.0,44787740.28571428,1959549.2967690807,10,43,4,False
West Virginia,2020-11-01,Beverages,40916621,2020-11-01,41389497.0,47551030.0,42406844.0,43944253.14285714,1969979.1889125395,11,44,4,False
West Virginia,2020-11-08,Beverages,43413285,2020-11-08,40916621.0,43912690.0,44622626.0,42996480.428571425,1560015.1694720555,11,45,4,False
West Virginia,2020-11-15,Beverages,42156657,2020-11-15,43413285.0,43194334.0,42088579.0,42925136.85714286,1527565.1979809727,11,46,4,False
West Virginia,2020-11-22,Beverages,41861134,2020-11-22,42156657.0,45261604.0,41845671.0,42776897.28571428,1544504.42509337,11,47,4,False
West Virginia,2020-11-29,Beverages,40189419,2020-11-29,41861134.0,44576952.0,45386372.0,42291115.85714286,1177856.8430457953,11,48,4,False
West Virginia,2020-12-06,Beverages,40731935,2020-12-06,40189419.0,41723665.0,46665321.0,41664325.428571425,937584.0013313479,12,49,4,False
West Virginia,2020-12-13,Beverages,41513427,2020-12-13,40731935.0,41389497.0,45314230.0,41522649.71428572,991303.1097136039,12,50,4,False
West Virginia,2020-12-20,Beverages,40782924,2020-12-20,41513427.0,40916621.0,47497210.0,41540354.0,989872.5970189566,12,51,4,False
West Virginia,2020-12-27,Beverages,39476417,2020-12-27,40782924.0,43413285.0,47049173.0,41521254.428571425,1002927.0093448141,12,52,4,False
West Virginia,2021-01-03,Beverages,40991525,2021-01-03,39476417.0,42156657.0,49346856.0,40958844.71428572,880623.620065931,1,53,1,False
West Virginia,2021-01-10,Beverages,43127643,2021-01-10,40991525.0,41861134.0,48300537.0,40792397.28571428,736872.3697830951,1,1,1,False
West Virginia,2021-01-17,Beverages,41657173,2021-01-17,43127643.0,40189419.0,45134452.0,40973327.14285714,1061191.4674845054,1,2,1,False
West Virginia,2021-01-24,Beverages,38830025,2021-01-24,41657173.0,40731935.0,46802342.0,41183006.28571428,1030136.4052451194,1,3,1,False
West Virginia,2021-01-31,Beverages,39954309,2021-01-31,38830025.0,41513427.0,51979692.0,40911304.85714286,1322582.4876243458,1,4,1,False
West Virginia,2021-02-07,Beverages,42616214,2021-02-07,39954309.0,40782924.0,48877614.0,40688573.71428572,1333662.8893859845,2,5,1,False
West Virginia,2021-02-14,Beverages,40975558,2021-02-14,42616214.0,39476417.0,48445591.0,40950472.28571428,1496536.7629656664,2,6,1,False
West Virginia,2021-02-21,Beverages,39287973,2021-02-21,40975558.0,40991525.0,46086420.0,41164635.28571428,1372385.085175626,2,7,1,False
West Virginia,2021-02-28,Beverages,41951629,2021-02-28,39287973.0,43127643.0,46797382.0,40921270.71428572,1524157.6462945337,2,8,1,False
West Virginia,2021-03-07,Beverages,45879562,2021-03-07,41951629.0,41657173.0,48388940.0,40753268.71428572,1323274.2154569684,3,9,1,False
West Virginia,2021-03-14,Beverages,49643332,2021-03-14,45879562.0,38830025.0,47556679.0,41356467.14285714,2241564.6330458727,3,10,1,False
West Virginia,2021-03-21,Beverages,49317077,2021-03-21,49643332.0,39954309.0,45580542.0,42901225.28571428,3396585.664809284,3,11,1,False
West Virginia,2021-03-28,Beverages,43325118,2021-03-28,49317077.0,42616214.0,45367765.0,44238763.571428575,3793101.5619172356,3,12,1,False
West Virginia,2021-04-04,Beverages,45228378,2021-04-04,43325118.0,40975558.0,47293907.0,44340035.571428575,3757727.755775737,4,13,2,False
West Virginia,2021-04-11,Beverages,48967242,2021-04-11,45228378.0,39287973.0,47551030.0,44947581.28571428,3499577.2312586876,4,14,2,False
West Virginia,2021-04-18,Beverages,44790017,2021-04-18,48967242.0,41951629.0,43912690.0,46330334.0,2840315.7875486477,4,15,2,False
West Virginia,2021-04-25,Beverages,45503832,2021-04-25,44790017.0,45879562.0,43194334.0,46735818.0,2345827.7392198616,4,16,2,False
West Virginia,2021-05-02,Beverages,47731133,2021-05-02,45503832.0,49643332.0,45261604.0,46682142.28571428,2368990.202753234,5,17,2,False
West Virginia,2021-05-09,Beverages,49087005,2021-05-09,47731133.0,49317077.0,44576952.0,46408971.0,2107611.4171695365,5,18,2,False
West Virginia,2021-05-16,Beverages,48565502,2021-05-16,49087005.0,43325118.0,41723665.0,46376103.571428575,2063333.1191260766,5,19,2,False
West Virginia,2021-05-23,Beverages,50637719,2021-05-23,48565502.0,45228378.0,41389497.0,47124729.85714286,1746967.5046326725,5,20,2,False
West Virginia,2021-05-30,Beverages,51141617,2021-05-30,50637719.0,48967242.0,40916621.0,47897492.85714286,1924580.5482994346,5,21,2,False
West Virginia,2021-06-06,Beverages,52005187,2021-06-06,51141617.0,44790017.0,43413285.0,48208117.85714286,2224301.9771699156,6,22,2,False
West Virginia,2021-06-13,Beverages,52441621,2021-06-13,52005187.0,45503832.0,42156657.0,49238856.428571425,2067780.0928637004,6,23,2,False
West Virginia,2021-06-20,Beverages,49020132,2021-06-20,52441621.0,47731133.0,41861134.0,50229969.14285714,1663093.6799545146,6,24,2,False
West Virginia,2021-06-27,Beverages,48647523,2021-06-27,49020132.0,49087005.0,40189419.0,50414111.85714286,1431449.2250336583,6,25,2,False
West Virginia,2021-07-04,Beverages,53976213,2021-07-04,48647523.0,48565502.0,40731935.0,50351328.71428572,1496441.4792463768,7,26,3,False
West Virginia,2021-07-11,Beverages,51681309,2021-07-11,53976213.0,50637719.0,41513427.0,51124287.428571425,1750253.5538390705,7,27,3,False
West Virginia,2021-07-18,Beverages,51619195,2021-07-18,51681309.0,51141617.0,40782924.0,51273371.71428572,1746901.4954937417,7,28,3,False
West Virginia,2021-07-25,Beverages,50587313,2021-07-25,51619195.0,52005187.0,39476417.0,51341597.14285714,1749747.1376984108,7,29,3,False
West Virginia,2021-08-01,Beverages,50588393,2021-08-01,50587313.0,52441621.0,40991525.0,51139043.71428572,1743260.6210722972,8,30,3,False
West Virginia,2021-08-08,Beverages,51784540,2021-08-08,50588393.0,49020132.0,43127643.0,50874296.85714286,1664270.560343754,8,31,3,False
West Virginia,2021-08-15,Beverages,51606383,2021-08-15,51784540.0,48647523.0,41657173.0,51269212.28571428,1497020.0579709741,8,32,3,False
West Virginia,2021-08-22,Beverages,48217705,2021-08-22,51606383.0,53976213.0,38830025.0,51691906.571428575,1047256.2480310737,8,33,3,False
West Virginia,2021-08-29,Beverages,49288112,2021-08-29,48217705.0,51681309.0,39954309.0,50869262.571428575,1182735.2189759887,8,34,3,False
West Virginia,2021-09-05,Beverages,49298765,2021-09-05,49288112.0,51619195.0,42616214.0,50527377.28571428,1242949.0895622459,9,35,3,False
West Virginia,2021-09-12,Beverages,49584877,2021-09-12,49298765.0,50587313.0,40975558.0,50195887.28571428,1216709.8469343765,9,36,3,False
West Virginia,2021-09-19,Beverages,48024040,2021-09-19,49584877.0,50588393.0,39287973.0,50052682.14285714,1221196.4537318521,9,37,3,False
West Virginia,2021-09-26,Beverages,45557693,2021-09-26,48024040.0,51784540.0,41951629.0,49686346.0,1379867.1304889447,9,38,3,False
West Virginia,2021-10-03,Beverages,67883113,2021-10-03,45557693.0,51606383.0,45879562.0,48796796.428571425,1708487.2814949306,10,39,4,False
West Virginia,2021-10-10,Beverages,70399280,2021-10-10,67883113.0,48217705.0,49643332.0,51122043.571428575,6958846.221814772,10,40,4,False
West Virginia,2021-10-17,Beverages,66043678,2021-10-17,70399280.0,49288112.0,49317077.0,54290840.0,9500876.285280848,10,41,4,False
West Virginia,2021-10-24,Beverages,63842049,2021-10-24,66043678.0,49298765.0,43325118.0,56684492.28571428,10034664.675694216,10,42,4,False
West Virginia,2021-10-31,Beverages,63324231,2021-10-31,63842049.0,49584877.0,45228378.0,58762104.28571428,9793057.419102099,10,43,4,False
West Virginia,2021-11-07,Beverages,67251490,2021-11-07,63324231.0,48024040.0,48967242.0,60724869.14285714,9110058.754783757,11,44,4,False
West Virginia,2021-11-14,Beverages,66612660,2021-11-14,67251490.0,45557693.0,44790017.0,63471647.71428572,7647822.89154314,11,45,4,False
West Virginia,2021-11-21,Beverages,65121440,2021-11-21,66612660.0,67883113.0,45503832.0,66479500.14285714,2237674.6831070706,11,46,4,False
West Virginia,2021-11-28,Beverages,60973907,2021-11-28,65121440.0,70399280.0,47731133.0,66084975.428571425,2198537.369627431,11,47,4,False
West Virginia,2021-12-05,Beverages,64272871,2021-12-05,60973907.0,66043678.0,49087005.0,64738493.571428575,2023210.6296937712,12,48,4,False
West Virginia,2021-12-12,Beverages,65040774,2021-12-12,64272871.0,63842049.0,48565502.0,64485521.14285714,1953714.4623899434,12,49,4,False
West Virginia,2021-12-19,Beverages,65395194,2021-12-19,65040774.0,63324231.0,50637719.0,64656767.571428575,1942309.8680805687,12,50,4,False
West Virginia,2021-12-26,Beverages,62894154,2021-12-26,65395194.0,67251490.0,51141617.0,64952619.428571425,1873304.757148728,12,51,4,False
West Virginia,2022-01-02,Beverages,62574613,2022-01-02,62894154.0,66612660.0,52005187.0,64330142.85714286,1723991.6073172118,1,52,1,False
West Virginia,2022-01-09,Beverages,65536847,2022-01-09,62574613.0,65121440.0,52441621.0,63753279.0,1528193.4544163856,1,1,1,False
West Virginia,2022-01-16,Beverages,65977530,2022-01-16,65536847.0,60973907.0,49020132.0,63812622.85714286,1587100.9092900767,1,2,1,False
West Virginia,2022-01-23,Beverages,59321562,2022-01-23,65977530.0,64272871.0,48647523.0,64527426.14285714,1235437.1194382317,1,3,1,False
West Virginia,2022-01-30,Beverages,60682206,2022-01-30,59321562.0,65040774.0,53976213.0,63820096.28571428,2210951.5920946216,1,4,1,False
West Virginia,2022-02-06,Beverages,65299885,2022-02-06,60682206.0,65395194.0,51681309.0,63197443.71428572,2386287.5047771195,2,5,1,False
West Virginia,2022-02-13,Beverages,65081501,2022-02-13,65299885.0,62894154.0,51619195.0,63183828.14285714,2373948.8423664025,2,6,1,False
West Virginia,2022-02-20,Beverages,61789071,2022-02-20,65081501.0,62574613.0,50587313.0,63496306.28571428,2457733.7057471178,2,7,1,False
West Virginia,2022-02-27,Beverages,66154613,2022-02-27,61789071.0,65536847.0,50588393.0,63384086.0,2514533.8914494715,2,8,1,False
West Virginia,2022-03-06,Beverages,69455420,2022-03-06,66154613.0,65977530.0,51784540.0,63472338.28571428,2597996.0824727556,3,9,1,False
West Virginia,2022-03-13,Beverages,69900352,2022-03-13,69455420.0,59321562.0,51606383.0,63969179.71428572,3274149.986752949,3,10,1,False
West Virginia,2022-03-20,Beverages,67501870,2022-03-20,69900352.0,60682206.0,48217705.0,65480435.428571425,3221171.1352331834,3,11,1,False
West Virginia,2022-03-27,Beverages,67529122,2022-03-27,67501870.0,65299885.0,49288112.0,66454673.14285714,2592594.4696110673,3,12,1,False
West Virginia,2022-04-03,Beverages,69274026,2022-04-03,67529122.0,65081501.0,49298765.0,66773135.571428575,2567984.174680104,4,13,2,False
West Virginia,2022-04-10,Beverages,74097573,2022-04-10,69274026.0,61789071.0,49584877.0,67372067.71428572,2592395.099960117,4,14,2,False
West Virginia,2022-04-17,Beverages,72078836,2022-04-17,74097573.0,66154613.0,48024040.0,69130425.14285715,2374369.377636899,4,15,2,False
West Virginia,2022-04-24,Beverages,68168618,2022-04-24,72078836.0,69455420.0,45557693.0,69976742.71428572,2213184.6556873424,4,16,2,False
West Virginia,2022-05-01,Beverages,72863254,2022-05-01,68168618.0,69900352.0,67883113.0,69792913.85714285,2300567.9581399933,5,17,2,False
West Virginia,2022-05-08,Beverages,74749669,2022-05-08,72863254.0,67501870.0,70399280.0,70216185.57142857,2541361.377002399,5,18,2,False
West Virginia,2022-05-15,Beverages,73227904,2022-05-15,74749669.0,67529122.0,66043678.0,71251585.42857143,2696299.4870286384,5,19,2,False
West Virginia,2022-05-22,Beverages,75824754,2022-05-22,73227904.0,69274026.0,63842049.0,72065697.14285715,2277212.343496435,5,20,2,False
West Virginia,2022-05-29,Beverages,72996966,2022-05-29,75824754.0,74097573.0,63324231.0,73001515.42857143,2283689.4347220343,5,21,2,False
West Virginia,2022-06-05,Beverages,75400185,2022-06-05,72996966.0,72078836.0,67251490.0,72844285.85714285,2240289.9228933463,6,22,2,False
West Virginia,2022-06-12,Beverages,74937530,2022-06-12,75400185.0,68168618.0,66612660.0,73318764.28571428,2375562.8223559163,6,23,2,False
West Virginia,2022-06-19,Beverages,73102634,2022-06-19,74937530.0,72863254.0,65121440.0,74285751.71428572,1137292.1427100312,6,24,2,False
West Virginia,2022-06-26,Beverages,72747321,2022-06-26,73102634.0,74749669.0,60973907.0,74319948.85714285,1096886.2157255374,6,25,2,False
West Virginia,2022-07-03,Beverages,78622911,2022-07-03,72747321.0,73227904.0,64272871.0,74033899.14285715,1203438.1398030359,7,26,3,False
West Virginia,2022-07-10,Beverages,76261142,2022-07-10,78622911.0,75824754.0,65040774.0,74804614.42857143,1941620.4862202867,7,27,3,False
West Virginia,2022-07-17,Beverages,75992653,2022-07-17,76261142.0,72996966.0,65395194.0,74866955.57142857,1980000.4935807255,7,28,3,False
West Virginia,2022-07-24,Beverages,73511310,2022-07-24,75992653.0,75400185.0,62894154.0,75294910.85714285,1848981.468635393,7,29,3,False
West Virginia,2022-07-31,Beverages,74698082,2022-07-31,73511310.0,74937530.0,62574613.0,75025071.57142857,1949050.4644623236,7,30,3,False
West Virginia,2022-08-07,Beverages,78282945,2022-08-07,74698082.0,73102634.0,65536847.0,74990864.71428572,1952385.0571878084,8,31,3,False
West Virginia,2022-08-14,Beverages,77673203,2022-08-14,78282945.0,72747321.0,65977530.0,75730909.14285715,2074380.0782782182,8,32,3,False
West Virginia,2022-08-21,Beverages,73275469,2022-08-21,77673203.0,78622911.0,59321562.0,76434606.57142857,1753598.165753807,8,33,3,False
West Virginia,2022-08-28,Beverages,76344248,2022-08-28,73275469.0,76261142.0,60682206.0,75670686.28571428,1798102.1817135052,8,34,3,False
West Virginia,2022-09-04,Beverages,77349828,2022-09-04,76344248.0,75992653.0,65299885.0,75682558.57142857,1802231.1951507786,9,35,3,False
West Virginia,2022-09-11,Beverages,76050201,2022-09-11,77349828.0,73511310.0,65081501.0,75876440.71428572,1895737.9927844834,9,36,3,False
West Virginia,2022-09-18,Beverages,74104004,2022-09-18,76050201.0,74698082.0,61789071.0,76239139.42857143,1633237.564769701,9,37,3,False
West Virginia,2022-09-25,Beverages,70874506,2022-09-25,74104004.0,78282945.0,66154613.0,76154271.14285715,1724022.7674818374,9,38,3,False
West Virginia,2022-10-02,Beverages,71932125,2022-10-02,70874506.0,77673203.0,69455420.0,75095922.71428572,2277521.814837048,10,39,4,False
West Virginia,2022-10-09,Beverages,74190182,2022-10-09,71932125.0,73275469.0,69900352.0,74275768.71428572,2235058.7572716093,10,40,4,False
West Virginia,2022-10-16,Beverages,70746845,2022-10-16,74190182.0,76344248.0,67501870.0,74406442.0,2199207.992283349,10,41,4,False
West Virginia,2022-10-23,Beverages,67673967,2022-10-23,70746845.0,77349828.0,67529122.0,73606813.0,2360911.533967806,10,42,4,False
West Virginia,2022-10-30,Beverages,67504383,2022-10-30,67673967.0,76050201.0,69274026.0,72224547.14285715,2586536.8730436666,10,43,4,False
West Virginia,2022-11-06,Beverages,70416470,2022-11-06,67504383.0,74104004.0,74097573.0,71003716.0,2508344.1411920707,11,44,4,False
West Virginia,2022-11-13,Beverages,70382175,2022-11-13,70416470.0,70874506.0,72078836.0,70476925.42857143,2165741.2572381254,11,45,4,False
West Virginia,2022-11-20,Beverages,67479595,2022-11-20,70382175.0,71932125.0,68168618.0,70406592.42857143,2159673.472999314,11,46,4,False
West Virginia,2022-11-27,Beverages,66490665,2022-11-27,67479595.0,74190182.0,72863254.0,69770516.71428572,2269589.160118481,11,47,4,False
West Virginia,2022-12-04,Beverages,67049392,2022-12-04,66490665.0,70746845.0,74749669.0,68670585.71428572,1639350.6243427761,12,48,4,False
West Virginia,2022-12-11,Beverages,70499335,2022-12-11,67049392.0,67673967.0,73227904.0,68142378.14285715,1472446.3150466224,12,49,4,False
West Virginia,2022-12-18,Beverages,69850626,2022-12-18,70499335.0,67504383.0,75824754.0,68546002.14285715,1663564.90486563,12,50,4,False
West Virginia,2022-12-25,Beverages,70641050,2022-12-25,69850626.0,70416470.0,72996966.0,68881179.71428572,1656278.1981659515,12,51,4,False
West Virginia,2023-01-01,Beverages,65687268,2023-01-01,70641050.0,70382175.0,75400185.0,68913262.57142857,1687585.9462182275,1,52,1,False
West Virginia,2023-01-08,Beverages,69959953,2023-01-08,65687268.0,67479595.0,74937530.0,68242561.57142857,1891185.6716805394,1,1,1,False
West Virginia,2023-01-15,Beverages,69952896,2023-01-15,69959953.0,66490665.0,73102634.0,68596898.42857143,1946591.0049875274,1,2,1,False
West Virginia,2023-01-22,Beverages,63364499,2023-01-22,69952896.0,67049392.0,72747321.0,69091502.85714285,1781435.6633118005,1,3,1,False
West Virginia,2023-01-29,Beverages,65045343,2023-01-29,63364499.0,70499335.0,78622911.0,68565089.57142857,2643135.879780272,1,4,1,False
West Virginia,2023-02-05,Beverages,69293480,2023-02-05,65045343.0,69850626.0,76261142.0,67785947.85714285,2759426.6698882706,2,5,1,False
West Virginia,2023-02-12,Beverages,71515363,2023-02-12,69293480.0,70641050.0,75992653.0,67706355.57142857,2706248.3686560425,2,6,1,False
West Virginia,2023-02-19,Beverages,69092458,2023-02-19,71515363.0,65687268.0,73511310.0,67831257.42857143,2854904.664767361,2,7,1,False
West Virginia,2023-02-26,Beverages,69679104,2023-02-26,69092458.0,69959953.0,74698082.0,68317713.14285715,2735763.84194315,2,8,1,False
West Virginia,2023-03-05,Beverages,75067825,2023-03-05,69679104.0,69952896.0,78282945.0,68277591.85714285,2713353.009700024,3,9,1,False
West Virginia,2023-03-12,Beverages,78255741,2023-03-12,75067825.0,63364499.0,77673203.0,69008296.0,3607514.2656740076,3,10,1,False
West Virginia,2023-03-19,Beverages,75107018,2023-03-19,78255741.0,65045343.0,73275469.0,71135616.28571428,4019301.067598734,3,11,1,False
West Virginia,2023-03-26,Beverages,69340958,2023-03-26,75107018.0,69293480.0,76344248.0,72572998.42857143,3323113.824053336,3,12,1,False
West Virginia,2023-04-02,Beverages,71158238,2023-04-02,69340958.0,71515363.0,77349828.0,72579781.0,3316455.0910994224,4,13,2,False
West Virginia,2023-04-09,Beverages,78461254,2023-04-09,71158238.0,69092458.0,76050201.0,72528763.14285715,3335131.174735504,4,14,2,False
West Virginia,2023-04-16,Beverages,76094026,2023-04-16,78461254.0,69679104.0,74104004.0,73867162.57142857,3559870.84820479,4,15,2,False
West Virginia,2023-04-23,Beverages,74040229,2023-04-23,76094026.0,75067825.0,70874506.0,74783580.0,3167899.326488045,4,16,2,False
West Virginia,2023-04-30,Beverages,75759703,2023-04-30,74040229.0,78255741.0,71932125.0,74636780.57142857,3175127.1736717047,4,17,2,False
West Virginia,2023-05-07,Beverages,79297110,2023-05-07,75759703.0,75107018.0,74190182.0,74280203.71428572,2874619.94493178,5,18,2,False
Wisconsin,2020-05-03,Beverages,96537163,2020-05-03,93598196.0,99213111.0,86707757.0,93299473.28571428,4592101.566453813,5,18,2,False
Wisconsin,2020-05-10,Beverages,99683246,2020-05-10,96537163.0,99225509.0,87339997.0,92917195.0,4176470.5610712855,5,19,2,False
Wisconsin,2020-05-17,Beverages,100460331,2020-05-17,99683246.0,85948011.0,86378292.0,92982586.0,4277099.03630124,5,20,2,False
Wisconsin,2020-05-24,Beverages,104290445,2020-05-24,100460331.0,89055839.0,84847392.0,95055774.57142857,3861895.9453646205,5,21,2,False
Wisconsin,2020-05-31,Beverages,102166025,2020-05-31,104290445.0,91410184.0,84430400.0,97232146.85714285,4149413.3635388417,5,22,2,False
Wisconsin,2020-06-07,Beverages,108556200,2020-06-07,102166025.0,94645463.0,84657735.0,98768695.57142857,3673154.4868446155,6,23,2,False
Wisconsin,2020-06-14,Beverages,103936089,2020-06-14,108556200.0,93598196.0,86704220.0,100755943.71428572,4560616.453033465,6,24,2,False
Wisconsin,2020-06-21,Beverages,104650456,2020-06-21,103936089.0,96537163.0,88143657.0,102232785.57142857,3569855.8518630224,6,25,2,False
Wisconsin,2020-06-28,Beverages,105545957,2020-06-28,104650456.0,99683246.0,84291416.0,103391827.42857143,2757029.023638868,6,26,2,False
Wisconsin,2020-07-05,Beverages,117400252,2020-07-05,105545957.0,100460331.0,85157244.0,104229357.57142857,2365978.024203525,7,27,3,False
Wisconsin,2020-07-12,Beverages,106306977,2020-07-12,117400252.0,104290445.0,87736175.0,106649346.28571428,4742775.636821882,7,28,3,False
Wisconsin,2020-07-19,Beverages,106809376,2020-07-19,106306977.0,102166025.0,94516988.0,106937422.28571428,4651103.281837536,7,29,3,False
Wisconsin,2020-07-26,Beverages,103471927,2020-07-26,106809376.0,108556200.0,86541497.0,107600758.14285715,4235890.777389184,7,30,3,False
Wisconsin,2020-08-02,Beverages,103478200,2020-08-02,103471927.0,103936089.0,83982215.0,106874433.42857143,4440735.76715092,8,31,3,False
Wisconsin,2020-08-09,Beverages,102730958,2020-08-09,103478200.0,104650456.0,83210541.0,106809020.71428572,4486671.066832652,8,32,3,False
Wisconsin,2020-08-16,Beverages,103504572,2020-08-16,102730958.0,105545957.0,82278527.0,106534806.71428572,4665318.263297369,8,33,3,False
Wisconsin,2020-08-23,Beverages,101400234,2020-08-23,103504572.0,117400252.0,83227979.0,106243180.28571428,4780399.540001489,8,34,3,False
Wisconsin,2020-08-30,Beverages,101921350,2020-08-30,101400234.0,106306977.0,83991230.0,103957463.42857143,1787572.4547058244,8,35,3,False
Wisconsin,2020-09-06,Beverages,98563733,2020-09-06,101921350.0,106809376.0,84231046.0,103330945.28571428,1614478.064893055,9,36,3,False
Wisconsin,2020-09-13,Beverages,91732869,2020-09-13,98563733.0,103471927.0,84046257.0,102152996.28571428,1654416.6762652101,9,37,3,False
Wisconsin,2020-09-20,Beverages,93763066,2020-09-20,91732869.0,103478200.0,85512528.0,100475988.0,3897116.8584676697,9,38,3,False
Wisconsin,2020-09-27,Beverages,93904749,2020-09-27,93763066.0,102730958.0,87040926.0,99088111.71428572,4290842.066106596,9,39,3,False
Wisconsin,2020-10-04,Beverages,90455369,2020-10-04,93904749.0,103504572.0,91238415.0,97827224.71428572,4331732.534168644,10,40,4,False
Wisconsin,2020-10-11,Beverages,93108850,2020-10-11,90455369.0,101400234.0,99213111.0,95963052.85714285,4295069.843302772,10,41,4,False
Wisconsin,2020-10-18,Beverages,91154751,2020-10-18,93108850.0,101921350.0,99225509.0,94778569.42857143,3739669.636545733,10,42,4,False
Wisconsin,2020-10-25,Beverages,87616975,2020-10-25,91154751.0,98563733.0,85948011.0,93240483.85714285,2491376.5004783846,10,43,4,False
Wisconsin,2020-11-01,Beverages,88525014,2020-11-01,87616975.0,91732869.0,89055839.0,91676661.28571428,2056931.877996857,11,44,4,False
Wisconsin,2020-11-08,Beverages,92131295,2020-11-08,88525014.0,93763066.0,91410184.0,91218396.28571428,2332272.1873092186,11,45,4,False
Wisconsin,2020-11-15,Beverages,91348926,2020-11-15,92131295.0,93904749.0,94645463.0,90985286.14285715,2139896.947675516,11,46,4,False
Wisconsin,2020-11-22,Beverages,94058186,2020-11-22,91348926.0,90455369.0,93598196.0,90620168.57142857,1801979.360568576,11,47,4,False
Wisconsin,2020-11-29,Beverages,90350458,2020-11-29,94058186.0,93108850.0,96537163.0,91134856.71428572,2160303.7174379583,11,48,4,False
Wisconsin,2020-12-06,Beverages,88707905,2020-12-06,90350458.0,91154751.0,99683246.0,90740800.71428572,2010687.7286147738,12,49,4,False
Wisconsin,2020-12-13,Beverages,91542956,2020-12-13,88707905.0,87616975.0,100460331.0,90391251.28571428,2118155.2795849172,12,50,4,False
Wisconsin,2020-12-20,Beverages,96028971,2020-12-20,91542956.0,88525014.0,104290445.0,90952105.71428572,1806100.1209441724,12,51,4,False
Wisconsin,2020-12-27,Beverages,93388621,2020-12-27,96028971.0,92131295.0,102166025.0,92024099.57142857,2225616.2761158375,12,52,4,False
Wisconsin,2021-01-03,Beverages,88536901,2021-01-03,93388621.0,91348926.0,108556200.0,92203717.57142857,2277158.760612384,1,53,1,False
Wisconsin,2021-01-10,Beverages,88958125,2021-01-10,88536901.0,94058186.0,103936089.0,91801999.71428572,2615432.185753473,1,1,1,False
Wisconsin,2021-01-17,Beverages,88841230,2021-01-17,88958125.0,90350458.0,104650456.0,91073419.57142857,2595733.9256855077,1,2,1,False
Wisconsin,2021-01-24,Beverages,87496019,2021-01-24,88841230.0,88707905.0,105545957.0,90857815.57142857,2707118.751577703,1,3,1,False
Wisconsin,2021-01-31,Beverages,91152284,2021-01-31,87496019.0,91542956.0,117400252.0,90684689.0,2872758.619475454,1,4,1,False
Wisconsin,2021-02-07,Beverages,89954240,2021-02-07,91152284.0,96028971.0,106306977.0,90628878.71428572,2859305.957875334,2,5,1,False
Wisconsin,2021-02-14,Beverages,87410704,2021-02-14,89954240.0,93388621.0,106809376.0,89761060.0,1822548.8188535096,2,6,1,False
Wisconsin,2021-02-21,Beverages,89602440,2021-02-21,87410704.0,88536901.0,103471927.0,88907071.85714285,1225426.6697633401,2,7,1,False
Wisconsin,2021-02-28,Beverages,92603139,2021-02-28,89602440.0,88958125.0,103478200.0,89059291.71428572,1236123.4252424405,2,8,1,False
Wisconsin,2021-03-07,Beverages,95380231,2021-03-07,92603139.0,88841230.0,102730958.0,89580008.0,1746286.2057174891,3,9,1,False
Wisconsin,2021-03-14,Beverages,104992937,2021-03-14,95380231.0,87496019.0,103504572.0,90514151.0,2627737.769349075,3,10,1,False
Wisconsin,2021-03-21,Beverages,104751735,2021-03-21,104992937.0,91152284.0,101400234.0,93013710.71428572,5413298.075752609,3,11,1,False
Wisconsin,2021-03-28,Beverages,91098857,2021-03-28,104751735.0,89954240.0,101921350.0,94956489.42857143,6687110.770399984,3,12,1,False
Wisconsin,2021-04-04,Beverages,97437647,2021-04-04,91098857.0,87410704.0,98563733.0,95120006.14285715,6575862.982872194,4,13,2,False
Wisconsin,2021-04-11,Beverages,97690434,2021-04-11,97437647.0,89602440.0,91732869.0,96552426.57142857,5785068.704494599,4,14,2,False
Wisconsin,2021-04-18,Beverages,96311141,2021-04-18,97690434.0,92603139.0,93763066.0,97707854.28571428,5041496.299341468,4,15,2,False
Wisconsin,2021-04-25,Beverages,98740462,2021-04-25,96311141.0,95380231.0,93904749.0,98237568.85714285,4657487.086369786,4,16,2,False
Wisconsin,2021-05-02,Beverages,104492144,2021-05-02,98740462.0,104992937.0,90455369.0,98717601.85714285,4509051.243784973,5,17,2,False
Wisconsin,2021-05-09,Beverages,106201021,2021-05-09,104492144.0,104751735.0,93108850.0,98646060.0,4411842.504259637,5,18,2,False
Wisconsin,2021-05-16,Beverages,105651321,2021-05-16,106201021.0,91098857.0,91154751.0,98853100.85714285,4716969.170179272,5,19,2,False
Wisconsin,2021-05-23,Beverages,110768074,2021-05-23,105651321.0,97437647.0,87616975.0,100932024.28571428,3992539.9725809456,5,20,2,False
Wisconsin,2021-05-30,Beverages,111868990,2021-05-30,110768074.0,97690434.0,88525014.0,102836371.0,4938682.220680837,5,21,2,False
Wisconsin,2021-06-06,Beverages,116249339,2021-06-06,111868990.0,96311141.0,92131295.0,104861879.0,5306637.81534576,6,22,2,False
Wisconsin,2021-06-13,Beverages,117237118,2021-06-13,116249339.0,98740462.0,91348926.0,107710193.0,5303525.9259633,6,23,2,False
Wisconsin,2021-06-20,Beverages,116460896,2021-06-20,117237118.0,104492144.0,94058186.0,110352572.42857143,4755789.752096536,6,24,2,False
Wisconsin,2021-06-27,Beverages,108722468,2021-06-27,116460896.0,106201021.0,90350458.0,112062394.14285715,4485298.470517175,6,25,2,False
Wisconsin,2021-07-04,Beverages,124132664,2021-07-04,108722468.0,105651321.0,88707905.0,112422600.85714285,4083354.4678046205,7,26,3,False
Wisconsin,2021-07-11,Beverages,110894630,2021-07-11,124132664.0,110768074.0,91542956.0,115062792.71428572,4768910.366357101,7,27,3,False
Wisconsin,2021-07-18,Beverages,110798379,2021-07-18,110894630.0,111868990.0,96028971.0,115080872.14285715,4752807.081748048,7,28,3,False
Wisconsin,2021-07-25,Beverages,111772603,2021-07-25,110798379.0,116249339.0,93388621.0,114927927.71428572,4869497.5206541605,7,29,3,False
Wisconsin,2021-08-01,Beverages,110769411,2021-08-01,111772603.0,117237118.0,88536901.0,114288394.0,4947307.570649186,8,30,3,False
Wisconsin,2021-08-08,Beverages,108184148,2021-08-08,110769411.0,116460896.0,88958125.0,113364435.85714285,4914168.189575919,8,31,3,False
Wisconsin,2021-08-15,Beverages,111276411,2021-08-15,108184148.0,108722468.0,88841230.0,112182043.28571428,5021443.936954868,8,32,3,False
Wisconsin,2021-08-22,Beverages,111059083,2021-08-22,111276411.0,124132664.0,87496019.0,112546892.28571428,4846559.893568947,8,33,3,False
Wisconsin,2021-08-29,Beverages,110814558,2021-08-29,111059083.0,110894630.0,91152284.0,110679237.85714285,1068412.602004683,8,34,3,False
Wisconsin,2021-09-05,Beverages,111532492,2021-09-05,110814558.0,110798379.0,89954240.0,110667799.0,1066472.1716646766,9,35,3,False
Wisconsin,2021-09-12,Beverages,101391587,2021-09-12,111532492.0,111772603.0,87410704.0,110772672.28571428,1109388.1361233294,9,36,3,False
Wisconsin,2021-09-19,Beverages,102505710,2021-09-19,101391587.0,110769411.0,89602440.0,109289670.0,3385368.169563432,9,37,3,False
Wisconsin,2021-09-26,Beverages,102265249,2021-09-26,102505710.0,108184148.0,92603139.0,108109141.28571428,4040897.4788531917,9,38,3,False
Wisconsin,2021-10-03,Beverages,145142676,2021-10-03,102265249.0,111276411.0,95380231.0,107263584.28571428,4526787.754188942,10,39,4,False
Wisconsin,2021-10-10,Beverages,144063095,2021-10-10,145142676.0,111059083.0,104992937.0,112101622.14285715,14133643.70323832,10,40,4,False
Wisconsin,2021-10-17,Beverages,141440058,2021-10-17,144063095.0,110814558.0,104751735.0,116816481.0,17980778.59169381,10,41,4,False
Wisconsin,2021-10-24,Beverages,139449132,2021-10-24,141440058.0,111532492.0,91098857.0,121191552.42857143,19637673.363373462,10,42,4,False
Wisconsin,2021-10-31,Beverages,138373769,2021-10-31,139449132.0,101391587.0,97437647.0,125179643.85714285,20100373.687469885,10,43,4,False
Wisconsin,2021-11-07,Beverages,140427908,2021-11-07,138373769.0,102505710.0,97690434.0,130462812.71428572,17892557.645435322,11,44,4,False
Wisconsin,2021-11-14,Beverages,144043738,2021-11-14,140427908.0,102265249.0,96311141.0,135880269.57142857,13904094.946400965,11,45,4,False
Wisconsin,2021-11-21,Beverages,144661079,2021-11-21,144043738.0,145142676.0,98740462.0,141848625.14285713,2408043.815671448,11,46,4,False
Wisconsin,2021-11-28,Beverages,137384512,2021-11-28,144661079.0,144063095.0,104492144.0,141779825.57142857,2318149.4192341147,11,47,4,False
Wisconsin,2021-12-05,Beverages,136574079,2021-12-05,137384512.0,141440058.0,106201021.0,140825742.2857143,2545310.9494143417,12,48,4,False
Wisconsin,2021-12-12,Beverages,141935220,2021-12-12,136574079.0,139449132.0,105651321.0,140130602.42857143,2919563.9536415255,12,49,4,False
Wisconsin,2021-12-19,Beverages,148776921,2021-12-19,141935220.0,138373769.0,110768074.0,140485757.85714287,2965907.973256885,12,50,4,False
Wisconsin,2021-12-26,Beverages,145243901,2021-12-26,148776921.0,140427908.0,111868990.0,141971922.42857143,3971296.372290506,12,51,4,False
Wisconsin,2022-01-02,Beverages,137051597,2022-01-02,145243901.0,144043738.0,116249339.0,142659921.42857143,4060380.506170218,1,52,1,False
Wisconsin,2022-01-09,Beverages,133988048,2022-01-09,137051597.0,144661079.0,117237118.0,141661044.14285713,4439448.047313366,1,1,1,False
Wisconsin,2022-01-16,Beverages,138091774,2022-01-16,133988048.0,137384512.0,116460896.0,140136325.42857143,4950644.7388764685,1,2,1,False
Wisconsin,2022-01-23,Beverages,138088477,2022-01-23,138091774.0,136574079.0,108722468.0,140237362.85714287,4900414.512766923,1,3,1,False
Wisconsin,2022-01-30,Beverages,139017541,2022-01-30,138088477.0,141935220.0,124132664.0,140453705.42857143,4765484.083191984,1,4,1,False
Wisconsin,2022-02-06,Beverages,138271158,2022-02-06,139017541.0,148776921.0,110894630.0,140036894.14285713,4745229.651756223,2,5,1,False
Wisconsin,2022-02-13,Beverages,139412016,2022-02-13,138271158.0,145243901.0,110798379.0,138536070.85714287,3130104.791796291,2,6,1,False
Wisconsin,2022-02-20,Beverages,140249085,2022-02-20,139412016.0,137051597.0,111772603.0,137702944.42857143,1668895.6656328358,2,7,1,False
Wisconsin,2022-02-27,Beverages,141695532,2022-02-27,140249085.0,133988048.0,110769411.0,138159728.42857143,1855282.2726146216,2,8,1,False
Wisconsin,2022-03-06,Beverages,144612058,2022-03-06,141695532.0,138091774.0,108184148.0,139260797.57142857,1236759.745329262,3,9,1,False
Wisconsin,2022-03-13,Beverages,143274356,2022-03-13,144612058.0,138088477.0,111276411.0,140192266.7142857,2134845.3068357324,3,10,1,False
Wisconsin,2022-03-20,Beverages,144371738,2022-03-20,143274356.0,139017541.0,111059083.0,140933106.57142857,2175657.1662203027,3,11,1,False
Wisconsin,2022-03-27,Beverages,143698515,2022-03-27,144371738.0,138271158.0,110814558.0,141697991.85714287,2305082.486143279,3,12,1,False
Wisconsin,2022-04-03,Beverages,148790635,2022-04-03,143698515.0,139412016.0,111532492.0,142473328.57142857,1899049.0211258044,4,13,2,False
Wisconsin,2022-04-10,Beverages,147485688,2022-04-10,148790635.0,140249085.0,101391587.0,143813131.2857143,2484694.202296659,4,14,2,False
Wisconsin,2022-04-17,Beverages,154578677,2022-04-17,147485688.0,141695532.0,102505710.0,144846931.7142857,2284105.969602073,4,15,2,False
Wisconsin,2022-04-24,Beverages,146967859,2022-04-24,154578677.0,144612058.0,102265249.0,146687381.0,3733721.844724241,4,16,2,False
Wisconsin,2022-05-01,Beverages,152496195,2022-05-01,146967859.0,143274356.0,145142676.0,147023924.0,3636395.8945756094,5,17,2,False
Wisconsin,2022-05-08,Beverages,156608949,2022-05-08,152496195.0,144371738.0,144063095.0,148341329.57142857,3709085.627559644,5,18,2,False
Wisconsin,2022-05-15,Beverages,164745922,2022-05-15,156608949.0,143698515.0,141440058.0,150089502.57142857,4267892.173865481,5,19,2,False
Wisconsin,2022-05-22,Beverages,165614107,2022-05-22,164745922.0,148790635.0,139449132.0,153096275.0,5833223.4475298785,5,20,2,False
Wisconsin,2022-05-29,Beverages,165984431,2022-05-29,165614107.0,147485688.0,138373769.0,155499628.14285713,6927278.463615623,5,21,2,False
Wisconsin,2022-06-05,Beverages,170291439,2022-06-05,165984431.0,154578677.0,140427908.0,158142305.7142857,6894427.869160587,6,22,2,False
Wisconsin,2022-06-12,Beverages,169388310,2022-06-12,170291439.0,146967859.0,144043738.0,160386986.0,7859151.284482004,6,23,2,False
Wisconsin,2022-06-19,Beverages,173919687,2022-06-19,169388310.0,152496195.0,144661079.0,163589907.57142857,6112092.587046165,6,24,2,False
Wisconsin,2022-06-26,Beverages,170159445,2022-06-26,173919687.0,156608949.0,137384512.0,166650406.42857143,5064879.6656385,6,25,2,False
Wisconsin,2022-07-03,Beverages,181212901,2022-07-03,170159445.0,164745922.0,136574079.0,168586191.57142857,3043087.665104526,7,26,3,False
Wisconsin,2022-07-10,Beverages,167227740,2022-07-10,181212901.0,165614107.0,141935220.0,170938617.14285713,4939222.840706611,7,27,3,False
Wisconsin,2022-07-17,Beverages,169197846,2022-07-17,167227740.0,165984431.0,148776921.0,171169136.14285713,4718045.656739756,7,28,3,False
Wisconsin,2022-07-24,Beverages,171737769,2022-07-24,169197846.0,170291439.0,145243901.0,171628195.42857143,4331765.610792521,7,29,3,False
Wisconsin,2022-07-31,Beverages,168619060,2022-07-31,171737769.0,169388310.0,137051597.0,171834814.0,4297434.5025794925,7,30,3,False
Wisconsin,2022-08-07,Beverages,167300996,2022-08-07,168619060.0,173919687.0,133988048.0,171724921.14285713,4367849.422016496,8,31,3,False
Wisconsin,2022-08-14,Beverages,163347700,2022-08-14,167300996.0,170159445.0,138091774.0,170779393.85714287,4504644.009711272,8,32,3,False
Wisconsin,2022-08-21,Beverages,163579799,2022-08-21,163347700.0,181212901.0,138088477.0,169806287.42857143,5213442.894933655,8,33,3,False
Wisconsin,2022-08-28,Beverages,164951299,2022-08-28,163579799.0,167227740.0,139017541.0,167287272.85714287,2790294.1943438374,8,34,3,False
Wisconsin,2022-09-04,Beverages,168076195,2022-09-04,164951299.0,169197846.0,138271158.0,166962067.0,2908438.697270461,9,35,3,False
Wisconsin,2022-09-11,Beverages,156684671,2022-09-11,168076195.0,171737769.0,139412016.0,166801831.14285713,2810082.722336204,9,36,3,False
Wisconsin,2022-09-18,Beverages,156284474,2022-09-18,156684671.0,168619060.0,140249085.0,164651388.57142857,3796588.288002635,9,37,3,False
Wisconsin,2022-09-25,Beverages,153506964,2022-09-25,156284474.0,167300996.0,141695532.0,162889304.85714287,4365888.032194931,9,38,3,False
Wisconsin,2022-10-02,Beverages,151968250,2022-10-02,153506964.0,163347700.0,144612058.0,160918728.85714287,4997284.419489152,10,39,4,False
Wisconsin,2022-10-09,Beverages,152510846,2022-10-09,151968250.0,163579799.0,143274356.0,159293093.14285713,5738619.6898769615,10,40,4,False
Wisconsin,2022-10-16,Beverages,149052272,2022-10-16,152510846.0,164951299.0,144371738.0,157711814.14285713,5863229.459772022,10,41,4,False
Wisconsin,2022-10-23,Beverages,149625338,2022-10-23,149052272.0,168076195.0,143698515.0,155440524.57142857,5695969.161129358,10,42,4,False
Wisconsin,2022-10-30,Beverages,146529936,2022-10-30,149625338.0,156684671.0,148790635.0,152804687.85714287,2742033.504593802,10,43,4,False
Wisconsin,2022-11-06,Beverages,145964568,2022-11-06,146529936.0,156284474.0,147485688.0,151354011.42857143,2981328.590678909,11,44,4,False
Wisconsin,2022-11-13,Beverages,148390555,2022-11-13,145964568.0,153506964.0,154578677.0,149879739.14285713,2718732.085097045,11,45,4,False
Wisconsin,2022-11-20,Beverages,152474912,2022-11-20,148390555.0,151968250.0,146967859.0,149148823.57142857,2300986.5987356496,11,46,4,False
Wisconsin,2022-11-27,Beverages,150635816,2022-11-27,152474912.0,152510846.0,152496195.0,149221203.85714287,2394601.123991683,11,47,4,False
Wisconsin,2022-12-04,Beverages,142193070,2022-12-04,150635816.0,149052272.0,156608949.0,148953342.42857143,2098160.2714692014,12,48,4,False
Wisconsin,2022-12-11,Beverages,147823738,2022-12-11,142193070.0,149625338.0,164745922.0,147973456.42857143,3157444.624802124,12,49,4,False
Wisconsin,2022-12-18,Beverages,155791297,2022-12-18,147823738.0,146529936.0,165614107.0,147716085.0,3084899.128403215,12,50,4,False
Wisconsin,2022-12-25,Beverages,161068988,2022-12-25,155791297.0,145964568.0,165984431.0,149039136.57142857,4108615.679225948,12,51,4,False
Wisconsin,2023-01-01,Beverages,142641458,2023-01-01,161068988.0,148390555.0,170291439.0,151196910.85714287,5616779.50447838,1,52,1,False
Wisconsin,2023-01-08,Beverages,140556535,2023-01-08,142641458.0,152474912.0,169388310.0,150375611.2857143,6340751.34693022,1,1,1,False
Wisconsin,2023-01-15,Beverages,142879650,2023-01-15,140556535.0,150635816.0,173919687.0,148672986.0,7102821.965106583,1,2,1,False
Wisconsin,2023-01-22,Beverages,141574072,2023-01-22,142879650.0,142193070.0,170159445.0,147564962.2857143,7312089.633086885,1,3,1,False
Wisconsin,2023-01-29,Beverages,144952624,2023-01-29,141574072.0,147823738.0,181212901.0,147476534.0,7379947.60308758,1,4,1,False
Wisconsin,2023-02-05,Beverages,145493912,2023-02-05,144952624.0,155791297.0,167227740.0,147066374.85714287,7428875.552131798,2,5,1,False
Wisconsin,2023-02-12,Beverages,150103507,2023-02-12,145493912.0,161068988.0,169197846.0,145595319.85714287,6519396.303454231,2,6,1,False
Wisconsin,2023-02-19,Beverages,149355707,2023-02-19,150103507.0,142641458.0,171737769.0,144028822.57142857,2957548.367607556,2,7,1,False
Wisconsin,2023-02-26,Beverages,147986205,2023-02-26,149355707.0,140556535.0,168619060.0,144988001.0,3406724.4612383717,2,8,1,False
Wisconsin,2023-03-05,Beverages,153305059,2023-03-05,147986205.0,142879650.0,167300996.0,146049382.42857143,2992992.373662939,3,9,1,False
Wisconsin,2023-03-12,Beverages,161762846,2023-03-12,153305059.0,141574072.0,163347700.0,147538726.57142857,3581233.63523587,3,10,1,False
Wisconsin,2023-03-19,Beverages,160997581,2023-03-19,161762846.0,144952624.0,163579799.0,150422837.14285713,5322438.395204031,3,11,1,False
Wisconsin,2023-03-26,Beverages,146433104,2023-03-26,160997581.0,145493912.0,164951299.0,152714973.85714287,5897011.278026768,3,12,1,False
Wisconsin,2023-04-02,Beverages,148877959,2023-04-02,146433104.0,150103507.0,168076195.0,152849144.14285713,5739777.708371624,4,13,2,False
Wisconsin,2023-04-09,Beverages,158992907,2023-04-09,148877959.0,149355707.0,156684671.0,152674065.85714287,5838695.5278231315,4,14,2,False
Wisconsin,2023-04-16,Beverages,162525239,2023-04-16,158992907.0,147986205.0,156284474.0,154050808.7142857,6027091.929510146,4,15,2,False
Wisconsin,2023-04-23,Beverages,155482743,2023-04-23,162525239.0,153305059.0,153506964.0,156127813.57142857,6084168.755376264,4,16,2,False
Wisconsin,2023-04-30,Beverages,162200446,2023-04-30,155482743.0,161762846.0,151968250.0,156438911.2857143,5986776.693729026,4,17,2,False
Wisconsin,2023-05-07,Beverages,167233104,2023-05-07,162200446.0,160997581.0,152510846.0,156501425.57142857,6044053.883594459,5,18,2,False
Wyoming,2020-05-03,Beverages,13831896,2020-05-03,13110749.0,13765269.0,12906407.0,12912722.285714285,489102.8545980953,5,18,2,False
Wyoming,2020-05-10,Beverages,13542037,2020-05-10,13831896.0,13280268.0,12182099.0,12922240.42857143,505958.9859609191,5,19,2,False
Wyoming,2020-05-17,Beverages,13754300,2020-05-17,13542037.0,12158058.0,12461447.0,12959636.0,539594.6249647634,5,20,2,False
Wyoming,2020-05-24,Beverages,14021484,2020-05-24,13754300.0,12759776.0,12136073.0,13187670.57142857,487427.9049223603,5,21,2,False
Wyoming,2020-05-31,Beverages,14228464,2020-05-31,14021484.0,12499053.0,11816719.0,13367914.57142857,527505.9255094185,5,22,2,False
Wyoming,2020-06-07,Beverages,15536011,2020-06-07,14228464.0,12815883.0,12021378.0,13614973.285714285,463865.18064559187,6,23,2,False
Wyoming,2020-06-14,Beverages,15317087,2020-06-14,15536011.0,13110749.0,12048604.0,14003563.0,707210.1317700483,6,24,2,False
Wyoming,2020-06-21,Beverages,14818330,2020-06-21,15317087.0,13831896.0,11965099.0,14318754.142857144,730345.6576536229,6,25,2,False
Wyoming,2020-06-28,Beverages,16040050,2020-06-28,14818330.0,13542037.0,11479225.0,14459673.285714285,717870.980208779,6,26,2,False
Wyoming,2020-07-05,Beverages,16803920,2020-07-05,16040050.0,13754300.0,11820203.0,14816532.285714285,790250.1407427078,7,27,3,False
Wyoming,2020-07-12,Beverages,16021548,2020-07-12,16803920.0,14021484.0,12078295.0,15252192.285714285,915286.2193623079,7,28,3,False
Wyoming,2020-07-19,Beverages,16371053,2020-07-19,16021548.0,14228464.0,12814748.0,15537915.714285715,790121.3496866323,7,29,3,False
Wyoming,2020-07-26,Beverages,16038079,2020-07-26,16371053.0,15536011.0,11653245.0,15843999.857142856,620332.1296867749,7,30,3,False
Wyoming,2020-08-02,Beverages,15876121,2020-08-02,16038079.0,15317087.0,11764975.0,15915723.857142856,609505.9955391557,8,31,3,False
Wyoming,2020-08-09,Beverages,16228537,2020-08-09,15876121.0,14818330.0,11771635.0,15995585.857142856,560489.5355773858,8,32,3,False
Wyoming,2020-08-16,Beverages,15832146,2020-08-16,16228537.0,16040050.0,11686723.0,16197044.0,288661.15453367104,8,33,3,False
Wyoming,2020-08-23,Beverages,15464859,2020-08-23,15832146.0,16803920.0,11777732.0,16167343.42857143,312959.4683302928,8,34,3,False
Wyoming,2020-08-30,Beverages,14990103,2020-08-30,15464859.0,16021548.0,12232547.0,15976049.0,271951.9742269771,8,35,3,False
Wyoming,2020-09-06,Beverages,15331993,2020-09-06,14990103.0,16371053.0,11651381.0,15828699.714285715,436829.7814799688,9,36,3,False
Wyoming,2020-09-13,Beverages,13782139,2020-09-13,15331993.0,16038079.0,11769943.0,15680262.57142857,402505.93283133087,9,37,3,False
Wyoming,2020-09-20,Beverages,14227153,2020-09-20,13782139.0,15876121.0,11856643.0,15357985.42857143,744683.9962556342,9,38,3,False
Wyoming,2020-09-27,Beverages,13709820,2020-09-27,14227153.0,16228537.0,12575446.0,15122418.57142857,802118.1852532414,9,39,3,False
Wyoming,2020-10-04,Beverages,13837191,2020-10-04,13709820.0,15832146.0,13026247.0,14762601.857142856,790064.6766131744,10,40,4,False
Wyoming,2020-10-11,Beverages,13688789,2020-10-11,13837191.0,15464859.0,13765269.0,14477608.285714285,708451.6903920196,10,41,4,False
Wyoming,2020-10-18,Beverages,13060879,2020-10-18,13688789.0,14990103.0,13280268.0,14223884.0,622238.6294509302,10,42,4,False
Wyoming,2020-10-25,Beverages,12396055,2020-10-25,13060879.0,15331993.0,12158058.0,13948280.57142857,648520.8124264508,10,43,4,False
Wyoming,2020-11-01,Beverages,12429956,2020-11-01,12396055.0,13782139.0,12759776.0,13528860.857142856,561555.056650732,11,44,4,False
Wyoming,2020-11-08,Beverages,13085742,2020-11-08,12429956.0,14227153.0,12499053.0,13335691.857142856,664363.3688435844,11,45,4,False
Wyoming,2020-11-15,Beverages,12346349,2020-11-15,13085742.0,13709820.0,12815883.0,13172633.142857144,556943.9254616398,11,46,4,False
Wyoming,2020-11-22,Beverages,12776668,2020-11-22,12346349.0,13837191.0,13110749.0,12977851.57142857,573199.3537574305,11,47,4,False
Wyoming,2020-11-29,Beverages,11916096,2020-11-29,12776668.0,13688789.0,13831896.0,12826348.285714285,453752.66246792156,11,48,4,False
Wyoming,2020-12-06,Beverages,12267039,2020-12-06,11916096.0,13060879.0,13542037.0,12573106.42857143,392260.0306295425,12,49,4,False
Wyoming,2020-12-13,Beverages,12499163,2020-12-13,12267039.0,12396055.0,13754300.0,12459700.714285715,346988.00279250194,12,50,4,False
Wyoming,2020-12-20,Beverages,12978665,2020-12-20,12499163.0,12429956.0,14021484.0,12474430.42857143,346161.0818761392,12,51,4,False
Wyoming,2020-12-27,Beverages,12368154,2020-12-27,12978665.0,13085742.0,14228464.0,12552817.42857143,386939.5187295649,12,52,4,False
Wyoming,2021-01-03,Beverages,12255352,2021-01-03,12368154.0,12346349.0,15536011.0,12450304.857142856,321733.14807617635,1,53,1,False
Wyoming,2021-01-10,Beverages,12464569,2021-01-10,12255352.0,12776668.0,15317087.0,12437305.285714285,327458.26435697457,1,1,1,False
Wyoming,2021-01-17,Beverages,12324836,2021-01-17,12464569.0,11916096.0,14818330.0,12392719.714285715,298152.2981589665,1,2,1,False
Wyoming,2021-01-24,Beverages,12243267,2021-01-24,12324836.0,12267039.0,16040050.0,12451111.142857144,231712.4669600661,1,3,1,False
Wyoming,2021-01-31,Beverages,12380809,2021-01-31,12243267.0,12499163.0,16803920.0,12447715.142857144,234542.28240343207,1,4,1,False
Wyoming,2021-02-07,Beverages,12460755,2021-02-07,12380809.0,12978665.0,16021548.0,12430807.42857143,234490.0332868695,2,5,1,False
Wyoming,2021-02-14,Beverages,11857725,2021-02-14,12460755.0,12368154.0,16371053.0,12356820.285714285,82227.2871659908,2,6,1,False
Wyoming,2021-02-21,Beverages,12206507,2021-02-21,11857725.0,12255352.0,16038079.0,12283901.857142856,192382.52736561003,2,7,1,False
Wyoming,2021-02-28,Beverages,12722268,2021-02-28,12206507.0,12464569.0,15876121.0,12276924.0,194169.03312993073,2,8,1,False
Wyoming,2021-03-07,Beverages,13776276,2021-03-07,12722268.0,12324836.0,16228537.0,12313738.142857144,244232.02039299117,3,9,1,False
Wyoming,2021-03-14,Beverages,14429850,2021-03-14,13776276.0,12243267.0,15832146.0,12521086.714285715,567637.3048652458,3,10,1,False
Wyoming,2021-03-21,Beverages,13373539,2021-03-21,14429850.0,12380809.0,15464859.0,12833455.714285715,856792.816366192,3,11,1,False
Wyoming,2021-03-28,Beverages,12786513,2021-03-28,13373539.0,12460755.0,14990103.0,12975274.285714285,852280.2078102232,3,12,1,False
Wyoming,2021-04-04,Beverages,13424499,2021-04-04,12786513.0,11857725.0,15331993.0,13021811.142857144,831557.2175552947,4,13,2,False
Wyoming,2021-04-11,Beverages,13322350,2021-04-11,13424499.0,12206507.0,13782139.0,13245636.0,686272.5237572029,4,14,2,False
Wyoming,2021-04-18,Beverages,13013595,2021-04-18,13322350.0,12722268.0,14227153.0,13405042.142857144,540504.2048914662,4,15,2,False
Wyoming,2021-04-25,Beverages,13628281,2021-04-25,13013595.0,13776276.0,13709820.0,13446660.285714285,495687.0290428887,4,16,2,False
Wyoming,2021-05-02,Beverages,14533147,2021-05-02,13628281.0,14429850.0,13837191.0,13425518.142857144,484200.37892403355,5,17,2,False
Wyoming,2021-05-09,Beverages,14375411,2021-05-09,14533147.0,13373539.0,13688789.0,13440274.857142856,515167.78546121187,5,18,2,False
Wyoming,2021-05-16,Beverages,14116462,2021-05-16,14375411.0,12786513.0,13060879.0,13583399.42857143,607620.4596221686,5,19,2,False
Wyoming,2021-05-23,Beverages,14893983,2021-05-23,14116462.0,13424499.0,12396055.0,13773392.142857144,531959.3788604313,5,20,2,False
Wyoming,2021-05-30,Beverages,15279759,2021-05-30,14893983.0,13322350.0,12429956.0,13983318.42857143,633175.6234865811,5,21,2,False
Wyoming,2021-06-06,Beverages,16692900,2021-06-06,15279759.0,13013595.0,13085742.0,14262948.285714285,707400.5214140083,6,22,2,False
Wyoming,2021-06-13,Beverages,16682966,2021-06-13,16692900.0,13628281.0,12346349.0,14788563.285714285,919067.2513502338,6,23,2,False
Wyoming,2021-06-20,Beverages,16736238,2021-06-20,16682966.0,14533147.0,12776668.0,15224946.857142856,987224.4352575754,6,24,2,False
Wyoming,2021-06-27,Beverages,16368765,2021-06-27,16736238.0,14375411.0,11916096.0,15539674.142857144,1064647.870995561,6,25,2,False
Wyoming,2021-07-04,Beverages,17873033,2021-07-04,16368765.0,14116462.0,12267039.0,15824439.0,978232.4760973856,7,26,3,False
Wyoming,2021-07-11,Beverages,16955935,2021-07-11,17873033.0,14893983.0,12499163.0,16361092.0,922895.1564412356,7,27,3,False
Wyoming,2021-07-18,Beverages,17100529,2021-07-18,16955935.0,15279759.0,12978665.0,16655656.57142857,712761.196039438,7,28,3,False
Wyoming,2021-07-25,Beverages,17069849,2021-07-25,17100529.0,16692900.0,12368154.0,16915766.57142857,445199.2369384172,7,29,3,False
Wyoming,2021-08-01,Beverages,16465111,2021-08-01,17069849.0,16682966.0,12255352.0,16969616.42857143,437719.70162376616,8,30,3,False
Wyoming,2021-08-08,Beverages,17021149,2021-08-08,16465111.0,16736238.0,12464569.0,16938494.285714287,463953.0310515252,8,31,3,False
Wyoming,2021-08-15,Beverages,16898618,2021-08-15,17021149.0,16368765.0,12324836.0,16979195.85714286,456867.4043993539,8,32,3,False
Wyoming,2021-08-22,Beverages,16109259,2021-08-22,16898618.0,17873033.0,12243267.0,17054889.14285714,388192.77641238767,8,33,3,False
Wyoming,2021-08-29,Beverages,15228529,2021-08-29,16109259.0,16955935.0,12380809.0,16802921.42857143,345439.3298844636,8,34,3,False
Wyoming,2021-09-05,Beverages,15998475,2021-09-05,15228529.0,17100529.0,12460755.0,16556149.142857144,639678.5748154297,9,35,3,False
Wyoming,2021-09-12,Beverages,14814966,2021-09-12,15998475.0,17069849.0,11857725.0,16398712.857142856,621687.6209019611,9,36,3,False
Wyoming,2021-09-19,Beverages,14998006,2021-09-19,14814966.0,16465111.0,12206507.0,16076586.714285715,759411.6244792616,9,37,3,False
Wyoming,2021-09-26,Beverages,14524620,2021-09-26,14998006.0,17021149.0,12722268.0,15867000.285714285,823046.782832121,9,38,3,False
Wyoming,2021-10-03,Beverages,21168304,2021-10-03,14524620.0,16898618.0,13776276.0,15510353.285714285,785710.6015430881,10,39,4,False
Wyoming,2021-10-10,Beverages,20630874,2021-10-10,21168304.0,16109259.0,14429850.0,16120308.42857143,2131471.6069924016,10,40,4,False
Wyoming,2021-10-17,Beverages,19626614,2021-10-17,20630874.0,15228529.0,13373539.0,16766253.42857143,2651860.898178206,10,41,4,False
Wyoming,2021-10-24,Beverages,19280840,2021-10-24,19626614.0,15998475.0,12786513.0,17394551.285714287,2732877.1432927563,10,42,4,False
Wyoming,2021-10-31,Beverages,19126432,2021-10-31,19280840.0,14814966.0,13424499.0,17863460.57142857,2734704.137897149,10,43,4,False
Wyoming,2021-11-07,Beverages,19442598,2021-11-07,19126432.0,14998006.0,13322350.0,18479384.285714287,2449387.4038051954,11,44,4,False
Wyoming,2021-11-14,Beverages,18964164,2021-11-14,19442598.0,14524620.0,13013595.0,19114326.0,1999364.8850427442,11,45,4,False
Wyoming,2021-11-21,Beverages,19314003,2021-11-21,18964164.0,21168304.0,13628281.0,19748546.57142857,767530.0768450216,11,46,4,False
Wyoming,2021-11-28,Beverages,18555036,2021-11-28,19314003.0,20630874.0,14533147.0,19483646.42857143,507884.8704917878,11,47,4,False
Wyoming,2021-12-05,Beverages,18970923,2021-12-05,18555036.0,19626614.0,14375411.0,19187098.14285714,324307.9045796485,12,48,4,False
Wyoming,2021-12-12,Beverages,19117619,2021-12-12,18970923.0,19280840.0,14116462.0,19093428.0,274738.3568000023,12,49,4,False
Wyoming,2021-12-19,Beverages,19943649,2021-12-19,19117619.0,19126432.0,14893983.0,19070110.714285713,264581.67222074076,12,50,4,False
Wyoming,2021-12-26,Beverages,19421555,2021-12-26,19943649.0,19442598.0,15279759.0,19186856.0,406116.63457559305,12,51,4,False
Wyoming,2022-01-02,Beverages,18558114,2022-01-02,19421555.0,18964164.0,16692900.0,19183849.85714286,404286.2207336944,1,52,1,False
Wyoming,2022-01-09,Beverages,19060213,2022-01-09,18558114.0,19314003.0,16682966.0,19125842.714285713,457299.70239208033,1,1,1,False
Wyoming,2022-01-16,Beverages,19293884,2022-01-16,19060213.0,18555036.0,16736238.0,19089587.0,450961.3149712512,1,2,1,False
Wyoming,2022-01-23,Beverages,18742366,2022-01-23,19293884.0,18970923.0,16368765.0,19195136.714285713,396695.2861743011,1,3,1,False
Wyoming,2022-01-30,Beverages,19087435,2022-01-30,18742366.0,19117619.0,17873033.0,19162485.714285713,422380.49297908123,1,4,1,False
Wyoming,2022-02-06,Beverages,19332637,2022-02-06,19087435.0,19943649.0,16955935.0,19158173.714285713,422970.17797624815,2,5,1,False
Wyoming,2022-02-13,Beverages,18750807,2022-02-13,19332637.0,19421555.0,17100529.0,19070886.285714287,295794.0276345419,2,6,1,False
Wyoming,2022-02-20,Beverages,18726525,2022-02-20,18750807.0,18558114.0,17069849.0,18975065.14285714,274556.5540301599,2,7,1,False
Wyoming,2022-02-27,Beverages,19316739,2022-02-27,18726525.0,19060213.0,16465111.0,18999123.85714286,242469.82271029346,2,8,1,False
Wyoming,2022-03-06,Beverages,20806984,2022-03-06,19316739.0,19293884.0,17021149.0,19035770.42857143,267070.88456880645,3,9,1,False
Wyoming,2022-03-13,Beverages,19684154,2022-03-13,20806984.0,18742366.0,16898618.0,19251927.57142857,680629.4910583043,3,10,1,False
Wyoming,2022-03-20,Beverages,19868982,2022-03-20,19684154.0,19087435.0,16109259.0,19386468.714285713,659356.0695661587,3,11,1,False
Wyoming,2022-03-27,Beverages,19955137,2022-03-27,19868982.0,19332637.0,15228529.0,19498118.285714287,665409.8099586893,3,12,1,False
Wyoming,2022-04-03,Beverages,20758233,2022-04-03,19955137.0,18750807.0,15998475.0,19587046.85714286,678813.6205274602,4,13,2,False
Wyoming,2022-04-10,Beverages,20264842,2022-04-10,20758233.0,18726525.0,14814966.0,19873822.0,688913.7956142,4,14,2,False
Wyoming,2022-04-17,Beverages,20243209,2022-04-17,20264842.0,19316739.0,14998006.0,20093581.57142857,510008.6657611187,4,15,2,False
Wyoming,2022-04-24,Beverages,20089693,2022-04-24,20243209.0,20806984.0,14524620.0,20225934.42857143,399471.9566589451,4,16,2,False
Wyoming,2022-05-01,Beverages,21096833,2022-05-01,20089693.0,19684154.0,21168304.0,20123464.285714287,321711.2992068283,5,17,2,False
Wyoming,2022-05-08,Beverages,21531689,2022-05-08,21096833.0,19868982.0,20630874.0,20325275.57142857,412976.25005791825,5,18,2,False
Wyoming,2022-05-15,Beverages,21616613,2022-05-15,21531689.0,19955137.0,19626614.0,20562805.14285714,540652.1376963751,5,19,2,False
Wyoming,2022-05-22,Beverages,21585248,2022-05-22,21616613.0,20758233.0,19280840.0,20800158.85714286,584688.6920286001,5,20,2,False
Wyoming,2022-05-29,Beverages,22541744,2022-05-29,21585248.0,20264842.0,19126432.0,20918303.85714286,644750.8448630598,5,21,2,False
Wyoming,2022-06-05,Beverages,24100158,2022-06-05,22541744.0,20243209.0,19442598.0,21243575.57142857,790827.7079433388,6,22,2,False
Wyoming,2022-06-12,Beverages,24664630,2022-06-12,24100158.0,20089693.0,18964164.0,21794568.285714287,1159558.927300104,6,23,2,False
Wyoming,2022-06-19,Beverages,24740091,2022-06-19,24664630.0,21096833.0,19314003.0,22448130.714285713,1295745.0095739088,6,24,2,False
Wyoming,2022-06-26,Beverages,24498523,2022-06-26,24740091.0,21531689.0,18555036.0,22968596.14285714,1377553.3441128288,6,25,2,False
Wyoming,2022-07-03,Beverages,26235911,2022-07-03,24498523.0,21616613.0,18970923.0,23392429.57142857,1325685.9753092192,7,26,3,False
Wyoming,2022-07-10,Beverages,25544968,2022-07-10,26235911.0,21585248.0,19117619.0,24052329.285714287,1423561.5218168607,7,27,3,False
Wyoming,2022-07-17,Beverages,25693764,2022-07-17,25544968.0,22541744.0,19943649.0,24618003.57142857,1074859.480730276,7,28,3,False
Wyoming,2022-07-24,Beverages,26000871,2022-07-24,25693764.0,24100158.0,19421555.0,25068292.14285714,708554.7092519798,7,29,3,False
Wyoming,2022-07-31,Beverages,25244641,2022-07-31,26000871.0,24664630.0,18558114.0,25339822.57142857,647044.5582759611,7,30,3,False
Wyoming,2022-08-07,Beverages,25201050,2022-08-07,25244641.0,24740091.0,19060213.0,25422681.285714287,589888.8733187035,8,31,3,False
Wyoming,2022-08-14,Beverages,24566757,2022-08-14,25201050.0,24498523.0,19293884.0,25488532.57142857,532999.3789730999,8,32,3,False
Wyoming,2022-08-21,Beverages,23638624,2022-08-21,24566757.0,26235911.0,18742366.0,25498280.285714287,515128.9010564759,8,33,3,False
Wyoming,2022-08-28,Beverages,22936352,2022-08-28,23638624.0,25544968.0,19087435.0,25127239.285714287,737566.1672499018,8,34,3,False
Wyoming,2022-09-04,Beverages,24172878,2022-09-04,22936352.0,25693764.0,19332637.0,24754579.85714286,1032430.6569277474,9,35,3,False
Wyoming,2022-09-11,Beverages,22719550,2022-09-11,24172878.0,26000871.0,18750807.0,24537310.42857143,970070.6597105811,9,36,3,False
Wyoming,2022-09-18,Beverages,22254099,2022-09-18,22719550.0,25244641.0,18726525.0,24068550.285714287,941985.0258549402,9,37,3,False
Wyoming,2022-09-25,Beverages,21497707,2022-09-25,22254099.0,25201050.0,19316739.0,23641330.0,988705.8218319081,9,38,3,False
Wyoming,2022-10-02,Beverages,21704018,2022-10-02,21497707.0,24566757.0,20806984.0,23112281.0,1003274.4669188011,10,39,4,False
Wyoming,2022-10-09,Beverages,21604743,2022-10-09,21704018.0,23638624.0,19684154.0,22703318.285714287,905764.7378766028,10,40,4,False
Wyoming,2022-10-16,Beverages,20696539,2022-10-16,21604743.0,22936352.0,19868982.0,22412763.85714286,885113.8804968671,10,41,4,False
Wyoming,2022-10-23,Beverages,20298615,2022-10-23,20696539.0,24172878.0,19955137.0,22092790.57142857,1030851.8642421211,10,42,4,False
Wyoming,2022-10-30,Beverages,19606306,2022-10-30,20298615.0,22719550.0,20758233.0,21539324.42857143,773361.6631002919,10,43,4,False
Wyoming,2022-11-06,Beverages,20495111,2022-11-06,19606306.0,22254099.0,20264842.0,21094575.285714287,857374.1539404513,11,44,4,False
Wyoming,2022-11-13,Beverages,19780659,2022-11-13,20495111.0,21497707.0,20243209.0,20843291.285714287,728843.4795896771,11,45,4,False
Wyoming,2022-11-20,Beverages,20184986,2022-11-20,19780659.0,21704018.0,20089693.0,20597998.714285713,755762.4392944069,11,46,4,False
Wyoming,2022-11-27,Beverages,19548922,2022-11-27,20184986.0,21604743.0,21096833.0,20380994.14285714,611310.3030357505,11,47,4,False
Wyoming,2022-12-04,Beverages,19550615,2022-12-04,19548922.0,20696539.0,21531689.0,20087305.42857143,415230.2916035141,12,48,4,False
Wyoming,2022-12-11,Beverages,20143294,2022-12-11,19550615.0,20298615.0,21616613.0,19923602.0,365707.2891457258,12,49,4,False
Wyoming,2022-12-18,Beverages,20651204,2022-12-18,20143294.0,19606306.0,21585248.0,19901413.285714287,346487.7241164749,12,50,4,False
Wyoming,2022-12-25,Beverages,21015453,2022-12-25,20651204.0,20495111.0,22541744.0,20050684.42857143,406992.6091397051,12,51,4,False
Wyoming,2023-01-01,Beverages,19128635,2023-01-01,21015453.0,19780659.0,24100158.0,20125019.0,514654.5175049556,1,52,1,False
Wyoming,2023-01-08,Beverages,19531016,2023-01-08,19128635.0,20184986.0,24664630.0,20031872.714285713,617315.4505921297,1,1,1,False
Wyoming,2023-01-15,Beverages,19876354,2023-01-15,19531016.0,19548922.0,24740091.0,19938448.42857143,636268.7716718627,1,2,1,False
Wyoming,2023-01-22,Beverages,19709727,2023-01-22,19876354.0,19550615.0,24498523.0,19985224.42857143,617677.050257679,1,3,1,False
Wyoming,2023-01-29,Beverages,19594505,2023-01-29,19709727.0,20143294.0,26235911.0,20007954.714285713,604042.4991470426,1,4,1,False
Wyoming,2023-02-05,Beverages,20212000,2023-02-05,19594505.0,20651204.0,25544968.0,19929556.285714287,616866.6369182204,2,5,1,False
Wyoming,2023-02-12,Beverages,20510614,2023-02-12,20212000.0,21015453.0,25693764.0,19866812.85714286,559988.9026456232,2,6,1,False
Wyoming,2023-02-19,Beverages,20096421,2023-02-19,20510614.0,19128635.0,26000871.0,19794693.0,423220.61366312497,2,7,1,False
Wyoming,2023-02-26,Beverages,19972751,2023-02-26,20096421.0,19531016.0,25244641.0,19932948.14285714,331105.28099920775,2,8,1,False
Wyoming,2023-03-05,Beverages,21887585,2023-03-05,19972751.0,19876354.0,25201050.0,19996053.14285714,287743.4577978391,3,9,1,False
Wyoming,2023-03-12,Beverages,21955065,2023-03-12,21887585.0,19709727.0,24566757.0,20283371.85714286,713670.0577466518,3,10,1,False
Wyoming,2023-03-19,Beverages,21499314,2023-03-19,21955065.0,19594505.0,23638624.0,20604134.42857143,871004.6588695958,3,11,1,False
Wyoming,2023-03-26,Beverages,20230807,2023-03-26,21499314.0,20212000.0,22936352.0,20876250.0,808367.8885766257,3,12,1,False
Wyoming,2023-04-02,Beverages,20543373,2023-04-02,20230807.0,20510614.0,24172878.0,20878936.714285713,806184.007503978,4,13,2,False
Wyoming,2023-04-09,Beverages,21188736,2023-04-09,20543373.0,20096421.0,22719550.0,20883616.57142857,804124.7819597269,4,14,2,False
Wyoming,2023-04-16,Beverages,20958790,2023-04-16,21188736.0,19972751.0,22254099.0,21039661.57142857,739622.2354853656,4,15,2,False
Wyoming,2023-04-23,Beverages,21367217,2023-04-23,20958790.0,21887585.0,21497707.0,21180524.285714287,604581.705724429,4,16,2,False
Wyoming,2023-04-30,Beverages,22511772,2023-04-30,21367217.0,21955065.0,21704018.0,21106186.0,541805.0945151609,4,17,2,False
Wyoming,2023-05-07,Beverages,23276821,2023-05-07,22511772.0,21499314.0,21604743.0,21185715.57142857,683025.946038325,5,18,2,False
